{"type":"FeatureCollection","features":[{"type":"Feature","id":1,"geometry":{"type":"Point","coordinates":[77.280909000000065,12.11454800000007]},"properties":{"OBJECTID":1,"SOURCE_ID":1,"gbifID":3759186863,"GiZScore":0.083812574143741589,"GiPValue":0.93320545047956771,"NNeighbors":2,"Gi_Bin":0}},{"type":"Feature","id":2,"geometry":{"type":"Point","coordinates":[80.633630000000039,22.245070000000055]},"properties":{"OBJECTID":2,"SOURCE_ID":2,"gbifID":3903164851,"GiZScore":-1.332027193091488,"GiPValue":0.18285125293882501,"NNeighbors":103,"Gi_Bin":0}},{"type":"Feature","id":3,"geometry":{"type":"Point","coordinates":[79.382360000000062,20.202964000000065]},"properties":{"OBJECTID":3,"SOURCE_ID":3,"gbifID":4177299146,"GiZScore":3.2116450154743963,"GiPValue":0.001319773428778429,"NNeighbors":243,"Gi_Bin":2}},{"type":"Feature","id":4,"geometry":{"type":"Point","coordinates":[79.262964000000068,20.345403000000033]},"properties":{"OBJECTID":4,"SOURCE_ID":4,"gbifID":4177421190,"GiZScore":2.7907707391805698,"GiPValue":0.005258270298076918,"NNeighbors":236,"Gi_Bin":2}},{"type":"Feature","id":5,"geometry":{"type":"Point","coordinates":[81.036037000000078,23.789798000000076]},"properties":{"OBJECTID":5,"SOURCE_ID":5,"gbifID":5062563006,"GiZScore":1.283829256505358,"GiPValue":0.19920170442691923,"NNeighbors":201,"Gi_Bin":0}},{"type":"Feature","id":6,"geometry":{"type":"Point","coordinates":[77.620621000000085,22.916364000000044]},"properties":{"OBJECTID":6,"SOURCE_ID":6,"gbifID":5062586230,"GiZScore":1.5799954085653387,"GiPValue":0.11410791795742946,"NNeighbors":1,"Gi_Bin":0}},{"type":"Feature","id":7,"geometry":{"type":"Point","coordinates":[76.474597000000074,26.120844000000034]},"properties":{"OBJECTID":7,"SOURCE_ID":7,"gbifID":5198830297,"GiZScore":-3.7481614946920985,"GiPValue":0.000178135547313747,"NNeighbors":200,"Gi_Bin":-3}},{"type":"Feature","id":8,"geometry":{"type":"Point","coordinates":[77.307226000000071,12.121716000000049]},"properties":{"OBJECTID":8,"SOURCE_ID":8,"gbifID":3759090791,"GiZScore":0.083812574143741589,"GiPValue":0.93320545047956771,"NNeighbors":2,"Gi_Bin":0}},{"type":"Feature","id":9,"geometry":{"type":"Point","coordinates":[79.333756000000051,21.609281000000067]},"properties":{"OBJECTID":9,"SOURCE_ID":9,"gbifID":3902622107,"GiZScore":0.51677763370160446,"GiPValue":0.60531139704656123,"NNeighbors":100,"Gi_Bin":0}},{"type":"Feature","id":10,"geometry":{"type":"Point","coordinates":[79.341928000000053,21.752022000000068]},"properties":{"OBJECTID":10,"SOURCE_ID":10,"gbifID":3902699524,"GiZScore":-0.13740263044343742,"GiPValue":0.89071255200815314,"NNeighbors":94,"Gi_Bin":0}},{"type":"Feature","id":11,"geometry":{"type":"Point","coordinates":[79.359716000000049,20.200613000000033]},"properties":{"OBJECTID":11,"SOURCE_ID":11,"gbifID":3912249382,"GiZScore":3.2376665640472426,"GiPValue":0.0012051156828724386,"NNeighbors":245,"Gi_Bin":2}},{"type":"Feature","id":12,"geometry":{"type":"Point","coordinates":[76.697123000000033,12.077525000000037]},"properties":{"OBJECTID":12,"SOURCE_ID":12,"gbifID":4512218494,"GiZScore":1.6993710265124993,"GiPValue":0.089249297534035821,"NNeighbors":3,"Gi_Bin":0}},{"type":"Feature","id":13,"geometry":{"type":"Point","coordinates":[78.835692999000059,29.402864000000079]},"properties":{"OBJECTID":13,"SOURCE_ID":13,"gbifID":5153727723,"GiZScore":-0.65866751426784798,"GiPValue":0.51010930222378881,"NNeighbors":62,"Gi_Bin":0}},{"type":"Feature","id":14,"geometry":{"type":"Point","coordinates":[76.430838000000051,25.981638000000032]},"properties":{"OBJECTID":14,"SOURCE_ID":14,"gbifID":5215857741,"GiZScore":-2.9594320493675466,"GiPValue":0.0030820666335743849,"NNeighbors":225,"Gi_Bin":-2}},{"type":"Feature","id":15,"geometry":{"type":"Point","coordinates":[88.885129000000063,21.988144000000034]},"properties":{"OBJECTID":15,"SOURCE_ID":15,"gbifID":3902529156,"GiZScore":1.6024239430859355,"GiPValue":0.10906189373731043,"NNeighbors":51,"Gi_Bin":0}},{"type":"Feature","id":16,"geometry":{"type":"Point","coordinates":[80.607857000000081,22.35353200000003]},"properties":{"OBJECTID":16,"SOURCE_ID":16,"gbifID":3902731013,"GiZScore":-2.1768791310711455,"GiPValue":0.029489586882470213,"NNeighbors":97,"Gi_Bin":-1}},{"type":"Feature","id":17,"geometry":{"type":"Point","coordinates":[79.308809000000053,20.350338000000022]},"properties":{"OBJECTID":17,"SOURCE_ID":17,"gbifID":3912206819,"GiZScore":2.8250034988274368,"GiPValue":0.004728009974758432,"NNeighbors":237,"Gi_Bin":2}},{"type":"Feature","id":18,"geometry":{"type":"Point","coordinates":[79.388353000000052,20.273355000000038]},"properties":{"OBJECTID":18,"SOURCE_ID":18,"gbifID":3912240186,"GiZScore":2.9527918577652663,"GiPValue":0.0031491422120901152,"NNeighbors":250,"Gi_Bin":2}},{"type":"Feature","id":19,"geometry":{"type":"Point","coordinates":[79.300316000000066,20.37174600000003]},"properties":{"OBJECTID":19,"SOURCE_ID":19,"gbifID":3912337325,"GiZScore":2.7907707391805698,"GiPValue":0.005258270298076918,"NNeighbors":236,"Gi_Bin":2}},{"type":"Feature","id":20,"geometry":{"type":"Point","coordinates":[79.376707000000067,20.252553000000034]},"properties":{"OBJECTID":20,"SOURCE_ID":20,"gbifID":3912467339,"GiZScore":3.0489933662991131,"GiPValue":0.0022960955171039952,"NNeighbors":251,"Gi_Bin":2}},{"type":"Feature","id":21,"geometry":{"type":"Point","coordinates":[79.370574000000033,20.223194000000035]},"properties":{"OBJECTID":21,"SOURCE_ID":21,"gbifID":4177293918,"GiZScore":2.8514089186144607,"GiPValue":0.0043525954082517396,"NNeighbors":249,"Gi_Bin":2}},{"type":"Feature","id":22,"geometry":{"type":"Point","coordinates":[79.245851000000073,20.20681600000006]},"properties":{"OBJECTID":22,"SOURCE_ID":22,"gbifID":4177330963,"GiZScore":2.8361836302192223,"GiPValue":0.0045656186994388051,"NNeighbors":238,"Gi_Bin":2}},{"type":"Feature","id":23,"geometry":{"type":"Point","coordinates":[79.273810000000083,20.204666000000032]},"properties":{"OBJECTID":23,"SOURCE_ID":23,"gbifID":4177349133,"GiZScore":2.9566879184873711,"GiPValue":0.0031096267957144521,"NNeighbors":250,"Gi_Bin":2}},{"type":"Feature","id":24,"geometry":{"type":"Point","coordinates":[79.375582000000065,20.299441000000058]},"properties":{"OBJECTID":24,"SOURCE_ID":24,"gbifID":4177425694,"GiZScore":2.9428234508417996,"GiPValue":0.0032523383639806174,"NNeighbors":249,"Gi_Bin":2}},{"type":"Feature","id":25,"geometry":{"type":"Point","coordinates":[77.131474000000082,11.651463000000035]},"properties":{"OBJECTID":25,"SOURCE_ID":25,"gbifID":5062540634,"GiZScore":0.074935299642287914,"GiPValue":0.94026619044949877,"NNeighbors":2,"Gi_Bin":0}},{"type":"Feature","id":26,"geometry":{"type":"Point","coordinates":[76.505238000000077,25.809873000000039]},"properties":{"OBJECTID":26,"SOURCE_ID":26,"gbifID":5133209111,"GiZScore":2.2992054262828034,"GiPValue":0.021493277036426152,"NNeighbors":103,"Gi_Bin":1}},{"type":"Feature","id":27,"geometry":{"type":"Point","coordinates":[79.946305000000052,24.511895000000038]},"properties":{"OBJECTID":27,"SOURCE_ID":27,"gbifID":5827669295,"GiZScore":0.77115934295196598,"GiPValue":0.44061249612983422,"NNeighbors":29,"Gi_Bin":0}},{"type":"Feature","id":28,"geometry":{"type":"Point","coordinates":[79.333345000000065,20.338915000000043]},"properties":{"OBJECTID":28,"SOURCE_ID":28,"gbifID":5837879148,"GiZScore":2.8351458920391295,"GiPValue":0.0045804762834306748,"NNeighbors":238,"Gi_Bin":2}},{"type":"Feature","id":29,"geometry":{"type":"Point","coordinates":[79.301220000000058,20.306040000000053]},"properties":{"OBJECTID":29,"SOURCE_ID":29,"gbifID":5838271310,"GiZScore":3.1041114540779988,"GiPValue":0.0019085142130793394,"NNeighbors":247,"Gi_Bin":2}},{"type":"Feature","id":30,"geometry":{"type":"Point","coordinates":[79.390146000000072,20.340422000000046]},"properties":{"OBJECTID":30,"SOURCE_ID":30,"gbifID":5838290117,"GiZScore":2.9776574568448511,"GiPValue":0.0029046040649525896,"NNeighbors":243,"Gi_Bin":2}},{"type":"Feature","id":31,"geometry":{"type":"Point","coordinates":[79.338682000000063,20.383938000000057]},"properties":{"OBJECTID":31,"SOURCE_ID":31,"gbifID":5838381655,"GiZScore":2.8031319765850449,"GiPValue":0.0050608954946914034,"NNeighbors":236,"Gi_Bin":2}},{"type":"Feature","id":32,"geometry":{"type":"Point","coordinates":[79.303013000000078,20.380081000000075]},"properties":{"OBJECTID":32,"SOURCE_ID":32,"gbifID":5839963599,"GiZScore":2.8031319765850449,"GiPValue":0.0050608954946914034,"NNeighbors":236,"Gi_Bin":2}},{"type":"Feature","id":33,"geometry":{"type":"Point","coordinates":[79.223075000000051,20.324398000000031]},"properties":{"OBJECTID":33,"SOURCE_ID":33,"gbifID":5840271944,"GiZScore":2.956980678981572,"GiPValue":0.0031066758402957077,"NNeighbors":228,"Gi_Bin":2}},{"type":"Feature","id":34,"geometry":{"type":"Point","coordinates":[88.994758000000047,21.979568000000029]},"properties":{"OBJECTID":34,"SOURCE_ID":34,"gbifID":3760186852,"GiZScore":1.6024239430859355,"GiPValue":0.10906189373731043,"NNeighbors":51,"Gi_Bin":0}},{"type":"Feature","id":35,"geometry":{"type":"Point","coordinates":[76.06480700000003,11.925172000000032]},"properties":{"OBJECTID":35,"SOURCE_ID":35,"gbifID":3859728659,"GiZScore":-0.37935971452585326,"GiPValue":0.70442076265050191,"NNeighbors":30,"Gi_Bin":0}},{"type":"Feature","id":36,"geometry":{"type":"Point","coordinates":[81.157714000000055,23.778549000000055]},"properties":{"OBJECTID":36,"SOURCE_ID":36,"gbifID":3903191501,"GiZScore":2.0237931719355426,"GiPValue":0.042991437071882736,"NNeighbors":172,"Gi_Bin":0}},{"type":"Feature","id":37,"geometry":{"type":"Point","coordinates":[80.670521000000065,22.32407500000005]},"properties":{"OBJECTID":37,"SOURCE_ID":37,"gbifID":3903324886,"GiZScore":-1.9643548884811994,"GiPValue":0.049488950476650674,"NNeighbors":100,"Gi_Bin":0}},{"type":"Feature","id":38,"geometry":{"type":"Point","coordinates":[76.631521000000077,12.01690300000007]},"properties":{"OBJECTID":38,"SOURCE_ID":38,"gbifID":3966391232,"GiZScore":0.98496297692458468,"GiPValue":0.32464226988740308,"NNeighbors":4,"Gi_Bin":0}},{"type":"Feature","id":39,"geometry":{"type":"Point","coordinates":[79.389644000000033,20.319072000000062]},"properties":{"OBJECTID":39,"SOURCE_ID":39,"gbifID":4177322946,"GiZScore":2.8279634978042805,"GiPValue":0.0046845147604008255,"NNeighbors":249,"Gi_Bin":2}},{"type":"Feature","id":40,"geometry":{"type":"Point","coordinates":[79.316533000000049,20.332752000000028]},"properties":{"OBJECTID":40,"SOURCE_ID":40,"gbifID":4177388890,"GiZScore":2.8856242475767533,"GiPValue":0.0039063823549913852,"NNeighbors":243,"Gi_Bin":2}},{"type":"Feature","id":41,"geometry":{"type":"Point","coordinates":[79.383383000000038,20.348645000000033]},"properties":{"OBJECTID":41,"SOURCE_ID":41,"gbifID":4177437311,"GiZScore":2.8351458920391295,"GiPValue":0.0045804762834306748,"NNeighbors":238,"Gi_Bin":2}},{"type":"Feature","id":42,"geometry":{"type":"Point","coordinates":[79.175334000000078,29.466671000000076]},"properties":{"OBJECTID":42,"SOURCE_ID":42,"gbifID":4847204991,"GiZScore":-0.47710359446045453,"GiPValue":0.63328835686858209,"NNeighbors":44,"Gi_Bin":0}},{"type":"Feature","id":43,"geometry":{"type":"Point","coordinates":[79.064665000000048,29.556724000000031]},"properties":{"OBJECTID":43,"SOURCE_ID":43,"gbifID":4901747602,"GiZScore":-0.1957461009940511,"GiPValue":0.84480889908081824,"NNeighbors":84,"Gi_Bin":0}},{"type":"Feature","id":44,"geometry":{"type":"Point","coordinates":[79.275257000000067,20.300546000000054]},"properties":{"OBJECTID":44,"SOURCE_ID":44,"gbifID":5217116334,"GiZScore":3.055381482680037,"GiPValue":0.0022477441992672649,"NNeighbors":242,"Gi_Bin":2}},{"type":"Feature","id":45,"geometry":{"type":"Point","coordinates":[80.17451600000004,28.742662000000053]},"properties":{"OBJECTID":45,"SOURCE_ID":45,"gbifID":5292396457,"GiZScore":1.3097455459492728,"GiPValue":0.19028193009820901,"NNeighbors":3,"Gi_Bin":0}},{"type":"Feature","id":47,"geometry":{"type":"Point","coordinates":[81.193511000000058,23.681217000000061]},"properties":{"OBJECTID":47,"SOURCE_ID":47,"gbifID":3802456951,"GiZScore":2.0374309812933391,"GiPValue":0.041606871831679701,"NNeighbors":167,"Gi_Bin":0}},{"type":"Feature","id":48,"geometry":{"type":"Point","coordinates":[81.19670300000007,23.654231000000038]},"properties":{"OBJECTID":48,"SOURCE_ID":48,"gbifID":3802473038,"GiZScore":2.3187358027575233,"GiPValue":0.020409365971959029,"NNeighbors":166,"Gi_Bin":1}},{"type":"Feature","id":49,"geometry":{"type":"Point","coordinates":[81.101565000000051,23.739125000000058]},"properties":{"OBJECTID":49,"SOURCE_ID":49,"gbifID":3802491822,"GiZScore":1.7079900026129866,"GiPValue":0.087638197520460592,"NNeighbors":191,"Gi_Bin":0}},{"type":"Feature","id":50,"geometry":{"type":"Point","coordinates":[81.017034000000081,23.704617000000042]},"properties":{"OBJECTID":50,"SOURCE_ID":50,"gbifID":3802496963,"GiZScore":1.021300697982737,"GiPValue":0.30711201003097366,"NNeighbors":208,"Gi_Bin":0}},{"type":"Feature","id":51,"geometry":{"type":"Point","coordinates":[81.058659000000034,23.661688000000026]},"properties":{"OBJECTID":51,"SOURCE_ID":51,"gbifID":3802523848,"GiZScore":1.2309822316749901,"GiPValue":0.21832953321829929,"NNeighbors":200,"Gi_Bin":0}},{"type":"Feature","id":52,"geometry":{"type":"Point","coordinates":[81.178598000000079,23.733491000000072]},"properties":{"OBJECTID":52,"SOURCE_ID":52,"gbifID":3802528919,"GiZScore":1.9503734119820009,"GiPValue":0.051131628491577,"NNeighbors":169,"Gi_Bin":0}},{"type":"Feature","id":53,"geometry":{"type":"Point","coordinates":[81.01112100000006,23.682377000000031]},"properties":{"OBJECTID":53,"SOURCE_ID":53,"gbifID":3802545014,"GiZScore":1.021300697982737,"GiPValue":0.30711201003097366,"NNeighbors":208,"Gi_Bin":0}},{"type":"Feature","id":54,"geometry":{"type":"Point","coordinates":[81.034503000000029,23.738336000000061]},"properties":{"OBJECTID":54,"SOURCE_ID":54,"gbifID":3802570976,"GiZScore":0.99277604054770419,"GiPValue":0.32081912167972149,"NNeighbors":206,"Gi_Bin":0}},{"type":"Feature","id":55,"geometry":{"type":"Point","coordinates":[81.11747500000007,23.702434000000039]},"properties":{"OBJECTID":55,"SOURCE_ID":55,"gbifID":3802579007,"GiZScore":1.8544734372538727,"GiPValue":0.063671456950696911,"NNeighbors":186,"Gi_Bin":0}},{"type":"Feature","id":56,"geometry":{"type":"Point","coordinates":[81.141102000000046,23.756461000000058]},"properties":{"OBJECTID":56,"SOURCE_ID":56,"gbifID":3802636781,"GiZScore":1.7605005467627508,"GiPValue":0.07832297488470244,"NNeighbors":181,"Gi_Bin":0}},{"type":"Feature","id":57,"geometry":{"type":"Point","coordinates":[81.025855000000035,23.728728000000046]},"properties":{"OBJECTID":57,"SOURCE_ID":57,"gbifID":3802649867,"GiZScore":0.91551857513806412,"GiPValue":0.35991946603810143,"NNeighbors":207,"Gi_Bin":0}},{"type":"Feature","id":58,"geometry":{"type":"Point","coordinates":[81.146916000000033,23.73579600000005]},"properties":{"OBJECTID":58,"SOURCE_ID":58,"gbifID":3802728637,"GiZScore":1.8630358315519411,"GiPValue":0.062457225154962652,"NNeighbors":181,"Gi_Bin":0}},{"type":"Feature","id":59,"geometry":{"type":"Point","coordinates":[81.017676000000051,23.747912000000042]},"properties":{"OBJECTID":59,"SOURCE_ID":59,"gbifID":3802729534,"GiZScore":1.0026325735041159,"GiPValue":0.31603818688400509,"NNeighbors":207,"Gi_Bin":0}},{"type":"Feature","id":60,"geometry":{"type":"Point","coordinates":[81.137188000000037,23.642300000000034]},"properties":{"OBJECTID":60,"SOURCE_ID":60,"gbifID":3802738005,"GiZScore":1.9629904741823319,"GiPValue":0.049647280910026945,"NNeighbors":180,"Gi_Bin":0}},{"type":"Feature","id":61,"geometry":{"type":"Point","coordinates":[81.015046000000041,23.753765000000044]},"properties":{"OBJECTID":61,"SOURCE_ID":61,"gbifID":3802754038,"GiZScore":1.0026325735041159,"GiPValue":0.31603818688400509,"NNeighbors":207,"Gi_Bin":0}},{"type":"Feature","id":62,"geometry":{"type":"Point","coordinates":[81.057640000000049,23.751228000000026]},"properties":{"OBJECTID":62,"SOURCE_ID":62,"gbifID":3802764998,"GiZScore":1.2931141456042601,"GiPValue":0.19597158340127169,"NNeighbors":198,"Gi_Bin":0}},{"type":"Feature","id":63,"geometry":{"type":"Point","coordinates":[79.339980000000082,20.381187000000068]},"properties":{"OBJECTID":63,"SOURCE_ID":63,"gbifID":3860518854,"GiZScore":2.8031319765850449,"GiPValue":0.0050608954946914034,"NNeighbors":236,"Gi_Bin":2}},{"type":"Feature","id":64,"geometry":{"type":"Point","coordinates":[80.600922000000082,22.195234000000028]},"properties":{"OBJECTID":64,"SOURCE_ID":64,"gbifID":3912197273,"GiZScore":-1.1507961211846933,"GiPValue":0.24981614046114031,"NNeighbors":106,"Gi_Bin":0}},{"type":"Feature","id":65,"geometry":{"type":"Point","coordinates":[80.672689000000048,22.010372000000075]},"properties":{"OBJECTID":65,"SOURCE_ID":65,"gbifID":3912307595,"GiZScore":1.4477554296844364,"GiPValue":0.14768546179239936,"NNeighbors":74,"Gi_Bin":0}},{"type":"Feature","id":66,"geometry":{"type":"Point","coordinates":[80.784834000000046,22.06090800000004]},"properties":{"OBJECTID":66,"SOURCE_ID":66,"gbifID":3912439746,"GiZScore":0.42971142827155645,"GiPValue":0.66740557033526038,"NNeighbors":78,"Gi_Bin":0}},{"type":"Feature","id":67,"geometry":{"type":"Point","coordinates":[80.719624000000067,22.013181000000031]},"properties":{"OBJECTID":67,"SOURCE_ID":67,"gbifID":3912446816,"GiZScore":1.297460862616632,"GiPValue":0.19447266291818352,"NNeighbors":74,"Gi_Bin":0}},{"type":"Feature","id":68,"geometry":{"type":"Point","coordinates":[79.328606000000036,20.256869000000052]},"properties":{"OBJECTID":68,"SOURCE_ID":68,"gbifID":3912451776,"GiZScore":3.0489933662991131,"GiPValue":0.0022960955171039952,"NNeighbors":251,"Gi_Bin":2}},{"type":"Feature","id":69,"geometry":{"type":"Point","coordinates":[76.085861000000079,11.927693000000033]},"properties":{"OBJECTID":69,"SOURCE_ID":69,"gbifID":3915630986,"GiZScore":-0.42683988275980939,"GiPValue":0.66949595631401371,"NNeighbors":31,"Gi_Bin":0}},{"type":"Feature","id":70,"geometry":{"type":"Point","coordinates":[76.53000000000003,26.14901100000003]},"properties":{"OBJECTID":70,"SOURCE_ID":70,"gbifID":4846780886,"GiZScore":-4.1160522777604047,"GiPValue":3.854169219426316e-05,"NNeighbors":196,"Gi_Bin":-3}},{"type":"Feature","id":71,"geometry":{"type":"Point","coordinates":[76.510461000000078,26.031089000000065]},"properties":{"OBJECTID":71,"SOURCE_ID":71,"gbifID":4846868515,"GiZScore":-2.9223551215623051,"GiPValue":0.0034739519822031364,"NNeighbors":216,"Gi_Bin":-2}},{"type":"Feature","id":72,"geometry":{"type":"Point","coordinates":[76.425721000000067,26.160027000000071]},"properties":{"OBJECTID":72,"SOURCE_ID":72,"gbifID":4847033786,"GiZScore":-4.8730576391402405,"GiPValue":1.0988414626980771e-06,"NNeighbors":196,"Gi_Bin":-3}},{"type":"Feature","id":73,"geometry":{"type":"Point","coordinates":[76.404356000000064,26.077122000000031]},"properties":{"OBJECTID":73,"SOURCE_ID":73,"gbifID":4847132552,"GiZScore":-4.0765345380622939,"GiPValue":4.5711868400093754e-05,"NNeighbors":211,"Gi_Bin":-3}},{"type":"Feature","id":74,"geometry":{"type":"Point","coordinates":[76.598856000000069,26.121735000000058]},"properties":{"OBJECTID":74,"SOURCE_ID":74,"gbifID":4974010763,"GiZScore":-3.7345518912627917,"GiPValue":0.00018804971645455885,"NNeighbors":196,"Gi_Bin":-3}},{"type":"Feature","id":75,"geometry":{"type":"Point","coordinates":[80.605946000000074,22.376851000000045]},"properties":{"OBJECTID":75,"SOURCE_ID":75,"gbifID":5104259708,"GiZScore":-2.047020952112018,"GiPValue":0.040656027392807194,"NNeighbors":98,"Gi_Bin":0}},{"type":"Feature","id":76,"geometry":{"type":"Point","coordinates":[80.755210000000034,22.385184000000038]},"properties":{"OBJECTID":76,"SOURCE_ID":76,"gbifID":5230344331,"GiZScore":-2.2519792622846917,"GiPValue":0.024323582549030092,"NNeighbors":80,"Gi_Bin":-1}},{"type":"Feature","id":77,"geometry":{"type":"Point","coordinates":[79.221827000000076,21.710889000000066]},"properties":{"OBJECTID":77,"SOURCE_ID":77,"gbifID":5868099569,"GiZScore":-0.017991348084369498,"GiPValue":0.98564575552242728,"NNeighbors":93,"Gi_Bin":0}},{"type":"Feature","id":78,"geometry":{"type":"Point","coordinates":[79.325211000000081,21.627800000000036]},"properties":{"OBJECTID":78,"SOURCE_ID":78,"gbifID":3858477115,"GiZScore":0.51677763370160446,"GiPValue":0.60531139704656123,"NNeighbors":100,"Gi_Bin":0}},{"type":"Feature","id":79,"geometry":{"type":"Point","coordinates":[79.24090700000005,21.720998000000066]},"properties":{"OBJECTID":79,"SOURCE_ID":79,"gbifID":3858505141,"GiZScore":-0.10687798067258074,"GiPValue":0.91488578200661308,"NNeighbors":92,"Gi_Bin":0}},{"type":"Feature","id":80,"geometry":{"type":"Point","coordinates":[79.309495000000084,21.643827000000044]},"properties":{"OBJECTID":80,"SOURCE_ID":80,"gbifID":3858741116,"GiZScore":0.43335388693418536,"GiPValue":0.66475769679756969,"NNeighbors":99,"Gi_Bin":0}},{"type":"Feature","id":81,"geometry":{"type":"Point","coordinates":[79.210616000000073,21.638732000000061]},"properties":{"OBJECTID":81,"SOURCE_ID":81,"gbifID":3859433070,"GiZScore":0.3491671373653471,"GiPValue":0.72696383666384956,"NNeighbors":98,"Gi_Bin":0}},{"type":"Feature","id":82,"geometry":{"type":"Point","coordinates":[79.218958000000043,21.796730000000025]},"properties":{"OBJECTID":82,"SOURCE_ID":82,"gbifID":3859523098,"GiZScore":-0.44996136103139062,"GiPValue":0.65273830296924085,"NNeighbors":89,"Gi_Bin":0}},{"type":"Feature","id":83,"geometry":{"type":"Point","coordinates":[78.653597000000048,29.769792000000052]},"properties":{"OBJECTID":83,"SOURCE_ID":83,"gbifID":3859968162,"GiZScore":-2.2051240168365251,"GiPValue":0.027445393195318975,"NNeighbors":13,"Gi_Bin":-1}},{"type":"Feature","id":84,"geometry":{"type":"Point","coordinates":[79.149535000000071,29.521672000000024]},"properties":{"OBJECTID":84,"SOURCE_ID":84,"gbifID":3888948945,"GiZScore":-0.17084439741625354,"GiPValue":0.86434611821830964,"NNeighbors":49,"Gi_Bin":0}},{"type":"Feature","id":85,"geometry":{"type":"Point","coordinates":[76.575548000000083,26.09661600000004]},"properties":{"OBJECTID":85,"SOURCE_ID":85,"gbifID":3888961902,"GiZScore":-3.5545375794316802,"GiPValue":0.00037864439623730688,"NNeighbors":201,"Gi_Bin":-3}},{"type":"Feature","id":86,"geometry":{"type":"Point","coordinates":[76.505505000000085,26.059459000000061]},"properties":{"OBJECTID":86,"SOURCE_ID":86,"gbifID":3888965288,"GiZScore":-3.1933228317503022,"GiPValue":0.0014064561265148996,"NNeighbors":212,"Gi_Bin":-2}},{"type":"Feature","id":87,"geometry":{"type":"Point","coordinates":[76.515321000000029,26.154647000000068]},"properties":{"OBJECTID":87,"SOURCE_ID":87,"gbifID":3889011058,"GiZScore":-4.328990204637007,"GiPValue":1.497945953171682e-05,"NNeighbors":196,"Gi_Bin":-3}},{"type":"Feature","id":88,"geometry":{"type":"Point","coordinates":[76.572170000000085,26.150699000000031]},"properties":{"OBJECTID":88,"SOURCE_ID":88,"gbifID":3889011932,"GiZScore":-4.1915821962463156,"GiPValue":2.7701578943596915e-05,"NNeighbors":191,"Gi_Bin":-3}},{"type":"Feature","id":89,"geometry":{"type":"Point","coordinates":[76.546428000000049,26.004643000000044]},"properties":{"OBJECTID":89,"SOURCE_ID":89,"gbifID":3889077640,"GiZScore":-2.619189535607116,"GiPValue":0.0088138961143766677,"NNeighbors":217,"Gi_Bin":-2}},{"type":"Feature","id":90,"geometry":{"type":"Point","coordinates":[80.734309000000053,22.297653000000025]},"properties":{"OBJECTID":90,"SOURCE_ID":90,"gbifID":3903164815,"GiZScore":-1.96421410618589,"GiPValue":0.049505267624151958,"NNeighbors":94,"Gi_Bin":0}},{"type":"Feature","id":91,"geometry":{"type":"Point","coordinates":[76.148000000000081,11.629842000000053]},"properties":{"OBJECTID":91,"SOURCE_ID":91,"gbifID":4062774529,"GiZScore":0.4134998300344046,"GiPValue":0.67924044799537997,"NNeighbors":1,"Gi_Bin":0}},{"type":"Feature","id":92,"geometry":{"type":"Point","coordinates":[76.496328000000062,25.950453000000039]},"properties":{"OBJECTID":92,"SOURCE_ID":92,"gbifID":5231928344,"GiZScore":-2.6311560949272819,"GiPValue":0.0085094941864379409,"NNeighbors":209,"Gi_Bin":-2}},{"type":"Feature","id":93,"geometry":{"type":"Point","coordinates":[76.591673000000071,26.028402000000028]},"properties":{"OBJECTID":93,"SOURCE_ID":93,"gbifID":3872938196,"GiZScore":-2.7595736635366142,"GiPValue":0.005787683723901091,"NNeighbors":208,"Gi_Bin":-2}},{"type":"Feature","id":94,"geometry":{"type":"Point","coordinates":[76.09730600000006,11.887775000000033]},"properties":{"OBJECTID":94,"SOURCE_ID":94,"gbifID":3873313929,"GiZScore":-0.59531091394505187,"GiPValue":0.55163566499109262,"NNeighbors":31,"Gi_Bin":0}},{"type":"Feature","id":95,"geometry":{"type":"Point","coordinates":[82.952372000000082,17.63399000000004]},"properties":{"OBJECTID":95,"SOURCE_ID":95,"gbifID":3961366605,"GiZScore":0.29518565661986379,"GiPValue":0.76785205883028029,"NNeighbors":1,"Gi_Bin":0}},{"type":"Feature","id":96,"geometry":{"type":"Point","coordinates":[77.246597000000065,23.275259000000062]},"properties":{"OBJECTID":96,"SOURCE_ID":96,"gbifID":3923403708,"GiZScore":0.25089376500223881,"GiPValue":0.80189624531726689,"NNeighbors":1,"Gi_Bin":0}},{"type":"Feature","id":97,"geometry":{"type":"Point","coordinates":[81.021652000000074,23.546186000000034]},"properties":{"OBJECTID":97,"SOURCE_ID":97,"gbifID":3961079352,"GiZScore":1.4091611873865508,"GiPValue":0.15878751148716866,"NNeighbors":176,"Gi_Bin":0}},{"type":"Feature","id":98,"geometry":{"type":"Point","coordinates":[76.469465000000071,26.069403000000023]},"properties":{"OBJECTID":98,"SOURCE_ID":98,"gbifID":3961120779,"GiZScore":-3.5429060859349097,"GiPValue":0.00039574360740629529,"NNeighbors":213,"Gi_Bin":-3}},{"type":"Feature","id":99,"geometry":{"type":"Point","coordinates":[76.42121700000007,26.185827000000074]},"properties":{"OBJECTID":99,"SOURCE_ID":99,"gbifID":3961239755,"GiZScore":-5.1053203181426383,"GiPValue":3.3023464566704769e-07,"NNeighbors":189,"Gi_Bin":-3}},{"type":"Feature","id":100,"geometry":{"type":"Point","coordinates":[79.274308000000076,20.356792000000041]},"properties":{"OBJECTID":100,"SOURCE_ID":100,"gbifID":3963380793,"GiZScore":2.7907707391805698,"GiPValue":0.005258270298076918,"NNeighbors":236,"Gi_Bin":2}},{"type":"Feature","id":101,"geometry":{"type":"Point","coordinates":[76.480765000000076,25.938126000000068]},"properties":{"OBJECTID":101,"SOURCE_ID":101,"gbifID":4015220831,"GiZScore":-2.5338071113533718,"GiPValue":0.0112830820991281,"NNeighbors":202,"Gi_Bin":-2}},{"type":"Feature","id":102,"geometry":{"type":"Point","coordinates":[76.225044000000082,25.814671000000033]},"properties":{"OBJECTID":102,"SOURCE_ID":102,"gbifID":5868116994,"GiZScore":-0.094272768925432418,"GiPValue":0.92489248081418196,"NNeighbors":20,"Gi_Bin":0}},{"type":"Feature","id":103,"geometry":{"type":"Point","coordinates":[76.515733000000068,26.185429000000056]},"properties":{"OBJECTID":103,"SOURCE_ID":103,"gbifID":4015010126,"GiZScore":-4.4890949883159248,"GiPValue":7.152639982492118e-06,"NNeighbors":188,"Gi_Bin":-3}},{"type":"Feature","id":104,"geometry":{"type":"Point","coordinates":[80.719904000000042,22.202735000000075]},"properties":{"OBJECTID":104,"SOURCE_ID":104,"gbifID":4015058402,"GiZScore":-1.8722687171618291,"GiPValue":0.061169436393218715,"NNeighbors":90,"Gi_Bin":0}},{"type":"Feature","id":105,"geometry":{"type":"Point","coordinates":[79.321946000000082,20.149108000000069]},"properties":{"OBJECTID":105,"SOURCE_ID":105,"gbifID":4028636159,"GiZScore":2.8809132677295906,"GiPValue":0.0039652473879498874,"NNeighbors":205,"Gi_Bin":2}},{"type":"Feature","id":106,"geometry":{"type":"Point","coordinates":[79.395689000000061,20.369963000000041]},"properties":{"OBJECTID":106,"SOURCE_ID":106,"gbifID":4029132501,"GiZScore":2.6863241969112561,"GiPValue":0.0072242954549245749,"NNeighbors":234,"Gi_Bin":2}},{"type":"Feature","id":107,"geometry":{"type":"Point","coordinates":[79.200113000000044,20.035143000000062]},"properties":{"OBJECTID":107,"SOURCE_ID":107,"gbifID":4029176726,"GiZScore":0.38964053784622732,"GiPValue":0.69680237267286893,"NNeighbors":28,"Gi_Bin":0}},{"type":"Feature","id":108,"geometry":{"type":"Point","coordinates":[76.353831000000071,11.916807000000063]},"properties":{"OBJECTID":108,"SOURCE_ID":108,"gbifID":4596844991,"GiZScore":0.37579893305277839,"GiPValue":0.70706638187313642,"NNeighbors":22,"Gi_Bin":0}},{"type":"Feature","id":109,"geometry":{"type":"Point","coordinates":[79.217805000000055,20.033188000000052]},"properties":{"OBJECTID":109,"SOURCE_ID":109,"gbifID":5206186352,"GiZScore":-0.20005901068383089,"GiPValue":0.84143443011704622,"NNeighbors":38,"Gi_Bin":0}},{"type":"Feature","id":110,"geometry":{"type":"Point","coordinates":[76.504682000000059,26.01389800000004]},"properties":{"OBJECTID":110,"SOURCE_ID":110,"gbifID":3887845373,"GiZScore":-2.8513916029555211,"GiPValue":0.0043528324730314465,"NNeighbors":219,"Gi_Bin":-2}},{"type":"Feature","id":111,"geometry":{"type":"Point","coordinates":[79.355913000000044,20.39418900000004]},"properties":{"OBJECTID":111,"SOURCE_ID":111,"gbifID":3044735068,"GiZScore":2.7405499181455917,"GiPValue":0.0061336464063010271,"NNeighbors":235,"Gi_Bin":2}},{"type":"Feature","id":112,"geometry":{"type":"Point","coordinates":[78.892366000000038,29.563036000000068]},"properties":{"OBJECTID":112,"SOURCE_ID":112,"gbifID":3887845308,"GiZScore":-1.2853145221684354,"GiPValue":0.19868239745873972,"NNeighbors":101,"Gi_Bin":0}},{"type":"Feature","id":113,"geometry":{"type":"Point","coordinates":[79.069799000000046,29.534069000000045]},"properties":{"OBJECTID":113,"SOURCE_ID":113,"gbifID":3887845335,"GiZScore":-0.11901161079157023,"GiPValue":0.90526615709797553,"NNeighbors":83,"Gi_Bin":0}},{"type":"Feature","id":114,"geometry":{"type":"Point","coordinates":[78.892366000000038,29.563036000000068]},"properties":{"OBJECTID":114,"SOURCE_ID":114,"gbifID":3887845340,"GiZScore":-1.2853145221684354,"GiPValue":0.19868239745873972,"NNeighbors":101,"Gi_Bin":0}},{"type":"Feature","id":115,"geometry":{"type":"Point","coordinates":[79.069799000000046,29.534069000000045]},"properties":{"OBJECTID":115,"SOURCE_ID":115,"gbifID":3887845348,"GiZScore":-0.11901161079157023,"GiPValue":0.90526615709797553,"NNeighbors":83,"Gi_Bin":0}},{"type":"Feature","id":116,"geometry":{"type":"Point","coordinates":[76.451299000000063,27.347621000000061]},"properties":{"OBJECTID":116,"SOURCE_ID":116,"gbifID":3887845383,"GiZScore":0.55522228611448721,"GiPValue":0.57874262963670464,"NNeighbors":7,"Gi_Bin":0}},{"type":"Feature","id":117,"geometry":{"type":"Point","coordinates":[79.400000000000034,20.266660000000059]},"properties":{"OBJECTID":117,"SOURCE_ID":117,"gbifID":3887845524,"GiZScore":2.9527918577652663,"GiPValue":0.0031491422120901152,"NNeighbors":250,"Gi_Bin":2}},{"type":"Feature","id":118,"geometry":{"type":"Point","coordinates":[79.317614000000049,20.405937000000051]},"properties":{"OBJECTID":118,"SOURCE_ID":118,"gbifID":3887845575,"GiZScore":2.8031319765850449,"GiPValue":0.0050608954946914034,"NNeighbors":236,"Gi_Bin":2}},{"type":"Feature","id":119,"geometry":{"type":"Point","coordinates":[79.317614000000049,20.405937000000051]},"properties":{"OBJECTID":119,"SOURCE_ID":119,"gbifID":3887845576,"GiZScore":2.8031319765850449,"GiPValue":0.0050608954946914034,"NNeighbors":236,"Gi_Bin":2}},{"type":"Feature","id":120,"geometry":{"type":"Point","coordinates":[79.941659000000072,24.590517000000034]},"properties":{"OBJECTID":120,"SOURCE_ID":120,"gbifID":3887845595,"GiZScore":1.0225497697054993,"GiPValue":0.3065207836973225,"NNeighbors":34,"Gi_Bin":0}},{"type":"Feature","id":121,"geometry":{"type":"Point","coordinates":[78.451924000000076,19.915736000000038]},"properties":{"OBJECTID":121,"SOURCE_ID":121,"gbifID":3887845644,"GiZScore":-1.1944384296785482,"GiPValue":0.23230653333381401,"NNeighbors":16,"Gi_Bin":0}},{"type":"Feature","id":122,"geometry":{"type":"Point","coordinates":[79.348918000000083,21.656020000000069]},"properties":{"OBJECTID":122,"SOURCE_ID":122,"gbifID":3887845658,"GiZScore":0.28134208575233816,"GiPValue":0.77844803389944628,"NNeighbors":98,"Gi_Bin":0}},{"type":"Feature","id":123,"geometry":{"type":"Point","coordinates":[79.069799000000046,29.534069000000045]},"properties":{"OBJECTID":123,"SOURCE_ID":123,"gbifID":3887845890,"GiZScore":-0.11901161079157023,"GiPValue":0.90526615709797553,"NNeighbors":83,"Gi_Bin":0}},{"type":"Feature","id":124,"geometry":{"type":"Point","coordinates":[88.867629000000079,21.904322000000036]},"properties":{"OBJECTID":124,"SOURCE_ID":124,"gbifID":3887845931,"GiZScore":1.6024239430859355,"GiPValue":0.10906189373731043,"NNeighbors":51,"Gi_Bin":0}},{"type":"Feature","id":125,"geometry":{"type":"Point","coordinates":[88.867629000000079,21.904322000000036]},"properties":{"OBJECTID":125,"SOURCE_ID":125,"gbifID":3887845935,"GiZScore":1.6024239430859355,"GiPValue":0.10906189373731043,"NNeighbors":51,"Gi_Bin":0}},{"type":"Feature","id":126,"geometry":{"type":"Point","coordinates":[80.642733000000078,21.939914000000044]},"properties":{"OBJECTID":126,"SOURCE_ID":126,"gbifID":3887845960,"GiZScore":1.8110436804545853,"GiPValue":0.070134090409702574,"NNeighbors":61,"Gi_Bin":0}},{"type":"Feature","id":127,"geometry":{"type":"Point","coordinates":[88.867629000000079,21.904322000000036]},"properties":{"OBJECTID":127,"SOURCE_ID":127,"gbifID":3887845982,"GiZScore":1.6024239430859355,"GiPValue":0.10906189373731043,"NNeighbors":51,"Gi_Bin":0}},{"type":"Feature","id":128,"geometry":{"type":"Point","coordinates":[88.867629000000079,21.904322000000036]},"properties":{"OBJECTID":128,"SOURCE_ID":128,"gbifID":3887845983,"GiZScore":1.6024239430859355,"GiPValue":0.10906189373731043,"NNeighbors":51,"Gi_Bin":0}},{"type":"Feature","id":129,"geometry":{"type":"Point","coordinates":[88.867629000000079,21.904322000000036]},"properties":{"OBJECTID":129,"SOURCE_ID":129,"gbifID":3887845984,"GiZScore":1.6024239430859355,"GiPValue":0.10906189373731043,"NNeighbors":51,"Gi_Bin":0}},{"type":"Feature","id":130,"geometry":{"type":"Point","coordinates":[79.475257000000056,20.86691600000006]},"properties":{"OBJECTID":130,"SOURCE_ID":130,"gbifID":3887846209,"GiZScore":0.70070575753147502,"GiPValue":0.48348666715354116,"NNeighbors":21,"Gi_Bin":0}},{"type":"Feature","id":131,"geometry":{"type":"Point","coordinates":[79.601912000000084,20.84517500000004]},"properties":{"OBJECTID":131,"SOURCE_ID":131,"gbifID":3887846267,"GiZScore":0.70070575753147502,"GiPValue":0.48348666715354116,"NNeighbors":21,"Gi_Bin":0}},{"type":"Feature","id":132,"geometry":{"type":"Point","coordinates":[79.30414600000006,21.715522000000078]},"properties":{"OBJECTID":132,"SOURCE_ID":132,"gbifID":3887846342,"GiZScore":0.041631534133235851,"GiPValue":0.96679243442094409,"NNeighbors":96,"Gi_Bin":0}},{"type":"Feature","id":133,"geometry":{"type":"Point","coordinates":[79.400000000000034,20.266660000000059]},"properties":{"OBJECTID":133,"SOURCE_ID":133,"gbifID":3887846543,"GiZScore":2.9527918577652663,"GiPValue":0.0031491422120901152,"NNeighbors":250,"Gi_Bin":2}},{"type":"Feature","id":134,"geometry":{"type":"Point","coordinates":[79.298564000000056,20.427700000000073]},"properties":{"OBJECTID":134,"SOURCE_ID":134,"gbifID":3887846549,"GiZScore":2.3406097695287396,"GiPValue":0.019252278021361223,"NNeighbors":220,"Gi_Bin":1}},{"type":"Feature","id":135,"geometry":{"type":"Point","coordinates":[79.317614000000049,20.405937000000051]},"properties":{"OBJECTID":135,"SOURCE_ID":135,"gbifID":3887846552,"GiZScore":2.8031319765850449,"GiPValue":0.0050608954946914034,"NNeighbors":236,"Gi_Bin":2}},{"type":"Feature","id":136,"geometry":{"type":"Point","coordinates":[81.023449000000085,23.722507000000064]},"properties":{"OBJECTID":136,"SOURCE_ID":136,"gbifID":3887846611,"GiZScore":0.91551857513806412,"GiPValue":0.35991946603810143,"NNeighbors":207,"Gi_Bin":0}},{"type":"Feature","id":137,"geometry":{"type":"Point","coordinates":[81.023449000000085,23.722507000000064]},"properties":{"OBJECTID":137,"SOURCE_ID":137,"gbifID":3887846614,"GiZScore":0.91551857513806412,"GiPValue":0.35991946603810143,"NNeighbors":207,"Gi_Bin":0}},{"type":"Feature","id":138,"geometry":{"type":"Point","coordinates":[81.017718000000059,23.722092000000032]},"properties":{"OBJECTID":138,"SOURCE_ID":138,"gbifID":3887846635,"GiZScore":1.021300697982737,"GiPValue":0.30711201003097366,"NNeighbors":208,"Gi_Bin":0}},{"type":"Feature","id":139,"geometry":{"type":"Point","coordinates":[79.363759000000073,21.700522000000035]},"properties":{"OBJECTID":139,"SOURCE_ID":139,"gbifID":3887846707,"GiZScore":0.041631534133235851,"GiPValue":0.96679243442094409,"NNeighbors":96,"Gi_Bin":0}},{"type":"Feature","id":140,"geometry":{"type":"Point","coordinates":[79.366946000000041,20.196902000000023]},"properties":{"OBJECTID":140,"SOURCE_ID":140,"gbifID":3887846902,"GiZScore":3.2165649913088377,"GiPValue":0.0012973514545733353,"NNeighbors":244,"Gi_Bin":2}},{"type":"Feature","id":141,"geometry":{"type":"Point","coordinates":[79.43541300000004,20.122018000000025]},"properties":{"OBJECTID":141,"SOURCE_ID":141,"gbifID":3887846939,"GiZScore":2.1982374699009966,"GiPValue":0.027932187796200603,"NNeighbors":145,"Gi_Bin":1}},{"type":"Feature","id":142,"geometry":{"type":"Point","coordinates":[79.398552000000052,20.366017000000056]},"properties":{"OBJECTID":142,"SOURCE_ID":142,"gbifID":3887847000,"GiZScore":2.696699697093806,"GiPValue":0.0070030393383333379,"NNeighbors":235,"Gi_Bin":2}},{"type":"Feature","id":143,"geometry":{"type":"Point","coordinates":[80.642733000000078,21.939914000000044]},"properties":{"OBJECTID":143,"SOURCE_ID":143,"gbifID":3887847037,"GiZScore":1.8110436804545853,"GiPValue":0.070134090409702574,"NNeighbors":61,"Gi_Bin":0}},{"type":"Feature","id":144,"geometry":{"type":"Point","coordinates":[78.892366000000038,29.563036000000068]},"properties":{"OBJECTID":144,"SOURCE_ID":144,"gbifID":3887847162,"GiZScore":-1.2853145221684354,"GiPValue":0.19868239745873972,"NNeighbors":101,"Gi_Bin":0}},{"type":"Feature","id":145,"geometry":{"type":"Point","coordinates":[93.460525000000075,26.375851000000068]},"properties":{"OBJECTID":145,"SOURCE_ID":145,"gbifID":3887847332,"GiZScore":0.66433364137290907,"GiPValue":0.50647679831172265,"NNeighbors":10,"Gi_Bin":0}},{"type":"Feature","id":146,"geometry":{"type":"Point","coordinates":[79.400000000000034,20.266660000000059]},"properties":{"OBJECTID":146,"SOURCE_ID":146,"gbifID":3887847348,"GiZScore":2.9527918577652663,"GiPValue":0.0031491422120901152,"NNeighbors":250,"Gi_Bin":2}},{"type":"Feature","id":147,"geometry":{"type":"Point","coordinates":[76.120628000000067,12.034326000000021]},"properties":{"OBJECTID":147,"SOURCE_ID":147,"gbifID":3887847434,"GiZScore":-0.59755596567775882,"GiPValue":0.55013625659176535,"NNeighbors":28,"Gi_Bin":0}},{"type":"Feature","id":148,"geometry":{"type":"Point","coordinates":[79.479268000000047,20.298737000000074]},"properties":{"OBJECTID":148,"SOURCE_ID":148,"gbifID":3887847445,"GiZScore":3.0856297205691692,"GiPValue":0.002031215998042023,"NNeighbors":212,"Gi_Bin":2}},{"type":"Feature","id":149,"geometry":{"type":"Point","coordinates":[79.941665000000057,24.590517000000034]},"properties":{"OBJECTID":149,"SOURCE_ID":149,"gbifID":3887847573,"GiZScore":1.0225497697054993,"GiPValue":0.3065207836973225,"NNeighbors":34,"Gi_Bin":0}},{"type":"Feature","id":150,"geometry":{"type":"Point","coordinates":[81.104317000000037,23.779391000000032]},"properties":{"OBJECTID":150,"SOURCE_ID":150,"gbifID":5133572265,"GiZScore":1.7051332275032833,"GiPValue":0.088169579811722784,"NNeighbors":186,"Gi_Bin":0}},{"type":"Feature","id":151,"geometry":{"type":"Point","coordinates":[76.289413000000081,11.839810000000057]},"properties":{"OBJECTID":151,"SOURCE_ID":151,"gbifID":3455715075,"GiZScore":0.5816018204529968,"GiPValue":0.56083491931885066,"NNeighbors":23,"Gi_Bin":0}},{"type":"Feature","id":152,"geometry":{"type":"Point","coordinates":[88.863130000000069,21.923722000000055]},"properties":{"OBJECTID":152,"SOURCE_ID":152,"gbifID":3466039608,"GiZScore":1.6024239430859355,"GiPValue":0.10906189373731043,"NNeighbors":51,"Gi_Bin":0}},{"type":"Feature","id":153,"geometry":{"type":"Point","coordinates":[78.892366000000038,29.563036000000068]},"properties":{"OBJECTID":153,"SOURCE_ID":153,"gbifID":3887845324,"GiZScore":-1.2853145221684354,"GiPValue":0.19868239745873972,"NNeighbors":101,"Gi_Bin":0}},{"type":"Feature","id":154,"geometry":{"type":"Point","coordinates":[79.069799000000046,29.534069000000045]},"properties":{"OBJECTID":154,"SOURCE_ID":154,"gbifID":3887845345,"GiZScore":-0.11901161079157023,"GiPValue":0.90526615709797553,"NNeighbors":83,"Gi_Bin":0}},{"type":"Feature","id":155,"geometry":{"type":"Point","coordinates":[76.518211000000065,26.109356000000048]},"properties":{"OBJECTID":155,"SOURCE_ID":155,"gbifID":3887845370,"GiZScore":-3.6894064125571764,"GiPValue":0.00022477789589020534,"NNeighbors":203,"Gi_Bin":-3}},{"type":"Feature","id":156,"geometry":{"type":"Point","coordinates":[76.451299000000063,27.347621000000061]},"properties":{"OBJECTID":156,"SOURCE_ID":156,"gbifID":3887845379,"GiZScore":0.55522228611448721,"GiPValue":0.57874262963670464,"NNeighbors":7,"Gi_Bin":0}},{"type":"Feature","id":157,"geometry":{"type":"Point","coordinates":[88.867629000000079,21.904322000000036]},"properties":{"OBJECTID":157,"SOURCE_ID":157,"gbifID":3887845430,"GiZScore":1.6024239430859355,"GiPValue":0.10906189373731043,"NNeighbors":51,"Gi_Bin":0}},{"type":"Feature","id":158,"geometry":{"type":"Point","coordinates":[79.601912000000084,20.84517500000004]},"properties":{"OBJECTID":158,"SOURCE_ID":158,"gbifID":3887845475,"GiZScore":0.70070575753147502,"GiPValue":0.48348666715354116,"NNeighbors":21,"Gi_Bin":0}},{"type":"Feature","id":159,"geometry":{"type":"Point","coordinates":[79.400000000000034,20.266660000000059]},"properties":{"OBJECTID":159,"SOURCE_ID":159,"gbifID":3887845520,"GiZScore":2.9527918577652663,"GiPValue":0.0031491422120901152,"NNeighbors":250,"Gi_Bin":2}},{"type":"Feature","id":160,"geometry":{"type":"Point","coordinates":[79.298564000000056,20.427700000000073]},"properties":{"OBJECTID":160,"SOURCE_ID":160,"gbifID":3887845531,"GiZScore":2.3406097695287396,"GiPValue":0.019252278021361223,"NNeighbors":220,"Gi_Bin":1}},{"type":"Feature","id":161,"geometry":{"type":"Point","coordinates":[81.017718000000059,23.722092000000032]},"properties":{"OBJECTID":161,"SOURCE_ID":161,"gbifID":3887845572,"GiZScore":1.021300697982737,"GiPValue":0.30711201003097366,"NNeighbors":208,"Gi_Bin":0}},{"type":"Feature","id":162,"geometry":{"type":"Point","coordinates":[79.941659000000072,24.590517000000034]},"properties":{"OBJECTID":162,"SOURCE_ID":162,"gbifID":3887845585,"GiZScore":1.0225497697054993,"GiPValue":0.3065207836973225,"NNeighbors":34,"Gi_Bin":0}},{"type":"Feature","id":163,"geometry":{"type":"Point","coordinates":[80.010514000000057,24.730945000000077]},"properties":{"OBJECTID":163,"SOURCE_ID":163,"gbifID":3887845592,"GiZScore":0.74612699564971774,"GiPValue":0.45559070911419464,"NNeighbors":32,"Gi_Bin":0}},{"type":"Feature","id":164,"geometry":{"type":"Point","coordinates":[80.010519000000045,24.730945000000077]},"properties":{"OBJECTID":164,"SOURCE_ID":164,"gbifID":3887845596,"GiZScore":0.74612699564971774,"GiPValue":0.45559070911419464,"NNeighbors":32,"Gi_Bin":0}},{"type":"Feature","id":165,"geometry":{"type":"Point","coordinates":[80.010514000000057,24.730945000000077]},"properties":{"OBJECTID":165,"SOURCE_ID":165,"gbifID":3887845598,"GiZScore":0.74612699564971774,"GiPValue":0.45559070911419464,"NNeighbors":32,"Gi_Bin":0}},{"type":"Feature","id":166,"geometry":{"type":"Point","coordinates":[80.010514000000057,24.730945000000077]},"properties":{"OBJECTID":166,"SOURCE_ID":166,"gbifID":3887845601,"GiZScore":0.74612699564971774,"GiPValue":0.45559070911419464,"NNeighbors":32,"Gi_Bin":0}},{"type":"Feature","id":167,"geometry":{"type":"Point","coordinates":[79.941659000000072,24.590517000000034]},"properties":{"OBJECTID":167,"SOURCE_ID":167,"gbifID":3887845613,"GiZScore":1.0225497697054993,"GiPValue":0.3065207836973225,"NNeighbors":34,"Gi_Bin":0}},{"type":"Feature","id":168,"geometry":{"type":"Point","coordinates":[79.26264800000007,20.394272000000058]},"properties":{"OBJECTID":168,"SOURCE_ID":168,"gbifID":3887845616,"GiZScore":2.6863155971812489,"GiPValue":0.0072244814160111635,"NNeighbors":227,"Gi_Bin":2}},{"type":"Feature","id":169,"geometry":{"type":"Point","coordinates":[78.451924000000076,19.915736000000038]},"properties":{"OBJECTID":169,"SOURCE_ID":169,"gbifID":3887845734,"GiZScore":-1.1944384296785482,"GiPValue":0.23230653333381401,"NNeighbors":16,"Gi_Bin":0}},{"type":"Feature","id":170,"geometry":{"type":"Point","coordinates":[79.069799000000046,29.534069000000045]},"properties":{"OBJECTID":170,"SOURCE_ID":170,"gbifID":3887845874,"GiZScore":-0.11901161079157023,"GiPValue":0.90526615709797553,"NNeighbors":83,"Gi_Bin":0}},{"type":"Feature","id":171,"geometry":{"type":"Point","coordinates":[80.642733000000078,21.939914000000044]},"properties":{"OBJECTID":171,"SOURCE_ID":171,"gbifID":3887845963,"GiZScore":1.8110436804545853,"GiPValue":0.070134090409702574,"NNeighbors":61,"Gi_Bin":0}},{"type":"Feature","id":172,"geometry":{"type":"Point","coordinates":[79.475257000000056,20.86691600000006]},"properties":{"OBJECTID":172,"SOURCE_ID":172,"gbifID":3887846230,"GiZScore":0.70070575753147502,"GiPValue":0.48348666715354116,"NNeighbors":21,"Gi_Bin":0}},{"type":"Feature","id":173,"geometry":{"type":"Point","coordinates":[79.317614000000049,20.405937000000051]},"properties":{"OBJECTID":173,"SOURCE_ID":173,"gbifID":3887846553,"GiZScore":2.8031319765850449,"GiPValue":0.0050608954946914034,"NNeighbors":236,"Gi_Bin":2}},{"type":"Feature","id":174,"geometry":{"type":"Point","coordinates":[79.317614000000049,20.405937000000051]},"properties":{"OBJECTID":174,"SOURCE_ID":174,"gbifID":3887846583,"GiZScore":2.8031319765850449,"GiPValue":0.0050608954946914034,"NNeighbors":236,"Gi_Bin":2}},{"type":"Feature","id":175,"geometry":{"type":"Point","coordinates":[79.348918000000083,21.656020000000069]},"properties":{"OBJECTID":175,"SOURCE_ID":175,"gbifID":3887846703,"GiZScore":0.28134208575233816,"GiPValue":0.77844803389944628,"NNeighbors":98,"Gi_Bin":0}},{"type":"Feature","id":176,"geometry":{"type":"Point","coordinates":[79.27744400000006,21.588748000000066]},"properties":{"OBJECTID":176,"SOURCE_ID":176,"gbifID":3887846704,"GiZScore":0.49736490624789514,"GiPValue":0.61893175028301883,"NNeighbors":99,"Gi_Bin":0}},{"type":"Feature","id":177,"geometry":{"type":"Point","coordinates":[79.360969000000068,21.49864400000007]},"properties":{"OBJECTID":177,"SOURCE_ID":177,"gbifID":3887846706,"GiZScore":1.0592913441838721,"GiPValue":0.28946713143727876,"NNeighbors":76,"Gi_Bin":0}},{"type":"Feature","id":178,"geometry":{"type":"Point","coordinates":[79.348918000000083,21.656020000000069]},"properties":{"OBJECTID":178,"SOURCE_ID":178,"gbifID":3887846708,"GiZScore":0.28134208575233816,"GiPValue":0.77844803389944628,"NNeighbors":98,"Gi_Bin":0}},{"type":"Feature","id":179,"geometry":{"type":"Point","coordinates":[79.334861000000046,21.74057300000004]},"properties":{"OBJECTID":179,"SOURCE_ID":179,"gbifID":3887846709,"GiZScore":-0.15688785042852804,"GiPValue":0.87533323528493212,"NNeighbors":93,"Gi_Bin":0}},{"type":"Feature","id":180,"geometry":{"type":"Point","coordinates":[80.976048000000048,23.69907900000004]},"properties":{"OBJECTID":180,"SOURCE_ID":180,"gbifID":3887846721,"GiZScore":1.021300697982737,"GiPValue":0.30711201003097366,"NNeighbors":208,"Gi_Bin":0}},{"type":"Feature","id":181,"geometry":{"type":"Point","coordinates":[79.339141000000041,21.664178000000049]},"properties":{"OBJECTID":181,"SOURCE_ID":181,"gbifID":3887846722,"GiZScore":0.19604082799233274,"GiPValue":0.84457820995806998,"NNeighbors":97,"Gi_Bin":0}},{"type":"Feature","id":182,"geometry":{"type":"Point","coordinates":[79.348918000000083,21.656020000000069]},"properties":{"OBJECTID":182,"SOURCE_ID":182,"gbifID":3887846730,"GiZScore":0.28134208575233816,"GiPValue":0.77844803389944628,"NNeighbors":98,"Gi_Bin":0}},{"type":"Feature","id":183,"geometry":{"type":"Point","coordinates":[80.485881000000063,22.022441000000072]},"properties":{"OBJECTID":183,"SOURCE_ID":183,"gbifID":3887846861,"GiZScore":2.1573926053457333,"GiPValue":0.030975086908306828,"NNeighbors":62,"Gi_Bin":1}},{"type":"Feature","id":184,"geometry":{"type":"Point","coordinates":[80.642733000000078,21.939914000000044]},"properties":{"OBJECTID":184,"SOURCE_ID":184,"gbifID":3887846878,"GiZScore":1.8110436804545853,"GiPValue":0.070134090409702574,"NNeighbors":61,"Gi_Bin":0}},{"type":"Feature","id":185,"geometry":{"type":"Point","coordinates":[80.642733000000078,21.939914000000044]},"properties":{"OBJECTID":185,"SOURCE_ID":185,"gbifID":3887846910,"GiZScore":1.8110436804545853,"GiPValue":0.070134090409702574,"NNeighbors":61,"Gi_Bin":0}},{"type":"Feature","id":186,"geometry":{"type":"Point","coordinates":[79.400000000000034,20.266660000000059]},"properties":{"OBJECTID":186,"SOURCE_ID":186,"gbifID":3887846950,"GiZScore":2.9527918577652663,"GiPValue":0.0031491422120901152,"NNeighbors":250,"Gi_Bin":2}},{"type":"Feature","id":187,"geometry":{"type":"Point","coordinates":[80.642733000000078,21.939914000000044]},"properties":{"OBJECTID":187,"SOURCE_ID":187,"gbifID":3887847019,"GiZScore":1.8110436804545853,"GiPValue":0.070134090409702574,"NNeighbors":61,"Gi_Bin":0}},{"type":"Feature","id":188,"geometry":{"type":"Point","coordinates":[79.400000000000034,20.266660000000059]},"properties":{"OBJECTID":188,"SOURCE_ID":188,"gbifID":3887847334,"GiZScore":2.9527918577652663,"GiPValue":0.0031491422120901152,"NNeighbors":250,"Gi_Bin":2}},{"type":"Feature","id":189,"geometry":{"type":"Point","coordinates":[76.178437000000031,11.991231000000028]},"properties":{"OBJECTID":189,"SOURCE_ID":189,"gbifID":3887847424,"GiZScore":-0.5668607372719674,"GiPValue":0.57080880401933309,"NNeighbors":35,"Gi_Bin":0}},{"type":"Feature","id":190,"geometry":{"type":"Point","coordinates":[79.400000000000034,20.266660000000059]},"properties":{"OBJECTID":190,"SOURCE_ID":190,"gbifID":3887847490,"GiZScore":2.9527918577652663,"GiPValue":0.0031491422120901152,"NNeighbors":250,"Gi_Bin":2}},{"type":"Feature","id":191,"geometry":{"type":"Point","coordinates":[79.941665000000057,24.590517000000034]},"properties":{"OBJECTID":191,"SOURCE_ID":191,"gbifID":3887847559,"GiZScore":1.0225497697054993,"GiPValue":0.3065207836973225,"NNeighbors":34,"Gi_Bin":0}},{"type":"Feature","id":192,"geometry":{"type":"Point","coordinates":[79.941659000000072,24.590517000000034]},"properties":{"OBJECTID":192,"SOURCE_ID":192,"gbifID":3887847566,"GiZScore":1.0225497697054993,"GiPValue":0.3065207836973225,"NNeighbors":34,"Gi_Bin":0}},{"type":"Feature","id":193,"geometry":{"type":"Point","coordinates":[80.626093000000083,22.272682000000032]},"properties":{"OBJECTID":193,"SOURCE_ID":193,"gbifID":3903406498,"GiZScore":-1.6407079556165085,"GiPValue":0.1008580526945444,"NNeighbors":104,"Gi_Bin":0}},{"type":"Feature","id":194,"geometry":{"type":"Point","coordinates":[80.785211000000061,22.130684000000031]},"properties":{"OBJECTID":194,"SOURCE_ID":194,"gbifID":4018396417,"GiZScore":-1.5883082762924463,"GiPValue":0.11221664692565658,"NNeighbors":62,"Gi_Bin":0}},{"type":"Feature","id":195,"geometry":{"type":"Point","coordinates":[78.094556000000068,22.480576000000042]},"properties":{"OBJECTID":195,"SOURCE_ID":195,"gbifID":5205866334,"GiZScore":0.43356474711532822,"GiPValue":0.66460454027682547,"NNeighbors":7,"Gi_Bin":0}},{"type":"Feature","id":196,"geometry":{"type":"Point","coordinates":[76.522596000000078,26.074639000000047]},"properties":{"OBJECTID":196,"SOURCE_ID":196,"gbifID":3058781168,"GiZScore":-3.2861187472711104,"GiPValue":0.0010157817805627504,"NNeighbors":210,"Gi_Bin":-2}},{"type":"Feature","id":198,"geometry":{"type":"Point","coordinates":[76.130409000000043,12.080136000000039]},"properties":{"OBJECTID":198,"SOURCE_ID":198,"gbifID":3090678810,"GiZScore":-0.78572683179202718,"GiPValue":0.4320275471117182,"NNeighbors":26,"Gi_Bin":0}},{"type":"Feature","id":199,"geometry":{"type":"Point","coordinates":[76.402626000000055,26.057501000000059]},"properties":{"OBJECTID":199,"SOURCE_ID":199,"gbifID":3301960823,"GiZScore":-3.7252046275422184,"GiPValue":0.00019515684760063276,"NNeighbors":215,"Gi_Bin":-3}},{"type":"Feature","id":200,"geometry":{"type":"Point","coordinates":[76.532429000000036,26.024576000000025]},"properties":{"OBJECTID":200,"SOURCE_ID":200,"gbifID":3302079825,"GiZScore":-2.8002015400411118,"GiPValue":0.0051070709999257802,"NNeighbors":217,"Gi_Bin":-2}},{"type":"Feature","id":201,"geometry":{"type":"Point","coordinates":[76.504682000000059,26.01389800000004]},"properties":{"OBJECTID":201,"SOURCE_ID":201,"gbifID":3887845329,"GiZScore":-2.8513916029555211,"GiPValue":0.0043528324730314465,"NNeighbors":219,"Gi_Bin":-2}},{"type":"Feature","id":202,"geometry":{"type":"Point","coordinates":[79.400000000000034,20.266660000000059]},"properties":{"OBJECTID":202,"SOURCE_ID":202,"gbifID":3887845343,"GiZScore":2.9527918577652663,"GiPValue":0.0031491422120901152,"NNeighbors":250,"Gi_Bin":2}},{"type":"Feature","id":203,"geometry":{"type":"Point","coordinates":[76.504682000000059,26.01389800000004]},"properties":{"OBJECTID":203,"SOURCE_ID":203,"gbifID":3887845363,"GiZScore":-2.8513916029555211,"GiPValue":0.0043528324730314465,"NNeighbors":219,"Gi_Bin":-2}},{"type":"Feature","id":204,"geometry":{"type":"Point","coordinates":[76.451299000000063,27.347621000000061]},"properties":{"OBJECTID":204,"SOURCE_ID":204,"gbifID":3887845389,"GiZScore":0.55522228611448721,"GiPValue":0.57874262963670464,"NNeighbors":7,"Gi_Bin":0}},{"type":"Feature","id":205,"geometry":{"type":"Point","coordinates":[78.225097000000062,22.43336000000005]},"properties":{"OBJECTID":205,"SOURCE_ID":205,"gbifID":3887845398,"GiZScore":0.43356474711532822,"GiPValue":0.66460454027682547,"NNeighbors":7,"Gi_Bin":0}},{"type":"Feature","id":206,"geometry":{"type":"Point","coordinates":[78.225097000000062,22.43336000000005]},"properties":{"OBJECTID":206,"SOURCE_ID":206,"gbifID":3887845401,"GiZScore":0.43356474711532822,"GiPValue":0.66460454027682547,"NNeighbors":7,"Gi_Bin":0}},{"type":"Feature","id":207,"geometry":{"type":"Point","coordinates":[88.867629000000079,21.904322000000036]},"properties":{"OBJECTID":207,"SOURCE_ID":207,"gbifID":3887845424,"GiZScore":1.6024239430859355,"GiPValue":0.10906189373731043,"NNeighbors":51,"Gi_Bin":0}},{"type":"Feature","id":208,"geometry":{"type":"Point","coordinates":[79.601912000000084,20.84517500000004]},"properties":{"OBJECTID":208,"SOURCE_ID":208,"gbifID":3887845485,"GiZScore":0.70070575753147502,"GiPValue":0.48348666715354116,"NNeighbors":21,"Gi_Bin":0}},{"type":"Feature","id":209,"geometry":{"type":"Point","coordinates":[76.504682000000059,26.01389800000004]},"properties":{"OBJECTID":209,"SOURCE_ID":209,"gbifID":3887845547,"GiZScore":-2.8513916029555211,"GiPValue":0.0043528324730314465,"NNeighbors":219,"Gi_Bin":-2}},{"type":"Feature","id":210,"geometry":{"type":"Point","coordinates":[76.504682000000059,26.01389800000004]},"properties":{"OBJECTID":210,"SOURCE_ID":210,"gbifID":3887845604,"GiZScore":-2.8513916029555211,"GiPValue":0.0043528324730314465,"NNeighbors":219,"Gi_Bin":-2}},{"type":"Feature","id":211,"geometry":{"type":"Point","coordinates":[76.504682000000059,26.01389800000004]},"properties":{"OBJECTID":211,"SOURCE_ID":211,"gbifID":3887845630,"GiZScore":-2.8513916029555211,"GiPValue":0.0043528324730314465,"NNeighbors":219,"Gi_Bin":-2}},{"type":"Feature","id":212,"geometry":{"type":"Point","coordinates":[78.451924000000076,19.915736000000038]},"properties":{"OBJECTID":212,"SOURCE_ID":212,"gbifID":3887845654,"GiZScore":-1.1944384296785482,"GiPValue":0.23230653333381401,"NNeighbors":16,"Gi_Bin":0}},{"type":"Feature","id":213,"geometry":{"type":"Point","coordinates":[79.400000000000034,20.266660000000059]},"properties":{"OBJECTID":213,"SOURCE_ID":213,"gbifID":3887845770,"GiZScore":2.9527918577652663,"GiPValue":0.0031491422120901152,"NNeighbors":250,"Gi_Bin":2}},{"type":"Feature","id":214,"geometry":{"type":"Point","coordinates":[78.892366000000038,29.563036000000068]},"properties":{"OBJECTID":214,"SOURCE_ID":214,"gbifID":3887845812,"GiZScore":-1.2853145221684354,"GiPValue":0.19868239745873972,"NNeighbors":101,"Gi_Bin":0}},{"type":"Feature","id":215,"geometry":{"type":"Point","coordinates":[79.069799000000046,29.534069000000045]},"properties":{"OBJECTID":215,"SOURCE_ID":215,"gbifID":3887845868,"GiZScore":-0.11901161079157023,"GiPValue":0.90526615709797553,"NNeighbors":83,"Gi_Bin":0}},{"type":"Feature","id":216,"geometry":{"type":"Point","coordinates":[78.852645000000052,29.517615000000035]},"properties":{"OBJECTID":216,"SOURCE_ID":216,"gbifID":3887845898,"GiZScore":-1.0187274342995509,"GiPValue":0.30833239851854244,"NNeighbors":97,"Gi_Bin":0}},{"type":"Feature","id":217,"geometry":{"type":"Point","coordinates":[79.400000000000034,20.266660000000059]},"properties":{"OBJECTID":217,"SOURCE_ID":217,"gbifID":3887845914,"GiZScore":2.9527918577652663,"GiPValue":0.0031491422120901152,"NNeighbors":250,"Gi_Bin":2}},{"type":"Feature","id":218,"geometry":{"type":"Point","coordinates":[80.642733000000078,21.939914000000044]},"properties":{"OBJECTID":218,"SOURCE_ID":218,"gbifID":3887845927,"GiZScore":1.8110436804545853,"GiPValue":0.070134090409702574,"NNeighbors":61,"Gi_Bin":0}},{"type":"Feature","id":219,"geometry":{"type":"Point","coordinates":[79.30414600000006,21.715522000000078]},"properties":{"OBJECTID":219,"SOURCE_ID":219,"gbifID":3887846070,"GiZScore":0.041631534133235851,"GiPValue":0.96679243442094409,"NNeighbors":96,"Gi_Bin":0}},{"type":"Feature","id":220,"geometry":{"type":"Point","coordinates":[81.017718000000059,23.722092000000032]},"properties":{"OBJECTID":220,"SOURCE_ID":220,"gbifID":3887846078,"GiZScore":1.021300697982737,"GiPValue":0.30711201003097366,"NNeighbors":208,"Gi_Bin":0}},{"type":"Feature","id":221,"geometry":{"type":"Point","coordinates":[79.30414600000006,21.715522000000078]},"properties":{"OBJECTID":221,"SOURCE_ID":221,"gbifID":3887846140,"GiZScore":0.041631534133235851,"GiPValue":0.96679243442094409,"NNeighbors":96,"Gi_Bin":0}},{"type":"Feature","id":222,"geometry":{"type":"Point","coordinates":[79.475257000000056,20.86691600000006]},"properties":{"OBJECTID":222,"SOURCE_ID":222,"gbifID":3887846178,"GiZScore":0.70070575753147502,"GiPValue":0.48348666715354116,"NNeighbors":21,"Gi_Bin":0}},{"type":"Feature","id":223,"geometry":{"type":"Point","coordinates":[79.475257000000056,20.86691600000006]},"properties":{"OBJECTID":223,"SOURCE_ID":223,"gbifID":3887846259,"GiZScore":0.70070575753147502,"GiPValue":0.48348666715354116,"NNeighbors":21,"Gi_Bin":0}},{"type":"Feature","id":224,"geometry":{"type":"Point","coordinates":[79.348918000000083,21.656020000000069]},"properties":{"OBJECTID":224,"SOURCE_ID":224,"gbifID":3887846270,"GiZScore":0.28134208575233816,"GiPValue":0.77844803389944628,"NNeighbors":98,"Gi_Bin":0}},{"type":"Feature","id":225,"geometry":{"type":"Point","coordinates":[79.348918000000083,21.656020000000069]},"properties":{"OBJECTID":225,"SOURCE_ID":225,"gbifID":3887846312,"GiZScore":0.28134208575233816,"GiPValue":0.77844803389944628,"NNeighbors":98,"Gi_Bin":0}},{"type":"Feature","id":226,"geometry":{"type":"Point","coordinates":[79.30414600000006,21.715522000000078]},"properties":{"OBJECTID":226,"SOURCE_ID":226,"gbifID":3887846322,"GiZScore":0.041631534133235851,"GiPValue":0.96679243442094409,"NNeighbors":96,"Gi_Bin":0}},{"type":"Feature","id":227,"geometry":{"type":"Point","coordinates":[79.27744400000006,21.588748000000066]},"properties":{"OBJECTID":227,"SOURCE_ID":227,"gbifID":3887846324,"GiZScore":0.49736490624789514,"GiPValue":0.61893175028301883,"NNeighbors":99,"Gi_Bin":0}},{"type":"Feature","id":228,"geometry":{"type":"Point","coordinates":[79.348918000000083,21.656020000000069]},"properties":{"OBJECTID":228,"SOURCE_ID":228,"gbifID":3887846336,"GiZScore":0.28134208575233816,"GiPValue":0.77844803389944628,"NNeighbors":98,"Gi_Bin":0}},{"type":"Feature","id":229,"geometry":{"type":"Point","coordinates":[79.348918000000083,21.656020000000069]},"properties":{"OBJECTID":229,"SOURCE_ID":229,"gbifID":3887846343,"GiZScore":0.28134208575233816,"GiPValue":0.77844803389944628,"NNeighbors":98,"Gi_Bin":0}},{"type":"Feature","id":230,"geometry":{"type":"Point","coordinates":[79.348918000000083,21.656020000000069]},"properties":{"OBJECTID":230,"SOURCE_ID":230,"gbifID":3887846362,"GiZScore":0.28134208575233816,"GiPValue":0.77844803389944628,"NNeighbors":98,"Gi_Bin":0}},{"type":"Feature","id":231,"geometry":{"type":"Point","coordinates":[79.348918000000083,21.656020000000069]},"properties":{"OBJECTID":231,"SOURCE_ID":231,"gbifID":3887846372,"GiZScore":0.28134208575233816,"GiPValue":0.77844803389944628,"NNeighbors":98,"Gi_Bin":0}},{"type":"Feature","id":232,"geometry":{"type":"Point","coordinates":[79.30414600000006,21.715522000000078]},"properties":{"OBJECTID":232,"SOURCE_ID":232,"gbifID":3887846388,"GiZScore":0.041631534133235851,"GiPValue":0.96679243442094409,"NNeighbors":96,"Gi_Bin":0}},{"type":"Feature","id":233,"geometry":{"type":"Point","coordinates":[79.479268000000047,20.298737000000074]},"properties":{"OBJECTID":233,"SOURCE_ID":233,"gbifID":3887846472,"GiZScore":3.0856297205691692,"GiPValue":0.002031215998042023,"NNeighbors":212,"Gi_Bin":2}},{"type":"Feature","id":234,"geometry":{"type":"Point","coordinates":[80.642733000000078,21.939914000000044]},"properties":{"OBJECTID":234,"SOURCE_ID":234,"gbifID":3887846503,"GiZScore":1.8110436804545853,"GiPValue":0.070134090409702574,"NNeighbors":61,"Gi_Bin":0}},{"type":"Feature","id":235,"geometry":{"type":"Point","coordinates":[93.460525000000075,26.375851000000068]},"properties":{"OBJECTID":235,"SOURCE_ID":235,"gbifID":3887846523,"GiZScore":0.66433364137290907,"GiPValue":0.50647679831172265,"NNeighbors":10,"Gi_Bin":0}},{"type":"Feature","id":236,"geometry":{"type":"Point","coordinates":[79.317614000000049,20.405937000000051]},"properties":{"OBJECTID":236,"SOURCE_ID":236,"gbifID":3887846550,"GiZScore":2.8031319765850449,"GiPValue":0.0050608954946914034,"NNeighbors":236,"Gi_Bin":2}},{"type":"Feature","id":237,"geometry":{"type":"Point","coordinates":[79.479268000000047,20.298737000000074]},"properties":{"OBJECTID":237,"SOURCE_ID":237,"gbifID":3887846559,"GiZScore":3.0856297205691692,"GiPValue":0.002031215998042023,"NNeighbors":212,"Gi_Bin":2}},{"type":"Feature","id":238,"geometry":{"type":"Point","coordinates":[80.642733000000078,21.939914000000044]},"properties":{"OBJECTID":238,"SOURCE_ID":238,"gbifID":3887846569,"GiZScore":1.8110436804545853,"GiPValue":0.070134090409702574,"NNeighbors":61,"Gi_Bin":0}},{"type":"Feature","id":239,"geometry":{"type":"Point","coordinates":[80.059434000000067,28.70585200000005]},"properties":{"OBJECTID":239,"SOURCE_ID":239,"gbifID":3887846757,"GiZScore":1.3097455459492728,"GiPValue":0.19028193009820901,"NNeighbors":3,"Gi_Bin":0}},{"type":"Feature","id":240,"geometry":{"type":"Point","coordinates":[79.392491000000064,19.941868000000056]},"properties":{"OBJECTID":240,"SOURCE_ID":240,"gbifID":3887846879,"GiZScore":-0.18118034782843989,"GiPValue":0.85622601956211108,"NNeighbors":21,"Gi_Bin":0}},{"type":"Feature","id":241,"geometry":{"type":"Point","coordinates":[80.485881000000063,22.022441000000072]},"properties":{"OBJECTID":241,"SOURCE_ID":241,"gbifID":3887846893,"GiZScore":2.1573926053457333,"GiPValue":0.030975086908306828,"NNeighbors":62,"Gi_Bin":1}},{"type":"Feature","id":242,"geometry":{"type":"Point","coordinates":[80.642733000000078,21.939914000000044]},"properties":{"OBJECTID":242,"SOURCE_ID":242,"gbifID":3887846903,"GiZScore":1.8110436804545853,"GiPValue":0.070134090409702574,"NNeighbors":61,"Gi_Bin":0}},{"type":"Feature","id":243,"geometry":{"type":"Point","coordinates":[79.319123000000047,20.11389900000006]},"properties":{"OBJECTID":243,"SOURCE_ID":243,"gbifID":3887846907,"GiZScore":2.1702564366092782,"GiPValue":0.029987424812736113,"NNeighbors":159,"Gi_Bin":1}},{"type":"Feature","id":244,"geometry":{"type":"Point","coordinates":[79.319123000000047,20.11389900000006]},"properties":{"OBJECTID":244,"SOURCE_ID":244,"gbifID":3887846935,"GiZScore":2.1702564366092782,"GiPValue":0.029987424812736113,"NNeighbors":159,"Gi_Bin":1}},{"type":"Feature","id":245,"geometry":{"type":"Point","coordinates":[79.400000000000034,20.266660000000059]},"properties":{"OBJECTID":245,"SOURCE_ID":245,"gbifID":3887846972,"GiZScore":2.9527918577652663,"GiPValue":0.0031491422120901152,"NNeighbors":250,"Gi_Bin":2}},{"type":"Feature","id":246,"geometry":{"type":"Point","coordinates":[79.43541300000004,20.122018000000025]},"properties":{"OBJECTID":246,"SOURCE_ID":246,"gbifID":3887847008,"GiZScore":2.1982374699009966,"GiPValue":0.027932187796200603,"NNeighbors":145,"Gi_Bin":1}},{"type":"Feature","id":247,"geometry":{"type":"Point","coordinates":[79.400000000000034,20.266660000000059]},"properties":{"OBJECTID":247,"SOURCE_ID":247,"gbifID":3887847065,"GiZScore":2.9527918577652663,"GiPValue":0.0031491422120901152,"NNeighbors":250,"Gi_Bin":2}},{"type":"Feature","id":248,"geometry":{"type":"Point","coordinates":[79.275322000000074,20.446563000000026]},"properties":{"OBJECTID":248,"SOURCE_ID":248,"gbifID":3887847306,"GiZScore":2.3867338115926402,"GiPValue":0.016998794314181612,"NNeighbors":202,"Gi_Bin":1}},{"type":"Feature","id":249,"geometry":{"type":"Point","coordinates":[93.460525000000075,26.375851000000068]},"properties":{"OBJECTID":249,"SOURCE_ID":249,"gbifID":3887847331,"GiZScore":0.66433364137290907,"GiPValue":0.50647679831172265,"NNeighbors":10,"Gi_Bin":0}},{"type":"Feature","id":250,"geometry":{"type":"Point","coordinates":[76.47332700000004,26.039992000000041]},"properties":{"OBJECTID":250,"SOURCE_ID":250,"gbifID":3887847339,"GiZScore":-3.4981356252085138,"GiPValue":0.00046852281129135162,"NNeighbors":217,"Gi_Bin":-3}},{"type":"Feature","id":251,"geometry":{"type":"Point","coordinates":[79.417836000000079,20.227192000000059]},"properties":{"OBJECTID":251,"SOURCE_ID":251,"gbifID":3887847359,"GiZScore":3.1905095676930593,"GiPValue":0.0014202213839250998,"NNeighbors":241,"Gi_Bin":2}},{"type":"Feature","id":252,"geometry":{"type":"Point","coordinates":[79.400000000000034,20.266660000000059]},"properties":{"OBJECTID":252,"SOURCE_ID":252,"gbifID":3887847394,"GiZScore":2.9527918577652663,"GiPValue":0.0031491422120901152,"NNeighbors":250,"Gi_Bin":2}},{"type":"Feature","id":253,"geometry":{"type":"Point","coordinates":[76.178437000000031,11.991231000000028]},"properties":{"OBJECTID":253,"SOURCE_ID":253,"gbifID":3887847414,"GiZScore":-0.5668607372719674,"GiPValue":0.57080880401933309,"NNeighbors":35,"Gi_Bin":0}},{"type":"Feature","id":254,"geometry":{"type":"Point","coordinates":[79.941659000000072,24.590517000000034]},"properties":{"OBJECTID":254,"SOURCE_ID":254,"gbifID":3887847466,"GiZScore":1.0225497697054993,"GiPValue":0.3065207836973225,"NNeighbors":34,"Gi_Bin":0}},{"type":"Feature","id":255,"geometry":{"type":"Point","coordinates":[79.941659000000072,24.590517000000034]},"properties":{"OBJECTID":255,"SOURCE_ID":255,"gbifID":3887847499,"GiZScore":1.0225497697054993,"GiPValue":0.3065207836973225,"NNeighbors":34,"Gi_Bin":0}},{"type":"Feature","id":256,"geometry":{"type":"Point","coordinates":[80.136684000000059,24.621543000000031]},"properties":{"OBJECTID":256,"SOURCE_ID":256,"gbifID":3887847521,"GiZScore":1.6128612994842702,"GiPValue":0.10677464476695149,"NNeighbors":32,"Gi_Bin":0}},{"type":"Feature","id":257,"geometry":{"type":"Point","coordinates":[79.941659000000072,24.590517000000034]},"properties":{"OBJECTID":257,"SOURCE_ID":257,"gbifID":3887847535,"GiZScore":1.0225497697054993,"GiPValue":0.3065207836973225,"NNeighbors":34,"Gi_Bin":0}},{"type":"Feature","id":258,"geometry":{"type":"Point","coordinates":[79.941659000000072,24.590517000000034]},"properties":{"OBJECTID":258,"SOURCE_ID":258,"gbifID":3887847539,"GiZScore":1.0225497697054993,"GiPValue":0.3065207836973225,"NNeighbors":34,"Gi_Bin":0}},{"type":"Feature","id":259,"geometry":{"type":"Point","coordinates":[79.941659000000072,24.590517000000034]},"properties":{"OBJECTID":259,"SOURCE_ID":259,"gbifID":3887847565,"GiZScore":1.0225497697054993,"GiPValue":0.3065207836973225,"NNeighbors":34,"Gi_Bin":0}},{"type":"Feature","id":260,"geometry":{"type":"Point","coordinates":[78.99396100000007,29.446924000000024]},"properties":{"OBJECTID":260,"SOURCE_ID":260,"gbifID":3887847597,"GiZScore":0.17062623509264777,"GiPValue":0.86451766787344098,"NNeighbors":84,"Gi_Bin":0}},{"type":"Feature","id":262,"geometry":{"type":"Point","coordinates":[91.113575000000083,26.714073000000042]},"properties":{"OBJECTID":262,"SOURCE_ID":262,"gbifID":5133656651,"GiZScore":1.8165717015331004,"GiPValue":0.069282719767082779,"NNeighbors":4,"Gi_Bin":0}},{"type":"Feature","id":263,"geometry":{"type":"Point","coordinates":[91.049325000000067,26.752804000000026]},"properties":{"OBJECTID":263,"SOURCE_ID":263,"gbifID":5897869363,"GiZScore":1.8165717015331004,"GiPValue":0.069282719767082779,"NNeighbors":4,"Gi_Bin":0}},{"type":"Feature","id":264,"geometry":{"type":"Point","coordinates":[80.632720000000063,22.284261000000072]},"properties":{"OBJECTID":264,"SOURCE_ID":264,"gbifID":3090742187,"GiZScore":-1.6407079556165085,"GiPValue":0.1008580526945444,"NNeighbors":104,"Gi_Bin":0}},{"type":"Feature","id":265,"geometry":{"type":"Point","coordinates":[80.659383000000048,22.242677000000072]},"properties":{"OBJECTID":265,"SOURCE_ID":265,"gbifID":3090854207,"GiZScore":-1.714050008117165,"GiPValue":0.086519541955679805,"NNeighbors":102,"Gi_Bin":0}},{"type":"Feature","id":266,"geometry":{"type":"Point","coordinates":[80.64343400000007,22.228121000000044]},"properties":{"OBJECTID":266,"SOURCE_ID":266,"gbifID":3090862224,"GiZScore":-1.561590871289434,"GiPValue":0.11838440136465965,"NNeighbors":103,"Gi_Bin":0}},{"type":"Feature","id":267,"geometry":{"type":"Point","coordinates":[79.479268000000047,20.298737000000074]},"properties":{"OBJECTID":267,"SOURCE_ID":267,"gbifID":3887845314,"GiZScore":3.0856297205691692,"GiPValue":0.002031215998042023,"NNeighbors":212,"Gi_Bin":2}},{"type":"Feature","id":268,"geometry":{"type":"Point","coordinates":[79.275322000000074,20.446563000000026]},"properties":{"OBJECTID":268,"SOURCE_ID":268,"gbifID":3887845326,"GiZScore":2.3867338115926402,"GiPValue":0.016998794314181612,"NNeighbors":202,"Gi_Bin":1}},{"type":"Feature","id":269,"geometry":{"type":"Point","coordinates":[79.400000000000034,20.266660000000059]},"properties":{"OBJECTID":269,"SOURCE_ID":269,"gbifID":3887845336,"GiZScore":2.9527918577652663,"GiPValue":0.0031491422120901152,"NNeighbors":250,"Gi_Bin":2}},{"type":"Feature","id":270,"geometry":{"type":"Point","coordinates":[76.451299000000063,27.347621000000061]},"properties":{"OBJECTID":270,"SOURCE_ID":270,"gbifID":3887845384,"GiZScore":0.55522228611448721,"GiPValue":0.57874262963670464,"NNeighbors":7,"Gi_Bin":0}},{"type":"Feature","id":271,"geometry":{"type":"Point","coordinates":[78.225097000000062,22.43336000000005]},"properties":{"OBJECTID":271,"SOURCE_ID":271,"gbifID":3887845391,"GiZScore":0.43356474711532822,"GiPValue":0.66460454027682547,"NNeighbors":7,"Gi_Bin":0}},{"type":"Feature","id":272,"geometry":{"type":"Point","coordinates":[76.504682000000059,26.01389800000004]},"properties":{"OBJECTID":272,"SOURCE_ID":272,"gbifID":3887845544,"GiZScore":-2.8513916029555211,"GiPValue":0.0043528324730314465,"NNeighbors":219,"Gi_Bin":-2}},{"type":"Feature","id":273,"geometry":{"type":"Point","coordinates":[76.504682000000059,26.01389800000004]},"properties":{"OBJECTID":273,"SOURCE_ID":273,"gbifID":3887845556,"GiZScore":-2.8513916029555211,"GiPValue":0.0043528324730314465,"NNeighbors":219,"Gi_Bin":-2}},{"type":"Feature","id":274,"geometry":{"type":"Point","coordinates":[78.892366000000038,29.563036000000068]},"properties":{"OBJECTID":274,"SOURCE_ID":274,"gbifID":3887845829,"GiZScore":-1.2853145221684354,"GiPValue":0.19868239745873972,"NNeighbors":101,"Gi_Bin":0}},{"type":"Feature","id":275,"geometry":{"type":"Point","coordinates":[80.642733000000078,21.939914000000044]},"properties":{"OBJECTID":275,"SOURCE_ID":275,"gbifID":3887845940,"GiZScore":1.8110436804545853,"GiPValue":0.070134090409702574,"NNeighbors":61,"Gi_Bin":0}},{"type":"Feature","id":276,"geometry":{"type":"Point","coordinates":[80.642733000000078,21.939914000000044]},"properties":{"OBJECTID":276,"SOURCE_ID":276,"gbifID":3887845966,"GiZScore":1.8110436804545853,"GiPValue":0.070134090409702574,"NNeighbors":61,"Gi_Bin":0}},{"type":"Feature","id":277,"geometry":{"type":"Point","coordinates":[80.642733000000078,21.939914000000044]},"properties":{"OBJECTID":277,"SOURCE_ID":277,"gbifID":3887845973,"GiZScore":1.8110436804545853,"GiPValue":0.070134090409702574,"NNeighbors":61,"Gi_Bin":0}},{"type":"Feature","id":278,"geometry":{"type":"Point","coordinates":[81.017718000000059,23.722092000000032]},"properties":{"OBJECTID":278,"SOURCE_ID":278,"gbifID":3887846023,"GiZScore":1.021300697982737,"GiPValue":0.30711201003097366,"NNeighbors":208,"Gi_Bin":0}},{"type":"Feature","id":279,"geometry":{"type":"Point","coordinates":[81.017718000000059,23.722092000000032]},"properties":{"OBJECTID":279,"SOURCE_ID":279,"gbifID":3887846073,"GiZScore":1.021300697982737,"GiPValue":0.30711201003097366,"NNeighbors":208,"Gi_Bin":0}},{"type":"Feature","id":280,"geometry":{"type":"Point","coordinates":[79.475257000000056,20.86691600000006]},"properties":{"OBJECTID":280,"SOURCE_ID":280,"gbifID":3887846092,"GiZScore":0.70070575753147502,"GiPValue":0.48348666715354116,"NNeighbors":21,"Gi_Bin":0}},{"type":"Feature","id":281,"geometry":{"type":"Point","coordinates":[79.601912000000084,20.84517500000004]},"properties":{"OBJECTID":281,"SOURCE_ID":281,"gbifID":3887846099,"GiZScore":0.70070575753147502,"GiPValue":0.48348666715354116,"NNeighbors":21,"Gi_Bin":0}},{"type":"Feature","id":282,"geometry":{"type":"Point","coordinates":[79.27744400000006,21.588748000000066]},"properties":{"OBJECTID":282,"SOURCE_ID":282,"gbifID":3887846182,"GiZScore":0.49736490624789514,"GiPValue":0.61893175028301883,"NNeighbors":99,"Gi_Bin":0}},{"type":"Feature","id":283,"geometry":{"type":"Point","coordinates":[79.30414600000006,21.715522000000078]},"properties":{"OBJECTID":283,"SOURCE_ID":283,"gbifID":3887846185,"GiZScore":0.041631534133235851,"GiPValue":0.96679243442094409,"NNeighbors":96,"Gi_Bin":0}},{"type":"Feature","id":284,"geometry":{"type":"Point","coordinates":[81.017718000000059,23.722092000000032]},"properties":{"OBJECTID":284,"SOURCE_ID":284,"gbifID":3887846189,"GiZScore":1.021300697982737,"GiPValue":0.30711201003097366,"NNeighbors":208,"Gi_Bin":0}},{"type":"Feature","id":285,"geometry":{"type":"Point","coordinates":[79.30414600000006,21.715522000000078]},"properties":{"OBJECTID":285,"SOURCE_ID":285,"gbifID":3887846205,"GiZScore":0.041631534133235851,"GiPValue":0.96679243442094409,"NNeighbors":96,"Gi_Bin":0}},{"type":"Feature","id":286,"geometry":{"type":"Point","coordinates":[79.348918000000083,21.656020000000069]},"properties":{"OBJECTID":286,"SOURCE_ID":286,"gbifID":3887846206,"GiZScore":0.28134208575233816,"GiPValue":0.77844803389944628,"NNeighbors":98,"Gi_Bin":0}},{"type":"Feature","id":287,"geometry":{"type":"Point","coordinates":[79.348918000000083,21.656020000000069]},"properties":{"OBJECTID":287,"SOURCE_ID":287,"gbifID":3887846238,"GiZScore":0.28134208575233816,"GiPValue":0.77844803389944628,"NNeighbors":98,"Gi_Bin":0}},{"type":"Feature","id":288,"geometry":{"type":"Point","coordinates":[79.400000000000034,20.266660000000059]},"properties":{"OBJECTID":288,"SOURCE_ID":288,"gbifID":3887846358,"GiZScore":2.9527918577652663,"GiPValue":0.0031491422120901152,"NNeighbors":250,"Gi_Bin":2}},{"type":"Feature","id":289,"geometry":{"type":"Point","coordinates":[80.642733000000078,21.939914000000044]},"properties":{"OBJECTID":289,"SOURCE_ID":289,"gbifID":3887846517,"GiZScore":1.8110436804545853,"GiPValue":0.070134090409702574,"NNeighbors":61,"Gi_Bin":0}},{"type":"Feature","id":290,"geometry":{"type":"Point","coordinates":[79.479268000000047,20.298737000000074]},"properties":{"OBJECTID":290,"SOURCE_ID":290,"gbifID":3887846560,"GiZScore":3.0856297205691692,"GiPValue":0.002031215998042023,"NNeighbors":212,"Gi_Bin":2}},{"type":"Feature","id":291,"geometry":{"type":"Point","coordinates":[80.976048000000048,23.69907900000004]},"properties":{"OBJECTID":291,"SOURCE_ID":291,"gbifID":3887846700,"GiZScore":1.021300697982737,"GiPValue":0.30711201003097366,"NNeighbors":208,"Gi_Bin":0}},{"type":"Feature","id":292,"geometry":{"type":"Point","coordinates":[80.642733000000078,21.939914000000044]},"properties":{"OBJECTID":292,"SOURCE_ID":292,"gbifID":3887846914,"GiZScore":1.8110436804545853,"GiPValue":0.070134090409702574,"NNeighbors":61,"Gi_Bin":0}},{"type":"Feature","id":293,"geometry":{"type":"Point","coordinates":[80.642733000000078,21.939914000000044]},"properties":{"OBJECTID":293,"SOURCE_ID":293,"gbifID":3887846915,"GiZScore":1.8110436804545853,"GiPValue":0.070134090409702574,"NNeighbors":61,"Gi_Bin":0}},{"type":"Feature","id":294,"geometry":{"type":"Point","coordinates":[78.892366000000038,29.563036000000068]},"properties":{"OBJECTID":294,"SOURCE_ID":294,"gbifID":3887847145,"GiZScore":-1.2853145221684354,"GiPValue":0.19868239745873972,"NNeighbors":101,"Gi_Bin":0}},{"type":"Feature","id":295,"geometry":{"type":"Point","coordinates":[79.069799000000046,29.534069000000045]},"properties":{"OBJECTID":295,"SOURCE_ID":295,"gbifID":3887847157,"GiZScore":-0.11901161079157023,"GiPValue":0.90526615709797553,"NNeighbors":83,"Gi_Bin":0}},{"type":"Feature","id":296,"geometry":{"type":"Point","coordinates":[76.518211000000065,26.109356000000048]},"properties":{"OBJECTID":296,"SOURCE_ID":296,"gbifID":3887847174,"GiZScore":-3.6894064125571764,"GiPValue":0.00022477789589020534,"NNeighbors":203,"Gi_Bin":-3}},{"type":"Feature","id":297,"geometry":{"type":"Point","coordinates":[76.504682000000059,26.01389800000004]},"properties":{"OBJECTID":297,"SOURCE_ID":297,"gbifID":3887847180,"GiZScore":-2.8513916029555211,"GiPValue":0.0043528324730314465,"NNeighbors":219,"Gi_Bin":-2}},{"type":"Feature","id":298,"geometry":{"type":"Point","coordinates":[80.570329000000072,28.434567000000072]},"properties":{"OBJECTID":298,"SOURCE_ID":298,"gbifID":3887847236,"GiZScore":-1.2640072039162178,"GiPValue":0.20622746627436084,"NNeighbors":10,"Gi_Bin":0}},{"type":"Feature","id":299,"geometry":{"type":"Point","coordinates":[76.433812000000046,25.968957000000046]},"properties":{"OBJECTID":299,"SOURCE_ID":299,"gbifID":3887847269,"GiZScore":-2.6163267868916282,"GiPValue":0.0088881447410868921,"NNeighbors":218,"Gi_Bin":-2}},{"type":"Feature","id":300,"geometry":{"type":"Point","coordinates":[76.178437000000031,11.991231000000028]},"properties":{"OBJECTID":300,"SOURCE_ID":300,"gbifID":3887847399,"GiZScore":-0.5668607372719674,"GiPValue":0.57080880401933309,"NNeighbors":35,"Gi_Bin":0}},{"type":"Feature","id":301,"geometry":{"type":"Point","coordinates":[79.941659000000072,24.590517000000034]},"properties":{"OBJECTID":301,"SOURCE_ID":301,"gbifID":3887847515,"GiZScore":1.0225497697054993,"GiPValue":0.3065207836973225,"NNeighbors":34,"Gi_Bin":0}},{"type":"Feature","id":302,"geometry":{"type":"Point","coordinates":[79.317614000000049,20.405937000000051]},"properties":{"OBJECTID":302,"SOURCE_ID":302,"gbifID":3887847526,"GiZScore":2.8031319765850449,"GiPValue":0.0050608954946914034,"NNeighbors":236,"Gi_Bin":2}},{"type":"Feature","id":303,"geometry":{"type":"Point","coordinates":[79.069799000000046,29.534069000000045]},"properties":{"OBJECTID":303,"SOURCE_ID":303,"gbifID":3887847551,"GiZScore":-0.11901161079157023,"GiPValue":0.90526615709797553,"NNeighbors":83,"Gi_Bin":0}},{"type":"Feature","id":304,"geometry":{"type":"Point","coordinates":[78.870773000000042,29.769698000000062]},"properties":{"OBJECTID":304,"SOURCE_ID":304,"gbifID":3113495562,"GiZScore":-0.4912935472072591,"GiPValue":0.62321884488358037,"NNeighbors":42,"Gi_Bin":0}},{"type":"Feature","id":305,"geometry":{"type":"Point","coordinates":[78.925796000000048,29.751353000000051]},"properties":{"OBJECTID":305,"SOURCE_ID":305,"gbifID":3113607548,"GiZScore":-0.90625240321291223,"GiPValue":0.36480228218355704,"NNeighbors":54,"Gi_Bin":0}},{"type":"Feature","id":306,"geometry":{"type":"Point","coordinates":[78.85787700000003,29.766538000000025]},"properties":{"OBJECTID":306,"SOURCE_ID":306,"gbifID":3118187646,"GiZScore":-0.7285599662475013,"GiPValue":0.46627088022093266,"NNeighbors":44,"Gi_Bin":0}},{"type":"Feature","id":307,"geometry":{"type":"Point","coordinates":[78.92793000000006,29.655963000000042]},"properties":{"OBJECTID":307,"SOURCE_ID":307,"gbifID":3118201369,"GiZScore":-0.27655723452504793,"GiPValue":0.78212010648337082,"NNeighbors":87,"Gi_Bin":0}},{"type":"Feature","id":308,"geometry":{"type":"Point","coordinates":[78.953114000000085,29.779454000000044]},"properties":{"OBJECTID":308,"SOURCE_ID":308,"gbifID":3118210655,"GiZScore":-1.0449269746676608,"GiPValue":0.29605673665288812,"NNeighbors":42,"Gi_Bin":0}},{"type":"Feature","id":309,"geometry":{"type":"Point","coordinates":[78.880585000000053,29.733277000000044]},"properties":{"OBJECTID":309,"SOURCE_ID":309,"gbifID":3118223694,"GiZScore":-0.99792567847941216,"GiPValue":0.31831541250173145,"NNeighbors":56,"Gi_Bin":0}},{"type":"Feature","id":310,"geometry":{"type":"Point","coordinates":[78.959647000000075,29.644152000000076]},"properties":{"OBJECTID":310,"SOURCE_ID":310,"gbifID":3118300693,"GiZScore":-0.26863181480257836,"GiPValue":0.78821302752860301,"NNeighbors":89,"Gi_Bin":0}},{"type":"Feature","id":311,"geometry":{"type":"Point","coordinates":[78.80001800000008,29.627387000000056]},"properties":{"OBJECTID":311,"SOURCE_ID":311,"gbifID":3118344640,"GiZScore":-1.5711589482279558,"GiPValue":0.11614573290552967,"NNeighbors":71,"Gi_Bin":0}},{"type":"Feature","id":312,"geometry":{"type":"Point","coordinates":[78.878155000000049,29.692911000000038]},"properties":{"OBJECTID":312,"SOURCE_ID":312,"gbifID":3118507400,"GiZScore":-1.0850155666011645,"GiPValue":0.27791477753427918,"NNeighbors":68,"Gi_Bin":0}},{"type":"Feature","id":313,"geometry":{"type":"Point","coordinates":[78.807172000000037,29.683802000000071]},"properties":{"OBJECTID":313,"SOURCE_ID":313,"gbifID":3118512393,"GiZScore":-1.767914033939153,"GiPValue":0.077075276283055744,"NNeighbors":62,"Gi_Bin":0}},{"type":"Feature","id":314,"geometry":{"type":"Point","coordinates":[78.847321000000079,29.742008000000055]},"properties":{"OBJECTID":314,"SOURCE_ID":314,"gbifID":3124489587,"GiZScore":-0.65577376292300427,"GiPValue":0.51196970431197975,"NNeighbors":54,"Gi_Bin":0}},{"type":"Feature","id":315,"geometry":{"type":"Point","coordinates":[78.98691800000006,29.795947000000069]},"properties":{"OBJECTID":315,"SOURCE_ID":315,"gbifID":3124559797,"GiZScore":-1.9922103498497772,"GiPValue":0.046347983129449426,"NNeighbors":20,"Gi_Bin":0}},{"type":"Feature","id":316,"geometry":{"type":"Point","coordinates":[78.833418000000052,29.795692000000031]},"properties":{"OBJECTID":316,"SOURCE_ID":316,"gbifID":3124577820,"GiZScore":-2.1271917885885481,"GiPValue":0.033404151127409833,"NNeighbors":17,"Gi_Bin":-1}},{"type":"Feature","id":317,"geometry":{"type":"Point","coordinates":[78.869448000000034,29.660239000000047]},"properties":{"OBJECTID":317,"SOURCE_ID":317,"gbifID":3124600622,"GiZScore":-0.50980650480104639,"GiPValue":0.61018703004969221,"NNeighbors":89,"Gi_Bin":0}},{"type":"Feature","id":318,"geometry":{"type":"Point","coordinates":[79.319123000000047,20.11389900000006]},"properties":{"OBJECTID":318,"SOURCE_ID":318,"gbifID":3887846548,"GiZScore":2.1702564366092782,"GiPValue":0.029987424812736113,"NNeighbors":159,"Gi_Bin":1}},{"type":"Feature","id":319,"geometry":{"type":"Point","coordinates":[76.504682000000059,26.01389800000004]},"properties":{"OBJECTID":319,"SOURCE_ID":319,"gbifID":3887847313,"GiZScore":-2.8513916029555211,"GiPValue":0.0043528324730314465,"NNeighbors":219,"Gi_Bin":-2}},{"type":"Feature","id":320,"geometry":{"type":"Point","coordinates":[81.173723000000052,23.703266000000042]},"properties":{"OBJECTID":320,"SOURCE_ID":320,"gbifID":3314327753,"GiZScore":1.9695165582946434,"GiPValue":0.048893803035233899,"NNeighbors":170,"Gi_Bin":0}},{"type":"Feature","id":321,"geometry":{"type":"Point","coordinates":[80.642733000000078,21.939914000000044]},"properties":{"OBJECTID":321,"SOURCE_ID":321,"gbifID":3887845397,"GiZScore":1.8110436804545853,"GiPValue":0.070134090409702574,"NNeighbors":61,"Gi_Bin":0}},{"type":"Feature","id":322,"geometry":{"type":"Point","coordinates":[81.017718000000059,23.722092000000032]},"properties":{"OBJECTID":322,"SOURCE_ID":322,"gbifID":3887845459,"GiZScore":1.021300697982737,"GiPValue":0.30711201003097366,"NNeighbors":208,"Gi_Bin":0}},{"type":"Feature","id":323,"geometry":{"type":"Point","coordinates":[81.017718000000059,23.722092000000032]},"properties":{"OBJECTID":323,"SOURCE_ID":323,"gbifID":3887845461,"GiZScore":1.021300697982737,"GiPValue":0.30711201003097366,"NNeighbors":208,"Gi_Bin":0}},{"type":"Feature","id":324,"geometry":{"type":"Point","coordinates":[81.017718000000059,23.722092000000032]},"properties":{"OBJECTID":324,"SOURCE_ID":324,"gbifID":3887845467,"GiZScore":1.021300697982737,"GiPValue":0.30711201003097366,"NNeighbors":208,"Gi_Bin":0}},{"type":"Feature","id":325,"geometry":{"type":"Point","coordinates":[81.017718000000059,23.722092000000032]},"properties":{"OBJECTID":325,"SOURCE_ID":325,"gbifID":3887845471,"GiZScore":1.021300697982737,"GiPValue":0.30711201003097366,"NNeighbors":208,"Gi_Bin":0}},{"type":"Feature","id":326,"geometry":{"type":"Point","coordinates":[81.017718000000059,23.722092000000032]},"properties":{"OBJECTID":326,"SOURCE_ID":326,"gbifID":3887845482,"GiZScore":1.021300697982737,"GiPValue":0.30711201003097366,"NNeighbors":208,"Gi_Bin":0}},{"type":"Feature","id":327,"geometry":{"type":"Point","coordinates":[81.017718000000059,23.722092000000032]},"properties":{"OBJECTID":327,"SOURCE_ID":327,"gbifID":3887845500,"GiZScore":1.021300697982737,"GiPValue":0.30711201003097366,"NNeighbors":208,"Gi_Bin":0}},{"type":"Feature","id":328,"geometry":{"type":"Point","coordinates":[81.017718000000059,23.722092000000032]},"properties":{"OBJECTID":328,"SOURCE_ID":328,"gbifID":3887845511,"GiZScore":1.021300697982737,"GiPValue":0.30711201003097366,"NNeighbors":208,"Gi_Bin":0}},{"type":"Feature","id":329,"geometry":{"type":"Point","coordinates":[80.976048000000048,23.69907900000004]},"properties":{"OBJECTID":329,"SOURCE_ID":329,"gbifID":3887845533,"GiZScore":1.021300697982737,"GiPValue":0.30711201003097366,"NNeighbors":208,"Gi_Bin":0}},{"type":"Feature","id":330,"geometry":{"type":"Point","coordinates":[79.334861000000046,21.74057300000004]},"properties":{"OBJECTID":330,"SOURCE_ID":330,"gbifID":3887845628,"GiZScore":-0.15688785042852804,"GiPValue":0.87533323528493212,"NNeighbors":93,"Gi_Bin":0}},{"type":"Feature","id":331,"geometry":{"type":"Point","coordinates":[79.362100000000055,21.698609000000033]},"properties":{"OBJECTID":331,"SOURCE_ID":331,"gbifID":3887845670,"GiZScore":0.041631534133235851,"GiPValue":0.96679243442094409,"NNeighbors":96,"Gi_Bin":0}},{"type":"Feature","id":332,"geometry":{"type":"Point","coordinates":[79.30414600000006,21.715522000000078]},"properties":{"OBJECTID":332,"SOURCE_ID":332,"gbifID":3887845678,"GiZScore":0.041631534133235851,"GiPValue":0.96679243442094409,"NNeighbors":96,"Gi_Bin":0}},{"type":"Feature","id":333,"geometry":{"type":"Point","coordinates":[79.334861000000046,21.74057300000004]},"properties":{"OBJECTID":333,"SOURCE_ID":333,"gbifID":3887845681,"GiZScore":-0.15688785042852804,"GiPValue":0.87533323528493212,"NNeighbors":93,"Gi_Bin":0}},{"type":"Feature","id":334,"geometry":{"type":"Point","coordinates":[79.30414600000006,21.715522000000078]},"properties":{"OBJECTID":334,"SOURCE_ID":334,"gbifID":3887845686,"GiZScore":0.041631534133235851,"GiPValue":0.96679243442094409,"NNeighbors":96,"Gi_Bin":0}},{"type":"Feature","id":335,"geometry":{"type":"Point","coordinates":[79.334861000000046,21.74057300000004]},"properties":{"OBJECTID":335,"SOURCE_ID":335,"gbifID":3887845739,"GiZScore":-0.15688785042852804,"GiPValue":0.87533323528493212,"NNeighbors":93,"Gi_Bin":0}},{"type":"Feature","id":336,"geometry":{"type":"Point","coordinates":[80.976048000000048,23.69907900000004]},"properties":{"OBJECTID":336,"SOURCE_ID":336,"gbifID":3887846095,"GiZScore":1.021300697982737,"GiPValue":0.30711201003097366,"NNeighbors":208,"Gi_Bin":0}},{"type":"Feature","id":337,"geometry":{"type":"Point","coordinates":[81.017718000000059,23.722092000000032]},"properties":{"OBJECTID":337,"SOURCE_ID":337,"gbifID":3887846107,"GiZScore":1.021300697982737,"GiPValue":0.30711201003097366,"NNeighbors":208,"Gi_Bin":0}},{"type":"Feature","id":338,"geometry":{"type":"Point","coordinates":[80.976048000000048,23.69907900000004]},"properties":{"OBJECTID":338,"SOURCE_ID":338,"gbifID":3887846167,"GiZScore":1.021300697982737,"GiPValue":0.30711201003097366,"NNeighbors":208,"Gi_Bin":0}},{"type":"Feature","id":339,"geometry":{"type":"Point","coordinates":[81.017718000000059,23.722090000000037]},"properties":{"OBJECTID":339,"SOURCE_ID":339,"gbifID":3887846174,"GiZScore":1.021300697982737,"GiPValue":0.30711201003097366,"NNeighbors":208,"Gi_Bin":0}},{"type":"Feature","id":340,"geometry":{"type":"Point","coordinates":[81.017718000000059,23.722090000000037]},"properties":{"OBJECTID":340,"SOURCE_ID":340,"gbifID":3887846179,"GiZScore":1.021300697982737,"GiPValue":0.30711201003097366,"NNeighbors":208,"Gi_Bin":0}},{"type":"Feature","id":341,"geometry":{"type":"Point","coordinates":[80.642733000000078,21.939914000000044]},"properties":{"OBJECTID":341,"SOURCE_ID":341,"gbifID":3887846400,"GiZScore":1.8110436804545853,"GiPValue":0.070134090409702574,"NNeighbors":61,"Gi_Bin":0}},{"type":"Feature","id":342,"geometry":{"type":"Point","coordinates":[80.485881000000063,22.022441000000072]},"properties":{"OBJECTID":342,"SOURCE_ID":342,"gbifID":3887846402,"GiZScore":2.1573926053457333,"GiPValue":0.030975086908306828,"NNeighbors":62,"Gi_Bin":1}},{"type":"Feature","id":343,"geometry":{"type":"Point","coordinates":[80.642733000000078,21.939914000000044]},"properties":{"OBJECTID":343,"SOURCE_ID":343,"gbifID":3887846404,"GiZScore":1.8110436804545853,"GiPValue":0.070134090409702574,"NNeighbors":61,"Gi_Bin":0}},{"type":"Feature","id":344,"geometry":{"type":"Point","coordinates":[80.642733000000078,21.939914000000044]},"properties":{"OBJECTID":344,"SOURCE_ID":344,"gbifID":3887846409,"GiZScore":1.8110436804545853,"GiPValue":0.070134090409702574,"NNeighbors":61,"Gi_Bin":0}},{"type":"Feature","id":345,"geometry":{"type":"Point","coordinates":[80.485881000000063,22.022441000000072]},"properties":{"OBJECTID":345,"SOURCE_ID":345,"gbifID":3887846411,"GiZScore":2.1573926053457333,"GiPValue":0.030975086908306828,"NNeighbors":62,"Gi_Bin":1}},{"type":"Feature","id":346,"geometry":{"type":"Point","coordinates":[80.642733000000078,21.939914000000044]},"properties":{"OBJECTID":346,"SOURCE_ID":346,"gbifID":3887846422,"GiZScore":1.8110436804545853,"GiPValue":0.070134090409702574,"NNeighbors":61,"Gi_Bin":0}},{"type":"Feature","id":347,"geometry":{"type":"Point","coordinates":[80.642733000000078,21.939914000000044]},"properties":{"OBJECTID":347,"SOURCE_ID":347,"gbifID":3887846425,"GiZScore":1.8110436804545853,"GiPValue":0.070134090409702574,"NNeighbors":61,"Gi_Bin":0}},{"type":"Feature","id":348,"geometry":{"type":"Point","coordinates":[80.485881000000063,22.022441000000072]},"properties":{"OBJECTID":348,"SOURCE_ID":348,"gbifID":3887846432,"GiZScore":2.1573926053457333,"GiPValue":0.030975086908306828,"NNeighbors":62,"Gi_Bin":1}},{"type":"Feature","id":349,"geometry":{"type":"Point","coordinates":[80.642733000000078,21.939914000000044]},"properties":{"OBJECTID":349,"SOURCE_ID":349,"gbifID":3887846443,"GiZScore":1.8110436804545853,"GiPValue":0.070134090409702574,"NNeighbors":61,"Gi_Bin":0}},{"type":"Feature","id":350,"geometry":{"type":"Point","coordinates":[80.642733000000078,21.939914000000044]},"properties":{"OBJECTID":350,"SOURCE_ID":350,"gbifID":3887846455,"GiZScore":1.8110436804545853,"GiPValue":0.070134090409702574,"NNeighbors":61,"Gi_Bin":0}},{"type":"Feature","id":351,"geometry":{"type":"Point","coordinates":[80.642733000000078,21.939914000000044]},"properties":{"OBJECTID":351,"SOURCE_ID":351,"gbifID":3887846462,"GiZScore":1.8110436804545853,"GiPValue":0.070134090409702574,"NNeighbors":61,"Gi_Bin":0}},{"type":"Feature","id":352,"geometry":{"type":"Point","coordinates":[81.017718000000059,23.722092000000032]},"properties":{"OBJECTID":352,"SOURCE_ID":352,"gbifID":3887846680,"GiZScore":1.021300697982737,"GiPValue":0.30711201003097366,"NNeighbors":208,"Gi_Bin":0}},{"type":"Feature","id":353,"geometry":{"type":"Point","coordinates":[76.504682000000059,26.01389800000004]},"properties":{"OBJECTID":353,"SOURCE_ID":353,"gbifID":3887846790,"GiZScore":-2.8513916029555211,"GiPValue":0.0043528324730314465,"NNeighbors":219,"Gi_Bin":-2}},{"type":"Feature","id":354,"geometry":{"type":"Point","coordinates":[76.504682000000059,26.01389800000004]},"properties":{"OBJECTID":354,"SOURCE_ID":354,"gbifID":3887846841,"GiZScore":-2.8513916029555211,"GiPValue":0.0043528324730314465,"NNeighbors":219,"Gi_Bin":-2}},{"type":"Feature","id":355,"geometry":{"type":"Point","coordinates":[76.434788000000083,26.019211000000041]},"properties":{"OBJECTID":355,"SOURCE_ID":355,"gbifID":3887846885,"GiZScore":-3.4071028090266542,"GiPValue":0.00065656391196063221,"NNeighbors":224,"Gi_Bin":-3}},{"type":"Feature","id":356,"geometry":{"type":"Point","coordinates":[76.504682000000059,26.01389800000004]},"properties":{"OBJECTID":356,"SOURCE_ID":356,"gbifID":3887846888,"GiZScore":-2.8513916029555211,"GiPValue":0.0043528324730314465,"NNeighbors":219,"Gi_Bin":-2}},{"type":"Feature","id":357,"geometry":{"type":"Point","coordinates":[79.400000000000034,20.266660000000059]},"properties":{"OBJECTID":357,"SOURCE_ID":357,"gbifID":3887847002,"GiZScore":2.9527918577652663,"GiPValue":0.0031491422120901152,"NNeighbors":250,"Gi_Bin":2}},{"type":"Feature","id":358,"geometry":{"type":"Point","coordinates":[79.398552000000052,20.366017000000056]},"properties":{"OBJECTID":358,"SOURCE_ID":358,"gbifID":3887847046,"GiZScore":2.696699697093806,"GiPValue":0.0070030393383333379,"NNeighbors":235,"Gi_Bin":2}},{"type":"Feature","id":359,"geometry":{"type":"Point","coordinates":[93.460525000000075,26.375851000000068]},"properties":{"OBJECTID":359,"SOURCE_ID":359,"gbifID":3887847374,"GiZScore":0.66433364137290907,"GiPValue":0.50647679831172265,"NNeighbors":10,"Gi_Bin":0}},{"type":"Feature","id":360,"geometry":{"type":"Point","coordinates":[79.941659000000072,24.590517000000034]},"properties":{"OBJECTID":360,"SOURCE_ID":360,"gbifID":3887847437,"GiZScore":1.0225497697054993,"GiPValue":0.3065207836973225,"NNeighbors":34,"Gi_Bin":0}},{"type":"Feature","id":361,"geometry":{"type":"Point","coordinates":[79.941659000000072,24.590517000000034]},"properties":{"OBJECTID":361,"SOURCE_ID":361,"gbifID":3887847444,"GiZScore":1.0225497697054993,"GiPValue":0.3065207836973225,"NNeighbors":34,"Gi_Bin":0}},{"type":"Feature","id":362,"geometry":{"type":"Point","coordinates":[80.430243000000075,22.371454000000028]},"properties":{"OBJECTID":362,"SOURCE_ID":362,"gbifID":5153622909,"GiZScore":-0.08812141269514083,"GiPValue":0.92978017771680355,"NNeighbors":49,"Gi_Bin":0}},{"type":"Feature","id":363,"geometry":{"type":"Point","coordinates":[78.395407000000034,29.817092000000059]},"properties":{"OBJECTID":363,"SOURCE_ID":363,"gbifID":3333485397,"GiZScore":0.31585374170056429,"GiPValue":0.75211352501969042,"NNeighbors":6,"Gi_Bin":0}},{"type":"Feature","id":364,"geometry":{"type":"Point","coordinates":[93.339257000000032,26.776339000000064]},"properties":{"OBJECTID":364,"SOURCE_ID":364,"gbifID":3383913222,"GiZScore":-2.3464431787305022,"GiPValue":0.018953555916428881,"NNeighbors":14,"Gi_Bin":-1}},{"type":"Feature","id":365,"geometry":{"type":"Point","coordinates":[81.017718000000059,23.722092000000032]},"properties":{"OBJECTID":365,"SOURCE_ID":365,"gbifID":3887845699,"GiZScore":1.021300697982737,"GiPValue":0.30711201003097366,"NNeighbors":208,"Gi_Bin":0}},{"type":"Feature","id":366,"geometry":{"type":"Point","coordinates":[81.017718000000059,23.722092000000032]},"properties":{"OBJECTID":366,"SOURCE_ID":366,"gbifID":3887845759,"GiZScore":1.021300697982737,"GiPValue":0.30711201003097366,"NNeighbors":208,"Gi_Bin":0}},{"type":"Feature","id":367,"geometry":{"type":"Point","coordinates":[79.479268000000047,20.298737000000074]},"properties":{"OBJECTID":367,"SOURCE_ID":367,"gbifID":3887846020,"GiZScore":3.0856297205691692,"GiPValue":0.002031215998042023,"NNeighbors":212,"Gi_Bin":2}},{"type":"Feature","id":368,"geometry":{"type":"Point","coordinates":[80.642733000000078,21.939914000000044]},"properties":{"OBJECTID":368,"SOURCE_ID":368,"gbifID":3887846357,"GiZScore":1.8110436804545853,"GiPValue":0.070134090409702574,"NNeighbors":61,"Gi_Bin":0}},{"type":"Feature","id":369,"geometry":{"type":"Point","coordinates":[76.504682000000059,26.01389800000004]},"properties":{"OBJECTID":369,"SOURCE_ID":369,"gbifID":3887846793,"GiZScore":-2.8513916029555211,"GiPValue":0.0043528324730314465,"NNeighbors":219,"Gi_Bin":-2}},{"type":"Feature","id":370,"geometry":{"type":"Point","coordinates":[79.400000000000034,20.266660000000059]},"properties":{"OBJECTID":370,"SOURCE_ID":370,"gbifID":3887846999,"GiZScore":2.9527918577652663,"GiPValue":0.0031491422120901152,"NNeighbors":250,"Gi_Bin":2}},{"type":"Feature","id":371,"geometry":{"type":"Point","coordinates":[79.400000000000034,20.266660000000059]},"properties":{"OBJECTID":371,"SOURCE_ID":371,"gbifID":3887847035,"GiZScore":2.9527918577652663,"GiPValue":0.0031491422120901152,"NNeighbors":250,"Gi_Bin":2}},{"type":"Feature","id":372,"geometry":{"type":"Point","coordinates":[80.002324000000044,24.789774000000023]},"properties":{"OBJECTID":372,"SOURCE_ID":372,"gbifID":4516820498,"GiZScore":0.482723137039969,"GiPValue":0.62929233445326671,"NNeighbors":31,"Gi_Bin":0}},{"type":"Feature","id":373,"geometry":{"type":"Point","coordinates":[76.571359000000029,26.005575000000078]},"properties":{"OBJECTID":373,"SOURCE_ID":373,"gbifID":4516821985,"GiZScore":-2.5653589669269743,"GiPValue":0.010306911248290725,"NNeighbors":213,"Gi_Bin":-2}},{"type":"Feature","id":374,"geometry":{"type":"Point","coordinates":[77.66584800000004,23.234677000000033]},"properties":{"OBJECTID":374,"SOURCE_ID":374,"gbifID":3415812779,"GiZScore":-0.34132032269917062,"GiPValue":0.73286245084216661,"NNeighbors":1,"Gi_Bin":0}},{"type":"Feature","id":375,"geometry":{"type":"Point","coordinates":[76.372048000000063,25.971478000000047]},"properties":{"OBJECTID":375,"SOURCE_ID":375,"gbifID":3466069272,"GiZScore":-2.5863990711821208,"GiPValue":0.0096984569245103982,"NNeighbors":211,"Gi_Bin":-2}},{"type":"Feature","id":376,"geometry":{"type":"Point","coordinates":[79.202490000000068,20.298399000000074]},"properties":{"OBJECTID":376,"SOURCE_ID":376,"gbifID":3385125242,"GiZScore":2.9964872021182618,"GiPValue":0.0027310970156676959,"NNeighbors":232,"Gi_Bin":2}},{"type":"Feature","id":379,"geometry":{"type":"Point","coordinates":[76.063784000000055,12.027705000000026]},"properties":{"OBJECTID":379,"SOURCE_ID":379,"gbifID":3456583132,"GiZScore":-0.5935745606102163,"GiPValue":0.55279670317290663,"NNeighbors":26,"Gi_Bin":0}},{"type":"Feature","id":380,"geometry":{"type":"Point","coordinates":[78.916786000000059,16.058669000000066]},"properties":{"OBJECTID":380,"SOURCE_ID":380,"gbifID":3499640494,"GiZScore":-0.24351724757207599,"GiPValue":0.80760472577141307,"NNeighbors":1,"Gi_Bin":0}},{"type":"Feature","id":381,"geometry":{"type":"Point","coordinates":[76.045066000000077,12.05442800000003]},"properties":{"OBJECTID":381,"SOURCE_ID":381,"gbifID":3759136804,"GiZScore":-0.5935745606102163,"GiPValue":0.55279670317290663,"NNeighbors":26,"Gi_Bin":0}},{"type":"Feature","id":382,"geometry":{"type":"Point","coordinates":[76.015638000000081,12.11363300000005]},"properties":{"OBJECTID":382,"SOURCE_ID":382,"gbifID":3759212801,"GiZScore":-0.71442251124050327,"GiPValue":0.47496596132157642,"NNeighbors":24,"Gi_Bin":0}},{"type":"Feature","id":383,"geometry":{"type":"Point","coordinates":[81.17557000000005,23.721949000000052]},"properties":{"OBJECTID":383,"SOURCE_ID":383,"gbifID":3903441894,"GiZScore":1.9503734119820009,"GiPValue":0.051131628491577,"NNeighbors":169,"Gi_Bin":0}},{"type":"Feature","id":384,"geometry":{"type":"Point","coordinates":[79.323900000000037,20.087628000000052]},"properties":{"OBJECTID":384,"SOURCE_ID":384,"gbifID":3415543610,"GiZScore":2.1721432217799244,"GiPValue":0.029844861736636082,"NNeighbors":134,"Gi_Bin":1}},{"type":"Feature","id":385,"geometry":{"type":"Point","coordinates":[76.346106000000077,25.958209000000068]},"properties":{"OBJECTID":385,"SOURCE_ID":385,"gbifID":3415607193,"GiZScore":-2.0094183867958395,"GiPValue":0.044492781895636727,"NNeighbors":183,"Gi_Bin":0}},{"type":"Feature","id":386,"geometry":{"type":"Point","coordinates":[80.894978000000037,23.795590000000061]},"properties":{"OBJECTID":386,"SOURCE_ID":386,"gbifID":3415657184,"GiZScore":0.88389867081796203,"GiPValue":0.3767509243556687,"NNeighbors":171,"Gi_Bin":0}},{"type":"Feature","id":387,"geometry":{"type":"Point","coordinates":[88.65919800000006,22.061644000000058]},"properties":{"OBJECTID":387,"SOURCE_ID":387,"gbifID":3499334581,"GiZScore":0.24235835904181979,"GiPValue":0.80850249752513037,"NNeighbors":11,"Gi_Bin":0}},{"type":"Feature","id":388,"geometry":{"type":"Point","coordinates":[76.416798000000028,26.177445000000034]},"properties":{"OBJECTID":388,"SOURCE_ID":388,"gbifID":3712404125,"GiZScore":-5.1719639012169667,"GiPValue":2.3164634300754252e-07,"NNeighbors":190,"Gi_Bin":-3}},{"type":"Feature","id":389,"geometry":{"type":"Point","coordinates":[76.557972000000063,25.982508000000053]},"properties":{"OBJECTID":389,"SOURCE_ID":389,"gbifID":3772748039,"GiZScore":-2.5805303369793071,"GiPValue":0.0098648688349466749,"NNeighbors":210,"Gi_Bin":-2}},{"type":"Feature","id":390,"geometry":{"type":"Point","coordinates":[85.575113000000044,25.149983000000077]},"properties":{"OBJECTID":390,"SOURCE_ID":390,"gbifID":4507920875,"GiZScore":0.93285886923032757,"GiPValue":0.35089285233222878,"NNeighbors":1,"Gi_Bin":0}},{"type":"Feature","id":391,"geometry":{"type":"Point","coordinates":[81.192117000000053,23.112639000000058]},"properties":{"OBJECTID":391,"SOURCE_ID":391,"gbifID":5760605840,"GiZScore":1.841813405092394,"GiPValue":0.065502448560973897,"NNeighbors":2,"Gi_Bin":0}},{"type":"Feature","id":392,"geometry":{"type":"Point","coordinates":[76.67456100000004,11.775089000000037]},"properties":{"OBJECTID":392,"SOURCE_ID":392,"gbifID":3455554977,"GiZScore":-1.2260056527980367,"GiPValue":0.22019657088868461,"NNeighbors":13,"Gi_Bin":0}},{"type":"Feature","id":393,"geometry":{"type":"Point","coordinates":[91.008667000000059,26.658351000000039]},"properties":{"OBJECTID":393,"SOURCE_ID":393,"gbifID":3455630048,"GiZScore":1.8165717015331004,"GiPValue":0.069282719767082779,"NNeighbors":4,"Gi_Bin":0}},{"type":"Feature","id":394,"geometry":{"type":"Point","coordinates":[76.45414100000005,11.784952000000033]},"properties":{"OBJECTID":394,"SOURCE_ID":394,"gbifID":3456055666,"GiZScore":-0.43992139384444034,"GiPValue":0.65999404165113695,"NNeighbors":24,"Gi_Bin":0}},{"type":"Feature","id":395,"geometry":{"type":"Point","coordinates":[76.754296000000068,11.623655000000042]},"properties":{"OBJECTID":395,"SOURCE_ID":395,"gbifID":3456221773,"GiZScore":-1.3701066180848449,"GiPValue":0.17065362224423372,"NNeighbors":11,"Gi_Bin":0}},{"type":"Feature","id":396,"geometry":{"type":"Point","coordinates":[76.62711900000005,11.716806000000076]},"properties":{"OBJECTID":396,"SOURCE_ID":396,"gbifID":3456931517,"GiZScore":-1.3254631360207616,"GiPValue":0.18501758844451266,"NNeighbors":16,"Gi_Bin":0}},{"type":"Feature","id":397,"geometry":{"type":"Point","coordinates":[91.088042000000087,26.767864000000031]},"properties":{"OBJECTID":397,"SOURCE_ID":397,"gbifID":3456966076,"GiZScore":1.8165717015331004,"GiPValue":0.069282719767082779,"NNeighbors":4,"Gi_Bin":0}},{"type":"Feature","id":398,"geometry":{"type":"Point","coordinates":[79.400000000000034,20.266660000000059]},"properties":{"OBJECTID":398,"SOURCE_ID":398,"gbifID":3887845836,"GiZScore":2.9527918577652663,"GiPValue":0.0031491422120901152,"NNeighbors":250,"Gi_Bin":2}},{"type":"Feature","id":399,"geometry":{"type":"Point","coordinates":[81.014654000000064,23.684879000000024]},"properties":{"OBJECTID":399,"SOURCE_ID":399,"gbifID":3903221333,"GiZScore":1.021300697982737,"GiPValue":0.30711201003097366,"NNeighbors":208,"Gi_Bin":0}},{"type":"Feature","id":400,"geometry":{"type":"Point","coordinates":[80.619076000000064,22.222141000000079]},"properties":{"OBJECTID":400,"SOURCE_ID":400,"gbifID":3903376989,"GiZScore":-1.2763662242891549,"GiPValue":0.20182611565413289,"NNeighbors":103,"Gi_Bin":0}},{"type":"Feature","id":401,"geometry":{"type":"Point","coordinates":[79.304685000000063,21.758036000000061]},"properties":{"OBJECTID":401,"SOURCE_ID":401,"gbifID":4177255976,"GiZScore":-0.24643055842160425,"GiPValue":0.80534895349293611,"NNeighbors":92,"Gi_Bin":0}},{"type":"Feature","id":402,"geometry":{"type":"Point","coordinates":[79.205159000000037,21.785658000000069]},"properties":{"OBJECTID":402,"SOURCE_ID":402,"gbifID":4177303169,"GiZScore":-0.47161293067722304,"GiPValue":0.63720309694432986,"NNeighbors":88,"Gi_Bin":0}},{"type":"Feature","id":403,"geometry":{"type":"Point","coordinates":[79.655092000000081,20.615852000000075]},"properties":{"OBJECTID":403,"SOURCE_ID":403,"gbifID":4177392445,"GiZScore":0.54722630282993556,"GiPValue":0.58422327021825093,"NNeighbors":1,"Gi_Bin":0}},{"type":"Feature","id":404,"geometry":{"type":"Point","coordinates":[76.588293000000078,25.916080000000079]},"properties":{"OBJECTID":404,"SOURCE_ID":404,"gbifID":5938379497,"GiZScore":-0.80809952284877173,"GiPValue":0.41903329970191416,"NNeighbors":168,"Gi_Bin":0}},{"type":"Feature","id":405,"geometry":{"type":"Point","coordinates":[76.504682000000059,26.01389800000004]},"properties":{"OBJECTID":405,"SOURCE_ID":405,"gbifID":3887845301,"GiZScore":-2.8513916029555211,"GiPValue":0.0043528324730314465,"NNeighbors":219,"Gi_Bin":-2}},{"type":"Feature","id":406,"geometry":{"type":"Point","coordinates":[79.400000000000034,20.266660000000059]},"properties":{"OBJECTID":406,"SOURCE_ID":406,"gbifID":3887845305,"GiZScore":2.9527918577652663,"GiPValue":0.0031491422120901152,"NNeighbors":250,"Gi_Bin":2}},{"type":"Feature","id":407,"geometry":{"type":"Point","coordinates":[79.479268000000047,20.298737000000074]},"properties":{"OBJECTID":407,"SOURCE_ID":407,"gbifID":3887845320,"GiZScore":3.0856297205691692,"GiPValue":0.002031215998042023,"NNeighbors":212,"Gi_Bin":2}},{"type":"Feature","id":408,"geometry":{"type":"Point","coordinates":[79.069799000000046,29.534069000000045]},"properties":{"OBJECTID":408,"SOURCE_ID":408,"gbifID":3887845354,"GiZScore":-0.11901161079157023,"GiPValue":0.90526615709797553,"NNeighbors":83,"Gi_Bin":0}},{"type":"Feature","id":409,"geometry":{"type":"Point","coordinates":[78.75958599900008,29.562076000000047]},"properties":{"OBJECTID":409,"SOURCE_ID":409,"gbifID":3887845355,"GiZScore":-1.1431475849324906,"GiPValue":0.25297733944916811,"NNeighbors":67,"Gi_Bin":0}},{"type":"Feature","id":410,"geometry":{"type":"Point","coordinates":[76.451299000000063,27.347621000000061]},"properties":{"OBJECTID":410,"SOURCE_ID":410,"gbifID":3887845377,"GiZScore":0.55522228611448721,"GiPValue":0.57874262963670464,"NNeighbors":7,"Gi_Bin":0}},{"type":"Feature","id":411,"geometry":{"type":"Point","coordinates":[78.155155000000036,22.458053000000064]},"properties":{"OBJECTID":411,"SOURCE_ID":411,"gbifID":3887845390,"GiZScore":0.43356474711532822,"GiPValue":0.66460454027682547,"NNeighbors":7,"Gi_Bin":0}},{"type":"Feature","id":412,"geometry":{"type":"Point","coordinates":[78.225097000000062,22.43336000000005]},"properties":{"OBJECTID":412,"SOURCE_ID":412,"gbifID":3887845393,"GiZScore":0.43356474711532822,"GiPValue":0.66460454027682547,"NNeighbors":7,"Gi_Bin":0}},{"type":"Feature","id":413,"geometry":{"type":"Point","coordinates":[80.642733000000078,21.939914000000044]},"properties":{"OBJECTID":413,"SOURCE_ID":413,"gbifID":3887845400,"GiZScore":1.8110436804545853,"GiPValue":0.070134090409702574,"NNeighbors":61,"Gi_Bin":0}},{"type":"Feature","id":414,"geometry":{"type":"Point","coordinates":[88.867629000000079,21.904322000000036]},"properties":{"OBJECTID":414,"SOURCE_ID":414,"gbifID":3887845410,"GiZScore":1.6024239430859355,"GiPValue":0.10906189373731043,"NNeighbors":51,"Gi_Bin":0}},{"type":"Feature","id":415,"geometry":{"type":"Point","coordinates":[80.976048000000048,23.69907900000004]},"properties":{"OBJECTID":415,"SOURCE_ID":415,"gbifID":3887845453,"GiZScore":1.021300697982737,"GiPValue":0.30711201003097366,"NNeighbors":208,"Gi_Bin":0}},{"type":"Feature","id":416,"geometry":{"type":"Point","coordinates":[81.017718000000059,23.722092000000032]},"properties":{"OBJECTID":416,"SOURCE_ID":416,"gbifID":3887845454,"GiZScore":1.021300697982737,"GiPValue":0.30711201003097366,"NNeighbors":208,"Gi_Bin":0}},{"type":"Feature","id":417,"geometry":{"type":"Point","coordinates":[81.023449000000085,23.725068000000078]},"properties":{"OBJECTID":417,"SOURCE_ID":417,"gbifID":3887845470,"GiZScore":0.91551857513806412,"GiPValue":0.35991946603810143,"NNeighbors":207,"Gi_Bin":0}},{"type":"Feature","id":418,"geometry":{"type":"Point","coordinates":[79.475257000000056,20.86691600000006]},"properties":{"OBJECTID":418,"SOURCE_ID":418,"gbifID":3887845476,"GiZScore":0.70070575753147502,"GiPValue":0.48348666715354116,"NNeighbors":21,"Gi_Bin":0}},{"type":"Feature","id":419,"geometry":{"type":"Point","coordinates":[79.601912000000084,20.84517500000004]},"properties":{"OBJECTID":419,"SOURCE_ID":419,"gbifID":3887845478,"GiZScore":0.70070575753147502,"GiPValue":0.48348666715354116,"NNeighbors":21,"Gi_Bin":0}},{"type":"Feature","id":420,"geometry":{"type":"Point","coordinates":[79.298564000000056,20.427700000000073]},"properties":{"OBJECTID":420,"SOURCE_ID":420,"gbifID":3887845516,"GiZScore":2.3406097695287396,"GiPValue":0.019252278021361223,"NNeighbors":220,"Gi_Bin":1}},{"type":"Feature","id":421,"geometry":{"type":"Point","coordinates":[79.447654000000057,20.299667000000056]},"properties":{"OBJECTID":421,"SOURCE_ID":421,"gbifID":3887845561,"GiZScore":3.1107737638799042,"GiPValue":0.0018659783995331602,"NNeighbors":243,"Gi_Bin":2}},{"type":"Feature","id":422,"geometry":{"type":"Point","coordinates":[79.43541300000004,20.122018000000025]},"properties":{"OBJECTID":422,"SOURCE_ID":422,"gbifID":3887845571,"GiZScore":2.1982374699009966,"GiPValue":0.027932187796200603,"NNeighbors":145,"Gi_Bin":1}},{"type":"Feature","id":423,"geometry":{"type":"Point","coordinates":[76.518211000000065,26.109356000000048]},"properties":{"OBJECTID":423,"SOURCE_ID":423,"gbifID":3887845584,"GiZScore":-3.6894064125571764,"GiPValue":0.00022477789589020534,"NNeighbors":203,"Gi_Bin":-3}},{"type":"Feature","id":424,"geometry":{"type":"Point","coordinates":[76.47332700000004,26.039992000000041]},"properties":{"OBJECTID":424,"SOURCE_ID":424,"gbifID":3887845605,"GiZScore":-3.4981356252085138,"GiPValue":0.00046852281129135162,"NNeighbors":217,"Gi_Bin":-3}},{"type":"Feature","id":425,"geometry":{"type":"Point","coordinates":[79.47875300000004,20.095039000000043]},"properties":{"OBJECTID":425,"SOURCE_ID":425,"gbifID":3887845607,"GiZScore":1.959285768053318,"GiPValue":0.050079329529545157,"NNeighbors":112,"Gi_Bin":0}},{"type":"Feature","id":426,"geometry":{"type":"Point","coordinates":[79.30414600000006,21.715522000000078]},"properties":{"OBJECTID":426,"SOURCE_ID":426,"gbifID":3887845614,"GiZScore":0.041631534133235851,"GiPValue":0.96679243442094409,"NNeighbors":96,"Gi_Bin":0}},{"type":"Feature","id":427,"geometry":{"type":"Point","coordinates":[79.348918000000083,21.656020000000069]},"properties":{"OBJECTID":427,"SOURCE_ID":427,"gbifID":3887845620,"GiZScore":0.28134208575233816,"GiPValue":0.77844803389944628,"NNeighbors":98,"Gi_Bin":0}},{"type":"Feature","id":428,"geometry":{"type":"Point","coordinates":[78.451924000000076,19.915736000000038]},"properties":{"OBJECTID":428,"SOURCE_ID":428,"gbifID":3887845646,"GiZScore":-1.1944384296785482,"GiPValue":0.23230653333381401,"NNeighbors":16,"Gi_Bin":0}},{"type":"Feature","id":429,"geometry":{"type":"Point","coordinates":[79.334861000000046,21.74057300000004]},"properties":{"OBJECTID":429,"SOURCE_ID":429,"gbifID":3887845650,"GiZScore":-0.15688785042852804,"GiPValue":0.87533323528493212,"NNeighbors":93,"Gi_Bin":0}},{"type":"Feature","id":430,"geometry":{"type":"Point","coordinates":[79.41064700000004,20.340141000000074]},"properties":{"OBJECTID":430,"SOURCE_ID":430,"gbifID":3887845656,"GiZScore":2.7150487928708844,"GiPValue":0.0066266006486232713,"NNeighbors":243,"Gi_Bin":2}},{"type":"Feature","id":431,"geometry":{"type":"Point","coordinates":[79.557418000000041,20.897699000000046]},"properties":{"OBJECTID":431,"SOURCE_ID":431,"gbifID":3887845668,"GiZScore":0.70070575753147502,"GiPValue":0.48348666715354116,"NNeighbors":21,"Gi_Bin":0}},{"type":"Feature","id":432,"geometry":{"type":"Point","coordinates":[79.319123000000047,20.11389900000006]},"properties":{"OBJECTID":432,"SOURCE_ID":432,"gbifID":3887845715,"GiZScore":2.1702564366092782,"GiPValue":0.029987424812736113,"NNeighbors":159,"Gi_Bin":1}},{"type":"Feature","id":433,"geometry":{"type":"Point","coordinates":[79.317614000000049,20.405937000000051]},"properties":{"OBJECTID":433,"SOURCE_ID":433,"gbifID":3887845738,"GiZScore":2.8031319765850449,"GiPValue":0.0050608954946914034,"NNeighbors":236,"Gi_Bin":2}},{"type":"Feature","id":434,"geometry":{"type":"Point","coordinates":[79.295453000000066,20.366643000000067]},"properties":{"OBJECTID":434,"SOURCE_ID":434,"gbifID":3887845756,"GiZScore":2.7907707391805698,"GiPValue":0.005258270298076918,"NNeighbors":236,"Gi_Bin":2}},{"type":"Feature","id":435,"geometry":{"type":"Point","coordinates":[79.275322000000074,20.446563000000026]},"properties":{"OBJECTID":435,"SOURCE_ID":435,"gbifID":3887845779,"GiZScore":2.3867338115926402,"GiPValue":0.016998794314181612,"NNeighbors":202,"Gi_Bin":1}},{"type":"Feature","id":436,"geometry":{"type":"Point","coordinates":[78.892366000000038,29.563036000000068]},"properties":{"OBJECTID":436,"SOURCE_ID":436,"gbifID":3887845795,"GiZScore":-1.2853145221684354,"GiPValue":0.19868239745873972,"NNeighbors":101,"Gi_Bin":0}},{"type":"Feature","id":437,"geometry":{"type":"Point","coordinates":[79.366946000000041,20.196902000000023]},"properties":{"OBJECTID":437,"SOURCE_ID":437,"gbifID":3887845875,"GiZScore":3.2165649913088377,"GiPValue":0.0012973514545733353,"NNeighbors":244,"Gi_Bin":2}},{"type":"Feature","id":438,"geometry":{"type":"Point","coordinates":[79.457434000000035,20.152123000000074]},"properties":{"OBJECTID":438,"SOURCE_ID":438,"gbifID":3887845877,"GiZScore":2.339523887274447,"GiPValue":0.019308336788841175,"NNeighbors":156,"Gi_Bin":1}},{"type":"Feature","id":439,"geometry":{"type":"Point","coordinates":[88.818755000000067,22.107393000000059]},"properties":{"OBJECTID":439,"SOURCE_ID":439,"gbifID":3887845986,"GiZScore":1.42137303640734,"GiPValue":0.15520834090559962,"NNeighbors":53,"Gi_Bin":0}},{"type":"Feature","id":440,"geometry":{"type":"Point","coordinates":[81.017718000000059,23.220920000000035]},"properties":{"OBJECTID":440,"SOURCE_ID":440,"gbifID":3887846072,"GiZScore":-0.44259664300833063,"GiPValue":0.6580575146637011,"NNeighbors":5,"Gi_Bin":0}},{"type":"Feature","id":441,"geometry":{"type":"Point","coordinates":[79.318640000000073,21.825420000000065]},"properties":{"OBJECTID":441,"SOURCE_ID":441,"gbifID":3887846091,"GiZScore":-0.56080031946042708,"GiPValue":0.57493367150545538,"NNeighbors":85,"Gi_Bin":0}},{"type":"Feature","id":442,"geometry":{"type":"Point","coordinates":[79.27744400000006,21.588748000000066]},"properties":{"OBJECTID":442,"SOURCE_ID":442,"gbifID":3887846131,"GiZScore":0.49736490624789514,"GiPValue":0.61893175028301883,"NNeighbors":99,"Gi_Bin":0}},{"type":"Feature","id":443,"geometry":{"type":"Point","coordinates":[81.017718000000059,23.722090000000037]},"properties":{"OBJECTID":443,"SOURCE_ID":443,"gbifID":3887846184,"GiZScore":1.021300697982737,"GiPValue":0.30711201003097366,"NNeighbors":208,"Gi_Bin":0}},{"type":"Feature","id":444,"geometry":{"type":"Point","coordinates":[79.26264800000007,20.394272000000058]},"properties":{"OBJECTID":444,"SOURCE_ID":444,"gbifID":3887846282,"GiZScore":2.6863155971812489,"GiPValue":0.0072244814160111635,"NNeighbors":227,"Gi_Bin":2}},{"type":"Feature","id":445,"geometry":{"type":"Point","coordinates":[79.327297000000044,21.78795800000006]},"properties":{"OBJECTID":445,"SOURCE_ID":445,"gbifID":3887846291,"GiZScore":-0.31631575716684557,"GiPValue":0.75176285270318255,"NNeighbors":92,"Gi_Bin":0}},{"type":"Feature","id":446,"geometry":{"type":"Point","coordinates":[80.485881000000063,22.022441000000072]},"properties":{"OBJECTID":446,"SOURCE_ID":446,"gbifID":3887846378,"GiZScore":2.1573926053457333,"GiPValue":0.030975086908306828,"NNeighbors":62,"Gi_Bin":1}},{"type":"Feature","id":447,"geometry":{"type":"Point","coordinates":[93.460525000000075,26.375851000000068]},"properties":{"OBJECTID":447,"SOURCE_ID":447,"gbifID":3887846526,"GiZScore":0.66433364137290907,"GiPValue":0.50647679831172265,"NNeighbors":10,"Gi_Bin":0}},{"type":"Feature","id":448,"geometry":{"type":"Point","coordinates":[81.023449000000085,23.722507000000064]},"properties":{"OBJECTID":448,"SOURCE_ID":448,"gbifID":3887846618,"GiZScore":0.91551857513806412,"GiPValue":0.35991946603810143,"NNeighbors":207,"Gi_Bin":0}},{"type":"Feature","id":449,"geometry":{"type":"Point","coordinates":[76.464666000000079,11.778816000000063]},"properties":{"OBJECTID":449,"SOURCE_ID":449,"gbifID":3887846682,"GiZScore":-0.49323086864866494,"GiPValue":0.62184947075910579,"NNeighbors":23,"Gi_Bin":0}},{"type":"Feature","id":450,"geometry":{"type":"Point","coordinates":[78.66583600000007,20.979178000000047]},"properties":{"OBJECTID":450,"SOURCE_ID":450,"gbifID":3887846685,"GiZScore":3.0619708174308884,"GiPValue":0.0021988488863186645,"NNeighbors":3,"Gi_Bin":2}},{"type":"Feature","id":451,"geometry":{"type":"Point","coordinates":[80.570329000000072,28.434567000000072]},"properties":{"OBJECTID":451,"SOURCE_ID":451,"gbifID":3887846687,"GiZScore":-1.2640072039162178,"GiPValue":0.20622746627436084,"NNeighbors":10,"Gi_Bin":0}},{"type":"Feature","id":453,"geometry":{"type":"Point","coordinates":[80.059434000000067,28.70585200000005]},"properties":{"OBJECTID":453,"SOURCE_ID":453,"gbifID":3887846755,"GiZScore":1.3097455459492728,"GiPValue":0.19028193009820901,"NNeighbors":3,"Gi_Bin":0}},{"type":"Feature","id":454,"geometry":{"type":"Point","coordinates":[78.225959000000046,29.945129000000065]},"properties":{"OBJECTID":454,"SOURCE_ID":454,"gbifID":3887846764,"GiZScore":-0.70402778323117865,"GiPValue":0.48141547659896311,"NNeighbors":7,"Gi_Bin":0}},{"type":"Feature","id":455,"geometry":{"type":"Point","coordinates":[76.434788000000083,26.019211000000041]},"properties":{"OBJECTID":455,"SOURCE_ID":455,"gbifID":3887846853,"GiZScore":-3.4071028090266542,"GiPValue":0.00065656391196063221,"NNeighbors":224,"Gi_Bin":-3}},{"type":"Feature","id":456,"geometry":{"type":"Point","coordinates":[79.398552000000052,20.366017000000056]},"properties":{"OBJECTID":456,"SOURCE_ID":456,"gbifID":3887846953,"GiZScore":2.696699697093806,"GiPValue":0.0070030393383333379,"NNeighbors":235,"Gi_Bin":2}},{"type":"Feature","id":457,"geometry":{"type":"Point","coordinates":[79.01863000000003,21.202270000000055]},"properties":{"OBJECTID":457,"SOURCE_ID":457,"gbifID":3887847228,"GiZScore":0.20940947684413935,"GiPValue":0.83412859545225271,"NNeighbors":1,"Gi_Bin":0}},{"type":"Feature","id":458,"geometry":{"type":"Point","coordinates":[80.570329000000072,28.435670000000073]},"properties":{"OBJECTID":458,"SOURCE_ID":458,"gbifID":3887847251,"GiZScore":-1.2640072039162178,"GiPValue":0.20622746627436084,"NNeighbors":10,"Gi_Bin":0}},{"type":"Feature","id":459,"geometry":{"type":"Point","coordinates":[93.171063000000061,26.577930000000038]},"properties":{"OBJECTID":459,"SOURCE_ID":459,"gbifID":3887847333,"GiZScore":-1.863179267556681,"GiPValue":0.06243704877211273,"NNeighbors":11,"Gi_Bin":0}},{"type":"Feature","id":460,"geometry":{"type":"Point","coordinates":[80.408085000000085,28.388555000000053]},"properties":{"OBJECTID":460,"SOURCE_ID":460,"gbifID":3887847356,"GiZScore":-0.69283354601929037,"GiPValue":0.48841402219478958,"NNeighbors":8,"Gi_Bin":0}},{"type":"Feature","id":461,"geometry":{"type":"Point","coordinates":[76.120628000000067,12.034326000000021]},"properties":{"OBJECTID":461,"SOURCE_ID":461,"gbifID":3887847384,"GiZScore":-0.59755596567775882,"GiPValue":0.55013625659176535,"NNeighbors":28,"Gi_Bin":0}},{"type":"Feature","id":462,"geometry":{"type":"Point","coordinates":[76.178437000000031,11.991231000000028]},"properties":{"OBJECTID":462,"SOURCE_ID":462,"gbifID":3887847390,"GiZScore":-0.5668607372719674,"GiPValue":0.57080880401933309,"NNeighbors":35,"Gi_Bin":0}},{"type":"Feature","id":463,"geometry":{"type":"Point","coordinates":[76.247461000000044,11.87702900000005]},"properties":{"OBJECTID":463,"SOURCE_ID":463,"gbifID":3887847418,"GiZScore":0.42126923109762993,"GiPValue":0.67355849668225487,"NNeighbors":30,"Gi_Bin":0}},{"type":"Feature","id":464,"geometry":{"type":"Point","coordinates":[79.986591000000033,21.248170000000073]},"properties":{"OBJECTID":464,"SOURCE_ID":464,"gbifID":3887847457,"GiZScore":-1.4537203719555745,"GiPValue":0.1460238477670433,"NNeighbors":4,"Gi_Bin":0}},{"type":"Feature","id":465,"geometry":{"type":"Point","coordinates":[79.941659000000072,24.590517000000034]},"properties":{"OBJECTID":465,"SOURCE_ID":465,"gbifID":3887847472,"GiZScore":1.0225497697054993,"GiPValue":0.3065207836973225,"NNeighbors":34,"Gi_Bin":0}},{"type":"Feature","id":466,"geometry":{"type":"Point","coordinates":[79.22003600000005,29.438819000000024]},"properties":{"OBJECTID":466,"SOURCE_ID":466,"gbifID":3887847583,"GiZScore":-1.0469820358493216,"GiPValue":0.29510787874016731,"NNeighbors":38,"Gi_Bin":0}},{"type":"Feature","id":467,"geometry":{"type":"Point","coordinates":[79.044354000000055,29.554046000000028]},"properties":{"OBJECTID":467,"SOURCE_ID":467,"gbifID":3887847592,"GiZScore":-0.2483297528500947,"GiPValue":0.80387928061630687,"NNeighbors":86,"Gi_Bin":0}},{"type":"Feature","id":468,"geometry":{"type":"Point","coordinates":[80.653483000000051,22.217130000000054]},"properties":{"OBJECTID":468,"SOURCE_ID":468,"gbifID":2862294589,"GiZScore":-1.7256682710579487,"GiPValue":0.084407109342728687,"NNeighbors":101,"Gi_Bin":0}},{"type":"Feature","id":469,"geometry":{"type":"Point","coordinates":[79.348918000000083,21.656020000000069]},"properties":{"OBJECTID":469,"SOURCE_ID":469,"gbifID":3887845662,"GiZScore":0.28134208575233816,"GiPValue":0.77844803389944628,"NNeighbors":98,"Gi_Bin":0}},{"type":"Feature","id":470,"geometry":{"type":"Point","coordinates":[78.451924000000076,19.915736000000038]},"properties":{"OBJECTID":470,"SOURCE_ID":470,"gbifID":3887845701,"GiZScore":-1.1944384296785482,"GiPValue":0.23230653333381401,"NNeighbors":16,"Gi_Bin":0}},{"type":"Feature","id":471,"geometry":{"type":"Point","coordinates":[78.892366000000038,29.563036000000068]},"properties":{"OBJECTID":471,"SOURCE_ID":471,"gbifID":3887845823,"GiZScore":-1.2853145221684354,"GiPValue":0.19868239745873972,"NNeighbors":101,"Gi_Bin":0}},{"type":"Feature","id":472,"geometry":{"type":"Point","coordinates":[79.317614000000049,20.405937000000051]},"properties":{"OBJECTID":472,"SOURCE_ID":472,"gbifID":3887846545,"GiZScore":2.8031319765850449,"GiPValue":0.0050608954946914034,"NNeighbors":236,"Gi_Bin":2}},{"type":"Feature","id":473,"geometry":{"type":"Point","coordinates":[79.317614000000049,20.405937000000051]},"properties":{"OBJECTID":473,"SOURCE_ID":473,"gbifID":3887847441,"GiZScore":2.8031319765850449,"GiPValue":0.0050608954946914034,"NNeighbors":236,"Gi_Bin":2}},{"type":"Feature","id":474,"geometry":{"type":"Point","coordinates":[79.479268000000047,20.298737000000074]},"properties":{"OBJECTID":474,"SOURCE_ID":474,"gbifID":3887847450,"GiZScore":3.0856297205691692,"GiPValue":0.002031215998042023,"NNeighbors":212,"Gi_Bin":2}},{"type":"Feature","id":475,"geometry":{"type":"Point","coordinates":[79.317614000000049,20.405937000000051]},"properties":{"OBJECTID":475,"SOURCE_ID":475,"gbifID":3887847503,"GiZScore":2.8031319765850449,"GiPValue":0.0050608954946914034,"NNeighbors":236,"Gi_Bin":2}},{"type":"Feature","id":476,"geometry":{"type":"Point","coordinates":[76.560871000000077,25.889180000000067]},"properties":{"OBJECTID":476,"SOURCE_ID":476,"gbifID":5007450845,"GiZScore":-0.43423811416208374,"GiPValue":0.66411553955543101,"NNeighbors":161,"Gi_Bin":0}},{"type":"Feature","id":479,"geometry":{"type":"Point","coordinates":[76.45125900000005,26.009877000000074]},"properties":{"OBJECTID":479,"SOURCE_ID":479,"gbifID":2573850787,"GiZScore":-3.2203745949444045,"GiPValue":0.0012802319089104649,"NNeighbors":225,"Gi_Bin":-2}},{"type":"Feature","id":480,"geometry":{"type":"Point","coordinates":[78.56382300000007,22.478994000000057]},"properties":{"OBJECTID":480,"SOURCE_ID":480,"gbifID":2579222462,"GiZScore":-1.3173830201513308,"GiPValue":0.18771026961214365,"NNeighbors":1,"Gi_Bin":0}},{"type":"Feature","id":481,"geometry":{"type":"Point","coordinates":[76.459376000000077,26.197773000000041]},"properties":{"OBJECTID":481,"SOURCE_ID":481,"gbifID":2579267427,"GiZScore":-4.9896060091452936,"GiPValue":6.0502564705859562e-07,"NNeighbors":183,"Gi_Bin":-3}},{"type":"Feature","id":483,"geometry":{"type":"Point","coordinates":[76.500154000000066,26.097825000000057]},"properties":{"OBJECTID":483,"SOURCE_ID":483,"gbifID":2984361956,"GiZScore":-3.44675392136199,"GiPValue":0.00056736511284953962,"NNeighbors":206,"Gi_Bin":-3}},{"type":"Feature","id":484,"geometry":{"type":"Point","coordinates":[76.527707000000078,26.096336000000065]},"properties":{"OBJECTID":484,"SOURCE_ID":484,"gbifID":3455555899,"GiZScore":-3.7042147910915859,"GiPValue":0.00021204653284509993,"NNeighbors":204,"Gi_Bin":-3}},{"type":"Feature","id":485,"geometry":{"type":"Point","coordinates":[76.575147000000072,26.063791000000037]},"properties":{"OBJECTID":485,"SOURCE_ID":485,"gbifID":3455635546,"GiZScore":-3.3374778581469289,"GiPValue":0.00084542457644660454,"NNeighbors":207,"Gi_Bin":-2}},{"type":"Feature","id":486,"geometry":{"type":"Point","coordinates":[76.548362000000054,26.021807000000024]},"properties":{"OBJECTID":486,"SOURCE_ID":486,"gbifID":3456249964,"GiZScore":-2.6346242783045284,"GiPValue":0.0084230462392310274,"NNeighbors":214,"Gi_Bin":-2}},{"type":"Feature","id":487,"geometry":{"type":"Point","coordinates":[76.448751000000073,26.084846000000027]},"properties":{"OBJECTID":487,"SOURCE_ID":487,"gbifID":3499608584,"GiZScore":-3.5625493496003595,"GiPValue":0.00036727083972582495,"NNeighbors":209,"Gi_Bin":-3}},{"type":"Feature","id":488,"geometry":{"type":"Point","coordinates":[78.892366000000038,29.563036000000068]},"properties":{"OBJECTID":488,"SOURCE_ID":488,"gbifID":3887845304,"GiZScore":-1.2853145221684354,"GiPValue":0.19868239745873972,"NNeighbors":101,"Gi_Bin":0}},{"type":"Feature","id":489,"geometry":{"type":"Point","coordinates":[78.75958599900008,29.562076000000047]},"properties":{"OBJECTID":489,"SOURCE_ID":489,"gbifID":3887845385,"GiZScore":-1.1431475849324906,"GiPValue":0.25297733944916811,"NNeighbors":67,"Gi_Bin":0}},{"type":"Feature","id":490,"geometry":{"type":"Point","coordinates":[79.069799000000046,29.534069000000045]},"properties":{"OBJECTID":490,"SOURCE_ID":490,"gbifID":3887845420,"GiZScore":-0.11901161079157023,"GiPValue":0.90526615709797553,"NNeighbors":83,"Gi_Bin":0}},{"type":"Feature","id":491,"geometry":{"type":"Point","coordinates":[79.475257000000056,20.86691600000006]},"properties":{"OBJECTID":491,"SOURCE_ID":491,"gbifID":3887845472,"GiZScore":0.70070575753147502,"GiPValue":0.48348666715354116,"NNeighbors":21,"Gi_Bin":0}},{"type":"Feature","id":492,"geometry":{"type":"Point","coordinates":[79.30414600000006,21.715522000000078]},"properties":{"OBJECTID":492,"SOURCE_ID":492,"gbifID":3887845625,"GiZScore":0.041631534133235851,"GiPValue":0.96679243442094409,"NNeighbors":96,"Gi_Bin":0}},{"type":"Feature","id":493,"geometry":{"type":"Point","coordinates":[81.017718000000059,23.722092000000032]},"properties":{"OBJECTID":493,"SOURCE_ID":493,"gbifID":3887846035,"GiZScore":1.021300697982737,"GiPValue":0.30711201003097366,"NNeighbors":208,"Gi_Bin":0}},{"type":"Feature","id":494,"geometry":{"type":"Point","coordinates":[88.818755000000067,22.107393000000059]},"properties":{"OBJECTID":494,"SOURCE_ID":494,"gbifID":3887846471,"GiZScore":1.42137303640734,"GiPValue":0.15520834090559962,"NNeighbors":53,"Gi_Bin":0}},{"type":"Feature","id":495,"geometry":{"type":"Point","coordinates":[79.392491000000064,19.941868000000056]},"properties":{"OBJECTID":495,"SOURCE_ID":495,"gbifID":3887846876,"GiZScore":-0.18118034782843989,"GiPValue":0.85622601956211108,"NNeighbors":21,"Gi_Bin":0}},{"type":"Feature","id":496,"geometry":{"type":"Point","coordinates":[80.642733000000078,21.939914000000044]},"properties":{"OBJECTID":496,"SOURCE_ID":496,"gbifID":3887847040,"GiZScore":1.8110436804545853,"GiPValue":0.070134090409702574,"NNeighbors":61,"Gi_Bin":0}},{"type":"Feature","id":497,"geometry":{"type":"Point","coordinates":[80.408085000000085,28.388555000000053]},"properties":{"OBJECTID":497,"SOURCE_ID":497,"gbifID":3887847370,"GiZScore":-0.69283354601929037,"GiPValue":0.48841402219478958,"NNeighbors":8,"Gi_Bin":0}},{"type":"Feature","id":498,"geometry":{"type":"Point","coordinates":[79.941659000000072,24.590517000000034]},"properties":{"OBJECTID":498,"SOURCE_ID":498,"gbifID":3887847485,"GiZScore":1.0225497697054993,"GiPValue":0.3065207836973225,"NNeighbors":34,"Gi_Bin":0}},{"type":"Feature","id":499,"geometry":{"type":"Point","coordinates":[81.111537000000055,23.621144000000072]},"properties":{"OBJECTID":499,"SOURCE_ID":499,"gbifID":4067259092,"GiZScore":1.6795097558603376,"GiPValue":0.093052739137031118,"NNeighbors":186,"Gi_Bin":0}},{"type":"Feature","id":500,"geometry":{"type":"Point","coordinates":[81.14171900000008,23.775805000000048]},"properties":{"OBJECTID":500,"SOURCE_ID":500,"gbifID":4067614029,"GiZScore":1.8439723746793004,"GiPValue":0.065187166284091255,"NNeighbors":180,"Gi_Bin":0}},{"type":"Feature","id":501,"geometry":{"type":"Point","coordinates":[81.034739000000059,23.76867500000003]},"properties":{"OBJECTID":501,"SOURCE_ID":501,"gbifID":4080962562,"GiZScore":1.2555341658147656,"GiPValue":0.20928493789628522,"NNeighbors":206,"Gi_Bin":0}},{"type":"Feature","id":502,"geometry":{"type":"Point","coordinates":[78.921154000000058,29.592904000000033]},"properties":{"OBJECTID":502,"SOURCE_ID":502,"gbifID":4133637211,"GiZScore":-0.94999107459023291,"GiPValue":0.34211679944338325,"NNeighbors":98,"Gi_Bin":0}},{"type":"Feature","id":503,"geometry":{"type":"Point","coordinates":[81.068834000000038,23.739201000000037]},"properties":{"OBJECTID":503,"SOURCE_ID":503,"gbifID":4901689794,"GiZScore":1.3077388673832149,"GiPValue":0.19096189546389733,"NNeighbors":196,"Gi_Bin":0}},{"type":"Feature","id":504,"geometry":{"type":"Point","coordinates":[79.253016000000059,21.626633000000027]},"properties":{"OBJECTID":504,"SOURCE_ID":504,"gbifID":5167438942,"GiZScore":0.51677763370160446,"GiPValue":0.60531139704656123,"NNeighbors":100,"Gi_Bin":0}},{"type":"Feature","id":505,"geometry":{"type":"Point","coordinates":[79.218694000000085,21.642343000000039]},"properties":{"OBJECTID":505,"SOURCE_ID":505,"gbifID":2576489125,"GiZScore":0.3491671373653471,"GiPValue":0.72696383666384956,"NNeighbors":98,"Gi_Bin":0}},{"type":"Feature","id":506,"geometry":{"type":"Point","coordinates":[79.38518700000003,20.221933000000035]},"properties":{"OBJECTID":506,"SOURCE_ID":506,"gbifID":2850680137,"GiZScore":3.1610111139206141,"GiPValue":0.0015722249943972539,"NNeighbors":247,"Gi_Bin":2}},{"type":"Feature","id":507,"geometry":{"type":"Point","coordinates":[79.212796000000083,20.289737000000059]},"properties":{"OBJECTID":507,"SOURCE_ID":507,"gbifID":2850747204,"GiZScore":3.006327892446961,"GiPValue":0.0026442369423454511,"NNeighbors":233,"Gi_Bin":2}},{"type":"Feature","id":508,"geometry":{"type":"Point","coordinates":[79.394142000000045,20.33293800000007]},"properties":{"OBJECTID":508,"SOURCE_ID":508,"gbifID":2850761152,"GiZScore":2.7769859942138946,"GiPValue":0.0054865543125203345,"NNeighbors":244,"Gi_Bin":2}},{"type":"Feature","id":509,"geometry":{"type":"Point","coordinates":[79.345333000000039,20.318913000000066]},"properties":{"OBJECTID":509,"SOURCE_ID":509,"gbifID":2850772141,"GiZScore":2.8279634978042805,"GiPValue":0.0046845147604008255,"NNeighbors":249,"Gi_Bin":2}},{"type":"Feature","id":510,"geometry":{"type":"Point","coordinates":[79.279692000000068,20.364221000000043]},"properties":{"OBJECTID":510,"SOURCE_ID":510,"gbifID":2850848128,"GiZScore":2.7907707391805698,"GiPValue":0.005258270298076918,"NNeighbors":236,"Gi_Bin":2}},{"type":"Feature","id":511,"geometry":{"type":"Point","coordinates":[79.351624000000072,20.361240000000066]},"properties":{"OBJECTID":511,"SOURCE_ID":511,"gbifID":2851182131,"GiZScore":2.8250034988274368,"GiPValue":0.004728009974758432,"NNeighbors":237,"Gi_Bin":2}},{"type":"Feature","id":512,"geometry":{"type":"Point","coordinates":[79.267941000000064,20.21160100000003]},"properties":{"OBJECTID":512,"SOURCE_ID":512,"gbifID":2851196189,"GiZScore":2.9467256469692691,"GiPValue":0.0032115800547659712,"NNeighbors":249,"Gi_Bin":2}},{"type":"Feature","id":513,"geometry":{"type":"Point","coordinates":[79.388370000000066,20.379639000000054]},"properties":{"OBJECTID":513,"SOURCE_ID":513,"gbifID":2851197196,"GiZScore":2.6863241969112561,"GiPValue":0.0072242954549245749,"NNeighbors":234,"Gi_Bin":2}},{"type":"Feature","id":514,"geometry":{"type":"Point","coordinates":[79.398738000000037,20.289454000000035]},"properties":{"OBJECTID":514,"SOURCE_ID":514,"gbifID":2851255128,"GiZScore":2.9527918577652663,"GiPValue":0.0031491422120901152,"NNeighbors":250,"Gi_Bin":2}},{"type":"Feature","id":515,"geometry":{"type":"Point","coordinates":[88.690503000000035,22.12308100000007]},"properties":{"OBJECTID":515,"SOURCE_ID":515,"gbifID":2988528104,"GiZScore":0.24235835904181979,"GiPValue":0.80850249752513037,"NNeighbors":11,"Gi_Bin":0}},{"type":"Feature","id":516,"geometry":{"type":"Point","coordinates":[93.529023000000052,26.682646000000034]},"properties":{"OBJECTID":516,"SOURCE_ID":516,"gbifID":3499610595,"GiZScore":-3.2363595711674686,"GiPValue":0.0012106477789867614,"NNeighbors":11,"Gi_Bin":-2}},{"type":"Feature","id":517,"geometry":{"type":"Point","coordinates":[79.069799000000046,29.534069000000045]},"properties":{"OBJECTID":517,"SOURCE_ID":517,"gbifID":3887845794,"GiZScore":-0.11901161079157023,"GiPValue":0.90526615709797553,"NNeighbors":83,"Gi_Bin":0}},{"type":"Feature","id":518,"geometry":{"type":"Point","coordinates":[78.892366000000038,29.563036000000068]},"properties":{"OBJECTID":518,"SOURCE_ID":518,"gbifID":3887845833,"GiZScore":-1.2853145221684354,"GiPValue":0.19868239745873972,"NNeighbors":101,"Gi_Bin":0}},{"type":"Feature","id":519,"geometry":{"type":"Point","coordinates":[79.30414600000006,21.715522000000078]},"properties":{"OBJECTID":519,"SOURCE_ID":519,"gbifID":3887846201,"GiZScore":0.041631534133235851,"GiPValue":0.96679243442094409,"NNeighbors":96,"Gi_Bin":0}},{"type":"Feature","id":520,"geometry":{"type":"Point","coordinates":[79.400000000000034,20.266660000000059]},"properties":{"OBJECTID":520,"SOURCE_ID":520,"gbifID":3887846328,"GiZScore":2.9527918577652663,"GiPValue":0.0031491422120901152,"NNeighbors":250,"Gi_Bin":2}},{"type":"Feature","id":521,"geometry":{"type":"Point","coordinates":[79.27744400000006,21.588748000000066]},"properties":{"OBJECTID":521,"SOURCE_ID":521,"gbifID":3887846731,"GiZScore":0.49736490624789514,"GiPValue":0.61893175028301883,"NNeighbors":99,"Gi_Bin":0}},{"type":"Feature","id":522,"geometry":{"type":"Point","coordinates":[80.642733000000078,21.939914000000044]},"properties":{"OBJECTID":522,"SOURCE_ID":522,"gbifID":3887847043,"GiZScore":1.8110436804545853,"GiPValue":0.070134090409702574,"NNeighbors":61,"Gi_Bin":0}},{"type":"Feature","id":523,"geometry":{"type":"Point","coordinates":[93.157999000000075,26.48797200000007]},"properties":{"OBJECTID":523,"SOURCE_ID":523,"gbifID":3887847338,"GiZScore":-0.25167776785932577,"GiPValue":0.80129014287651745,"NNeighbors":8,"Gi_Bin":0}},{"type":"Feature","id":525,"geometry":{"type":"Point","coordinates":[80.642733000000078,21.939914000000044]},"properties":{"OBJECTID":525,"SOURCE_ID":525,"gbifID":3887845939,"GiZScore":1.8110436804545853,"GiPValue":0.070134090409702574,"NNeighbors":61,"Gi_Bin":0}},{"type":"Feature","id":526,"geometry":{"type":"Point","coordinates":[81.017718000000059,23.722092000000032]},"properties":{"OBJECTID":526,"SOURCE_ID":526,"gbifID":3887846211,"GiZScore":1.021300697982737,"GiPValue":0.30711201003097366,"NNeighbors":208,"Gi_Bin":0}},{"type":"Feature","id":527,"geometry":{"type":"Point","coordinates":[81.017718000000059,23.722092000000032]},"properties":{"OBJECTID":527,"SOURCE_ID":527,"gbifID":3887846626,"GiZScore":1.021300697982737,"GiPValue":0.30711201003097366,"NNeighbors":208,"Gi_Bin":0}},{"type":"Feature","id":528,"geometry":{"type":"Point","coordinates":[76.504682000000059,26.01389800000004]},"properties":{"OBJECTID":528,"SOURCE_ID":528,"gbifID":3887846669,"GiZScore":-2.8513916029555211,"GiPValue":0.0043528324730314465,"NNeighbors":219,"Gi_Bin":-2}},{"type":"Feature","id":529,"geometry":{"type":"Point","coordinates":[78.451924000000076,19.915736000000038]},"properties":{"OBJECTID":529,"SOURCE_ID":529,"gbifID":3887845664,"GiZScore":-1.1944384296785482,"GiPValue":0.23230653333381401,"NNeighbors":16,"Gi_Bin":0}},{"type":"Feature","id":530,"geometry":{"type":"Point","coordinates":[78.892366000000038,29.563036000000068]},"properties":{"OBJECTID":530,"SOURCE_ID":530,"gbifID":3887845362,"GiZScore":-1.2853145221684354,"GiPValue":0.19868239745873972,"NNeighbors":101,"Gi_Bin":0}},{"type":"Feature","id":531,"geometry":{"type":"Point","coordinates":[78.451924000000076,19.915736000000038]},"properties":{"OBJECTID":531,"SOURCE_ID":531,"gbifID":3887845692,"GiZScore":-1.1944384296785482,"GiPValue":0.23230653333381401,"NNeighbors":16,"Gi_Bin":0}},{"type":"Feature","id":532,"geometry":{"type":"Point","coordinates":[78.852645000000052,29.517615000000035]},"properties":{"OBJECTID":532,"SOURCE_ID":532,"gbifID":3887847256,"GiZScore":-1.0187274342995509,"GiPValue":0.30833239851854244,"NNeighbors":97,"Gi_Bin":0}},{"type":"Feature","id":533,"geometry":{"type":"Point","coordinates":[76.747689000000037,12.067578000000026]},"properties":{"OBJECTID":533,"SOURCE_ID":533,"gbifID":5167489598,"GiZScore":1.6993710265124993,"GiPValue":0.089249297534035821,"NNeighbors":3,"Gi_Bin":0}},{"type":"Feature","id":535,"geometry":{"type":"Point","coordinates":[76.504682000000059,26.01389800000004]},"properties":{"OBJECTID":535,"SOURCE_ID":535,"gbifID":3887845306,"GiZScore":-2.8513916029555211,"GiPValue":0.0043528324730314465,"NNeighbors":219,"Gi_Bin":-2}},{"type":"Feature","id":536,"geometry":{"type":"Point","coordinates":[78.852645000000052,29.517615000000035]},"properties":{"OBJECTID":536,"SOURCE_ID":536,"gbifID":3887845368,"GiZScore":-1.0187274342995509,"GiPValue":0.30833239851854244,"NNeighbors":97,"Gi_Bin":0}},{"type":"Feature","id":537,"geometry":{"type":"Point","coordinates":[88.818755000000067,22.107393000000059]},"properties":{"OBJECTID":537,"SOURCE_ID":537,"gbifID":3887845446,"GiZScore":1.42137303640734,"GiPValue":0.15520834090559962,"NNeighbors":53,"Gi_Bin":0}},{"type":"Feature","id":538,"geometry":{"type":"Point","coordinates":[79.348918000000083,21.656020000000069]},"properties":{"OBJECTID":538,"SOURCE_ID":538,"gbifID":3887845778,"GiZScore":0.28134208575233816,"GiPValue":0.77844803389944628,"NNeighbors":98,"Gi_Bin":0}},{"type":"Feature","id":539,"geometry":{"type":"Point","coordinates":[88.867629000000079,21.904322000000036]},"properties":{"OBJECTID":539,"SOURCE_ID":539,"gbifID":3887845957,"GiZScore":1.6024239430859355,"GiPValue":0.10906189373731043,"NNeighbors":51,"Gi_Bin":0}},{"type":"Feature","id":540,"geometry":{"type":"Point","coordinates":[88.867629000000079,21.904322000000036]},"properties":{"OBJECTID":540,"SOURCE_ID":540,"gbifID":3887845967,"GiZScore":1.6024239430859355,"GiPValue":0.10906189373731043,"NNeighbors":51,"Gi_Bin":0}},{"type":"Feature","id":541,"geometry":{"type":"Point","coordinates":[79.27744400000006,21.588748000000066]},"properties":{"OBJECTID":541,"SOURCE_ID":541,"gbifID":3887846154,"GiZScore":0.49736490624789514,"GiPValue":0.61893175028301883,"NNeighbors":99,"Gi_Bin":0}},{"type":"Feature","id":542,"geometry":{"type":"Point","coordinates":[80.642733000000078,21.939914000000044]},"properties":{"OBJECTID":542,"SOURCE_ID":542,"gbifID":3887846346,"GiZScore":1.8110436804545853,"GiPValue":0.070134090409702574,"NNeighbors":61,"Gi_Bin":0}},{"type":"Feature","id":543,"geometry":{"type":"Point","coordinates":[79.400000000000034,20.266660000000059]},"properties":{"OBJECTID":543,"SOURCE_ID":543,"gbifID":3887846450,"GiZScore":2.9527918577652663,"GiPValue":0.0031491422120901152,"NNeighbors":250,"Gi_Bin":2}},{"type":"Feature","id":544,"geometry":{"type":"Point","coordinates":[81.017718000000059,23.722092000000032]},"properties":{"OBJECTID":544,"SOURCE_ID":544,"gbifID":3887846606,"GiZScore":1.021300697982737,"GiPValue":0.30711201003097366,"NNeighbors":208,"Gi_Bin":0}},{"type":"Feature","id":545,"geometry":{"type":"Point","coordinates":[79.366946000000041,20.196902000000023]},"properties":{"OBJECTID":545,"SOURCE_ID":545,"gbifID":3887847378,"GiZScore":3.2165649913088377,"GiPValue":0.0012973514545733353,"NNeighbors":244,"Gi_Bin":2}},{"type":"Feature","id":546,"geometry":{"type":"Point","coordinates":[76.120628000000067,12.034326000000021]},"properties":{"OBJECTID":546,"SOURCE_ID":546,"gbifID":3887847383,"GiZScore":-0.59755596567775882,"GiPValue":0.55013625659176535,"NNeighbors":28,"Gi_Bin":0}},{"type":"Feature","id":547,"geometry":{"type":"Point","coordinates":[79.22110500000008,20.318996000000027]},"properties":{"OBJECTID":547,"SOURCE_ID":547,"gbifID":4872209921,"GiZScore":3.006327892446961,"GiPValue":0.0026442369423454511,"NNeighbors":233,"Gi_Bin":2}},{"type":"Feature","id":548,"geometry":{"type":"Point","coordinates":[79.250187000000039,20.257634000000053]},"properties":{"OBJECTID":548,"SOURCE_ID":548,"gbifID":4872630747,"GiZScore":2.904594047087107,"GiPValue":0.0036772970765732728,"NNeighbors":248,"Gi_Bin":2}},{"type":"Feature","id":549,"geometry":{"type":"Point","coordinates":[80.760478000000035,22.118056000000024]},"properties":{"OBJECTID":549,"SOURCE_ID":549,"gbifID":2988597798,"GiZScore":-0.57189556215208248,"GiPValue":0.5673927335000557,"NNeighbors":102,"Gi_Bin":0}},{"type":"Feature","id":550,"geometry":{"type":"Point","coordinates":[78.892366000000038,29.563036000000068]},"properties":{"OBJECTID":550,"SOURCE_ID":550,"gbifID":3887845309,"GiZScore":-1.2853145221684354,"GiPValue":0.19868239745873972,"NNeighbors":101,"Gi_Bin":0}},{"type":"Feature","id":551,"geometry":{"type":"Point","coordinates":[76.451299000000063,27.347621000000061]},"properties":{"OBJECTID":551,"SOURCE_ID":551,"gbifID":3887845381,"GiZScore":0.55522228611448721,"GiPValue":0.57874262963670464,"NNeighbors":7,"Gi_Bin":0}},{"type":"Feature","id":552,"geometry":{"type":"Point","coordinates":[81.017718000000059,23.722092000000032]},"properties":{"OBJECTID":552,"SOURCE_ID":552,"gbifID":3887845488,"GiZScore":1.021300697982737,"GiPValue":0.30711201003097366,"NNeighbors":208,"Gi_Bin":0}},{"type":"Feature","id":553,"geometry":{"type":"Point","coordinates":[79.941659000000072,24.590517000000034]},"properties":{"OBJECTID":553,"SOURCE_ID":553,"gbifID":3887845599,"GiZScore":1.0225497697054993,"GiPValue":0.3065207836973225,"NNeighbors":34,"Gi_Bin":0}},{"type":"Feature","id":554,"geometry":{"type":"Point","coordinates":[88.867629000000079,21.904322000000036]},"properties":{"OBJECTID":554,"SOURCE_ID":554,"gbifID":3887846003,"GiZScore":1.6024239430859355,"GiPValue":0.10906189373731043,"NNeighbors":51,"Gi_Bin":0}},{"type":"Feature","id":555,"geometry":{"type":"Point","coordinates":[81.017718000000059,23.722092000000032]},"properties":{"OBJECTID":555,"SOURCE_ID":555,"gbifID":3887846121,"GiZScore":1.021300697982737,"GiPValue":0.30711201003097366,"NNeighbors":208,"Gi_Bin":0}},{"type":"Feature","id":556,"geometry":{"type":"Point","coordinates":[79.317614000000049,20.405937000000051]},"properties":{"OBJECTID":556,"SOURCE_ID":556,"gbifID":3887846540,"GiZScore":2.8031319765850449,"GiPValue":0.0050608954946914034,"NNeighbors":236,"Gi_Bin":2}},{"type":"Feature","id":557,"geometry":{"type":"Point","coordinates":[81.017718000000059,23.722092000000032]},"properties":{"OBJECTID":557,"SOURCE_ID":557,"gbifID":3887846602,"GiZScore":1.021300697982737,"GiPValue":0.30711201003097366,"NNeighbors":208,"Gi_Bin":0}},{"type":"Feature","id":558,"geometry":{"type":"Point","coordinates":[79.319123000000047,20.11389900000006]},"properties":{"OBJECTID":558,"SOURCE_ID":558,"gbifID":3887847309,"GiZScore":2.1702564366092782,"GiPValue":0.029987424812736113,"NNeighbors":159,"Gi_Bin":1}},{"type":"Feature","id":559,"geometry":{"type":"Point","coordinates":[79.400000000000034,20.266660000000059]},"properties":{"OBJECTID":559,"SOURCE_ID":559,"gbifID":3887847532,"GiZScore":2.9527918577652663,"GiPValue":0.0031491422120901152,"NNeighbors":250,"Gi_Bin":2}},{"type":"Feature","id":560,"geometry":{"type":"Point","coordinates":[76.33851100000004,12.120323000000042]},"properties":{"OBJECTID":560,"SOURCE_ID":560,"gbifID":3013942930,"GiZScore":-0.43049999329486566,"GiPValue":0.66683197278335538,"NNeighbors":14,"Gi_Bin":0}},{"type":"Feature","id":561,"geometry":{"type":"Point","coordinates":[92.722126001000049,26.022201000000052]},"properties":{"OBJECTID":561,"SOURCE_ID":561,"gbifID":3059037423,"GiZScore":-0.75757557845037338,"GiPValue":0.44870511096401444,"NNeighbors":1,"Gi_Bin":0}},{"type":"Feature","id":562,"geometry":{"type":"Point","coordinates":[88.867629000000079,21.904322000000036]},"properties":{"OBJECTID":562,"SOURCE_ID":562,"gbifID":3887845413,"GiZScore":1.6024239430859355,"GiPValue":0.10906189373731043,"NNeighbors":51,"Gi_Bin":0}},{"type":"Feature","id":563,"geometry":{"type":"Point","coordinates":[76.47332700000004,26.039992000000041]},"properties":{"OBJECTID":563,"SOURCE_ID":563,"gbifID":3887845632,"GiZScore":-3.4981356252085138,"GiPValue":0.00046852281129135162,"NNeighbors":217,"Gi_Bin":-3}},{"type":"Feature","id":564,"geometry":{"type":"Point","coordinates":[78.451924000000076,19.915736000000038]},"properties":{"OBJECTID":564,"SOURCE_ID":564,"gbifID":3887845679,"GiZScore":-1.1944384296785482,"GiPValue":0.23230653333381401,"NNeighbors":16,"Gi_Bin":0}},{"type":"Feature","id":565,"geometry":{"type":"Point","coordinates":[79.400000000000034,20.266660000000059]},"properties":{"OBJECTID":565,"SOURCE_ID":565,"gbifID":3887845717,"GiZScore":2.9527918577652663,"GiPValue":0.0031491422120901152,"NNeighbors":250,"Gi_Bin":2}},{"type":"Feature","id":566,"geometry":{"type":"Point","coordinates":[79.400000000000034,20.266660000000059]},"properties":{"OBJECTID":566,"SOURCE_ID":566,"gbifID":3887845728,"GiZScore":2.9527918577652663,"GiPValue":0.0031491422120901152,"NNeighbors":250,"Gi_Bin":2}},{"type":"Feature","id":567,"geometry":{"type":"Point","coordinates":[79.475257000000056,20.86691600000006]},"properties":{"OBJECTID":567,"SOURCE_ID":567,"gbifID":3887845761,"GiZScore":0.70070575753147502,"GiPValue":0.48348666715354116,"NNeighbors":21,"Gi_Bin":0}},{"type":"Feature","id":568,"geometry":{"type":"Point","coordinates":[79.317614000000049,20.405937000000051]},"properties":{"OBJECTID":568,"SOURCE_ID":568,"gbifID":3887845765,"GiZScore":2.8031319765850449,"GiPValue":0.0050608954946914034,"NNeighbors":236,"Gi_Bin":2}},{"type":"Feature","id":569,"geometry":{"type":"Point","coordinates":[79.069799000000046,29.534069000000045]},"properties":{"OBJECTID":569,"SOURCE_ID":569,"gbifID":3887845807,"GiZScore":-0.11901161079157023,"GiPValue":0.90526615709797553,"NNeighbors":83,"Gi_Bin":0}},{"type":"Feature","id":570,"geometry":{"type":"Point","coordinates":[79.348918000000083,21.656020000000069]},"properties":{"OBJECTID":570,"SOURCE_ID":570,"gbifID":3887845838,"GiZScore":0.28134208575233816,"GiPValue":0.77844803389944628,"NNeighbors":98,"Gi_Bin":0}},{"type":"Feature","id":571,"geometry":{"type":"Point","coordinates":[78.892366000000038,29.563036000000068]},"properties":{"OBJECTID":571,"SOURCE_ID":571,"gbifID":3887845917,"GiZScore":-1.2853145221684354,"GiPValue":0.19868239745873972,"NNeighbors":101,"Gi_Bin":0}},{"type":"Feature","id":572,"geometry":{"type":"Point","coordinates":[88.867629000000079,21.904322000000036]},"properties":{"OBJECTID":572,"SOURCE_ID":572,"gbifID":3887845975,"GiZScore":1.6024239430859355,"GiPValue":0.10906189373731043,"NNeighbors":51,"Gi_Bin":0}},{"type":"Feature","id":573,"geometry":{"type":"Point","coordinates":[88.867629000000079,21.904322000000036]},"properties":{"OBJECTID":573,"SOURCE_ID":573,"gbifID":3887845979,"GiZScore":1.6024239430859355,"GiPValue":0.10906189373731043,"NNeighbors":51,"Gi_Bin":0}},{"type":"Feature","id":574,"geometry":{"type":"Point","coordinates":[88.867629000000079,21.904322000000036]},"properties":{"OBJECTID":574,"SOURCE_ID":574,"gbifID":3887846013,"GiZScore":1.6024239430859355,"GiPValue":0.10906189373731043,"NNeighbors":51,"Gi_Bin":0}},{"type":"Feature","id":575,"geometry":{"type":"Point","coordinates":[81.017718000000059,23.722092000000032]},"properties":{"OBJECTID":575,"SOURCE_ID":575,"gbifID":3887846595,"GiZScore":1.021300697982737,"GiPValue":0.30711201003097366,"NNeighbors":208,"Gi_Bin":0}},{"type":"Feature","id":576,"geometry":{"type":"Point","coordinates":[80.976048000000048,23.69907900000004]},"properties":{"OBJECTID":576,"SOURCE_ID":576,"gbifID":3887846608,"GiZScore":1.021300697982737,"GiPValue":0.30711201003097366,"NNeighbors":208,"Gi_Bin":0}},{"type":"Feature","id":577,"geometry":{"type":"Point","coordinates":[81.017718000000059,23.722092000000032]},"properties":{"OBJECTID":577,"SOURCE_ID":577,"gbifID":3887846609,"GiZScore":1.021300697982737,"GiPValue":0.30711201003097366,"NNeighbors":208,"Gi_Bin":0}},{"type":"Feature","id":578,"geometry":{"type":"Point","coordinates":[81.017718000000059,23.722092000000032]},"properties":{"OBJECTID":578,"SOURCE_ID":578,"gbifID":3887846650,"GiZScore":1.021300697982737,"GiPValue":0.30711201003097366,"NNeighbors":208,"Gi_Bin":0}},{"type":"Feature","id":579,"geometry":{"type":"Point","coordinates":[80.642733000000078,21.939914000000044]},"properties":{"OBJECTID":579,"SOURCE_ID":579,"gbifID":3887846933,"GiZScore":1.8110436804545853,"GiPValue":0.070134090409702574,"NNeighbors":61,"Gi_Bin":0}},{"type":"Feature","id":580,"geometry":{"type":"Point","coordinates":[79.400000000000034,20.266660000000059]},"properties":{"OBJECTID":580,"SOURCE_ID":580,"gbifID":3887846998,"GiZScore":2.9527918577652663,"GiPValue":0.0031491422120901152,"NNeighbors":250,"Gi_Bin":2}},{"type":"Feature","id":581,"geometry":{"type":"Point","coordinates":[76.504682000000059,26.01389800000004]},"properties":{"OBJECTID":581,"SOURCE_ID":581,"gbifID":3887847257,"GiZScore":-2.8513916029555211,"GiPValue":0.0043528324730314465,"NNeighbors":219,"Gi_Bin":-2}},{"type":"Feature","id":582,"geometry":{"type":"Point","coordinates":[76.120628000000067,12.034326000000021]},"properties":{"OBJECTID":582,"SOURCE_ID":582,"gbifID":3887847423,"GiZScore":-0.59755596567775882,"GiPValue":0.55013625659176535,"NNeighbors":28,"Gi_Bin":0}},{"type":"Feature","id":583,"geometry":{"type":"Point","coordinates":[76.178437000000031,11.991231000000028]},"properties":{"OBJECTID":583,"SOURCE_ID":583,"gbifID":3887847429,"GiZScore":-0.5668607372719674,"GiPValue":0.57080880401933309,"NNeighbors":35,"Gi_Bin":0}},{"type":"Feature","id":584,"geometry":{"type":"Point","coordinates":[76.47332700000004,26.039992000000041]},"properties":{"OBJECTID":584,"SOURCE_ID":584,"gbifID":3887845327,"GiZScore":-3.4981356252085138,"GiPValue":0.00046852281129135162,"NNeighbors":217,"Gi_Bin":-3}},{"type":"Feature","id":585,"geometry":{"type":"Point","coordinates":[88.867629000000079,21.904322000000036]},"properties":{"OBJECTID":585,"SOURCE_ID":585,"gbifID":3887845417,"GiZScore":1.6024239430859355,"GiPValue":0.10906189373731043,"NNeighbors":51,"Gi_Bin":0}},{"type":"Feature","id":586,"geometry":{"type":"Point","coordinates":[79.400000000000034,20.266660000000059]},"properties":{"OBJECTID":586,"SOURCE_ID":586,"gbifID":3887845553,"GiZScore":2.9527918577652663,"GiPValue":0.0031491422120901152,"NNeighbors":250,"Gi_Bin":2}},{"type":"Feature","id":587,"geometry":{"type":"Point","coordinates":[79.30414600000006,21.715522000000078]},"properties":{"OBJECTID":587,"SOURCE_ID":587,"gbifID":3887845714,"GiZScore":0.041631534133235851,"GiPValue":0.96679243442094409,"NNeighbors":96,"Gi_Bin":0}},{"type":"Feature","id":588,"geometry":{"type":"Point","coordinates":[78.451924000000076,19.915736000000038]},"properties":{"OBJECTID":588,"SOURCE_ID":588,"gbifID":3887845727,"GiZScore":-1.1944384296785482,"GiPValue":0.23230653333381401,"NNeighbors":16,"Gi_Bin":0}},{"type":"Feature","id":589,"geometry":{"type":"Point","coordinates":[79.348918000000083,21.656020000000069]},"properties":{"OBJECTID":589,"SOURCE_ID":589,"gbifID":3887845820,"GiZScore":0.28134208575233816,"GiPValue":0.77844803389944628,"NNeighbors":98,"Gi_Bin":0}},{"type":"Feature","id":590,"geometry":{"type":"Point","coordinates":[88.828038000000049,22.069247000000075]},"properties":{"OBJECTID":590,"SOURCE_ID":590,"gbifID":3887845990,"GiZScore":1.42137303640734,"GiPValue":0.15520834090559962,"NNeighbors":53,"Gi_Bin":0}},{"type":"Feature","id":591,"geometry":{"type":"Point","coordinates":[88.822402000000068,21.997826000000032]},"properties":{"OBJECTID":591,"SOURCE_ID":591,"gbifID":3887845992,"GiZScore":1.42137303640734,"GiPValue":0.15520834090559962,"NNeighbors":53,"Gi_Bin":0}},{"type":"Feature","id":592,"geometry":{"type":"Point","coordinates":[81.017718000000059,23.722092000000032]},"properties":{"OBJECTID":592,"SOURCE_ID":592,"gbifID":3887846027,"GiZScore":1.021300697982737,"GiPValue":0.30711201003097366,"NNeighbors":208,"Gi_Bin":0}},{"type":"Feature","id":593,"geometry":{"type":"Point","coordinates":[79.475257000000056,20.86691600000006]},"properties":{"OBJECTID":593,"SOURCE_ID":593,"gbifID":3887846278,"GiZScore":0.70070575753147502,"GiPValue":0.48348666715354116,"NNeighbors":21,"Gi_Bin":0}},{"type":"Feature","id":594,"geometry":{"type":"Point","coordinates":[93.460525000000075,26.375851000000068]},"properties":{"OBJECTID":594,"SOURCE_ID":594,"gbifID":3887846529,"GiZScore":0.66433364137290907,"GiPValue":0.50647679831172265,"NNeighbors":10,"Gi_Bin":0}},{"type":"Feature","id":595,"geometry":{"type":"Point","coordinates":[81.023449000000085,23.722507000000064]},"properties":{"OBJECTID":595,"SOURCE_ID":595,"gbifID":3887846600,"GiZScore":0.91551857513806412,"GiPValue":0.35991946603810143,"NNeighbors":207,"Gi_Bin":0}},{"type":"Feature","id":596,"geometry":{"type":"Point","coordinates":[80.976048000000048,23.69907900000004]},"properties":{"OBJECTID":596,"SOURCE_ID":596,"gbifID":3887846637,"GiZScore":1.021300697982737,"GiPValue":0.30711201003097366,"NNeighbors":208,"Gi_Bin":0}},{"type":"Feature","id":597,"geometry":{"type":"Point","coordinates":[78.209720000000061,29.971371000000033]},"properties":{"OBJECTID":597,"SOURCE_ID":597,"gbifID":3887846767,"GiZScore":-0.70402778323117865,"GiPValue":0.48141547659896311,"NNeighbors":7,"Gi_Bin":0}},{"type":"Feature","id":599,"geometry":{"type":"Point","coordinates":[80.642733000000078,21.939914000000044]},"properties":{"OBJECTID":599,"SOURCE_ID":599,"gbifID":3887847059,"GiZScore":1.8110436804545853,"GiPValue":0.070134090409702574,"NNeighbors":61,"Gi_Bin":0}},{"type":"Feature","id":600,"geometry":{"type":"Point","coordinates":[78.892366000000038,29.563036000000068]},"properties":{"OBJECTID":600,"SOURCE_ID":600,"gbifID":3887847606,"GiZScore":-1.2853145221684354,"GiPValue":0.19868239745873972,"NNeighbors":101,"Gi_Bin":0}},{"type":"Feature","id":601,"geometry":{"type":"Point","coordinates":[88.867629000000079,21.904322000000036]},"properties":{"OBJECTID":601,"SOURCE_ID":601,"gbifID":3887846019,"GiZScore":1.6024239430859355,"GiPValue":0.10906189373731043,"NNeighbors":51,"Gi_Bin":0}},{"type":"Feature","id":602,"geometry":{"type":"Point","coordinates":[79.30414600000006,21.715522000000078]},"properties":{"OBJECTID":602,"SOURCE_ID":602,"gbifID":3887846077,"GiZScore":0.041631534133235851,"GiPValue":0.96679243442094409,"NNeighbors":96,"Gi_Bin":0}},{"type":"Feature","id":603,"geometry":{"type":"Point","coordinates":[79.400000000000034,20.266660000000059]},"properties":{"OBJECTID":603,"SOURCE_ID":603,"gbifID":3887846538,"GiZScore":2.9527918577652663,"GiPValue":0.0031491422120901152,"NNeighbors":250,"Gi_Bin":2}},{"type":"Feature","id":604,"geometry":{"type":"Point","coordinates":[80.554967000000033,22.288291000000072]},"properties":{"OBJECTID":604,"SOURCE_ID":604,"gbifID":3887847044,"GiZScore":-1.5567027262285333,"GiPValue":0.11954108109594604,"NNeighbors":97,"Gi_Bin":0}},{"type":"Feature","id":605,"geometry":{"type":"Point","coordinates":[77.316061000000047,21.392357000000061]},"properties":{"OBJECTID":605,"SOURCE_ID":605,"gbifID":4954298031,"GiZScore":1.4536539132475341,"GiPValue":0.14604228157405991,"NNeighbors":1,"Gi_Bin":0}},{"type":"Feature","id":606,"geometry":{"type":"Point","coordinates":[79.319021000000077,20.362795000000062]},"properties":{"OBJECTID":606,"SOURCE_ID":606,"gbifID":5760238016,"GiZScore":2.8250034988274368,"GiPValue":0.004728009974758432,"NNeighbors":237,"Gi_Bin":2}},{"type":"Feature","id":607,"geometry":{"type":"Point","coordinates":[79.39130700000004,20.306448000000046]},"properties":{"OBJECTID":607,"SOURCE_ID":607,"gbifID":5830661313,"GiZScore":2.9713692455318483,"GiPValue":0.0029647508912569592,"NNeighbors":248,"Gi_Bin":2}},{"type":"Feature","id":608,"geometry":{"type":"Point","coordinates":[76.267634000000044,25.864016000000049]},"properties":{"OBJECTID":608,"SOURCE_ID":608,"gbifID":2005390098,"GiZScore":-0.51624593499920413,"GiPValue":0.60568265361790674,"NNeighbors":43,"Gi_Bin":0}},{"type":"Feature","id":609,"geometry":{"type":"Point","coordinates":[78.197385000000054,22.553847000000076]},"properties":{"OBJECTID":609,"SOURCE_ID":609,"gbifID":2294530110,"GiZScore":0.43356474711532822,"GiPValue":0.66460454027682547,"NNeighbors":7,"Gi_Bin":0}},{"type":"Feature","id":610,"geometry":{"type":"Point","coordinates":[76.024929000000043,12.075450000000046]},"properties":{"OBJECTID":610,"SOURCE_ID":610,"gbifID":2445054607,"GiZScore":-0.66141824770735502,"GiPValue":0.50834413095795572,"NNeighbors":25,"Gi_Bin":0}},{"type":"Feature","id":611,"geometry":{"type":"Point","coordinates":[79.914355000000057,24.419552000000067]},"properties":{"OBJECTID":611,"SOURCE_ID":611,"gbifID":3061713822,"GiZScore":1.2976393571127893,"GiPValue":0.19441129125172263,"NNeighbors":26,"Gi_Bin":0}},{"type":"Feature","id":612,"geometry":{"type":"Point","coordinates":[76.427280000000053,26.077400000000068]},"properties":{"OBJECTID":612,"SOURCE_ID":612,"gbifID":3712475589,"GiZScore":-3.8508651744772844,"GiPValue":0.00011770128588128356,"NNeighbors":210,"Gi_Bin":-3}},{"type":"Feature","id":613,"geometry":{"type":"Point","coordinates":[80.745318000000054,22.252017000000023]},"properties":{"OBJECTID":613,"SOURCE_ID":613,"gbifID":3747020349,"GiZScore":-2.0153383456873835,"GiPValue":0.043869209705775097,"NNeighbors":92,"Gi_Bin":0}},{"type":"Feature","id":614,"geometry":{"type":"Point","coordinates":[78.892366000000038,29.563036000000068]},"properties":{"OBJECTID":614,"SOURCE_ID":614,"gbifID":3887845364,"GiZScore":-1.2853145221684354,"GiPValue":0.19868239745873972,"NNeighbors":101,"Gi_Bin":0}},{"type":"Feature","id":615,"geometry":{"type":"Point","coordinates":[79.069799000000046,29.534069000000045]},"properties":{"OBJECTID":615,"SOURCE_ID":615,"gbifID":3887845376,"GiZScore":-0.11901161079157023,"GiPValue":0.90526615709797553,"NNeighbors":83,"Gi_Bin":0}},{"type":"Feature","id":616,"geometry":{"type":"Point","coordinates":[88.867629000000079,21.904322000000036]},"properties":{"OBJECTID":616,"SOURCE_ID":616,"gbifID":3887846007,"GiZScore":1.6024239430859355,"GiPValue":0.10906189373731043,"NNeighbors":51,"Gi_Bin":0}},{"type":"Feature","id":617,"geometry":{"type":"Point","coordinates":[81.017718000000059,23.722092000000032]},"properties":{"OBJECTID":617,"SOURCE_ID":617,"gbifID":3887846248,"GiZScore":1.021300697982737,"GiPValue":0.30711201003097366,"NNeighbors":208,"Gi_Bin":0}},{"type":"Feature","id":618,"geometry":{"type":"Point","coordinates":[76.246923000000038,25.911453000000051]},"properties":{"OBJECTID":618,"SOURCE_ID":618,"gbifID":4171327963,"GiZScore":-1.9643744513937349,"GiPValue":0.049486683425520595,"NNeighbors":49,"Gi_Bin":0}},{"type":"Feature","id":619,"geometry":{"type":"Point","coordinates":[76.507589000000053,25.839001000000053]},"properties":{"OBJECTID":619,"SOURCE_ID":619,"gbifID":4171519088,"GiZScore":1.4679935152226142,"GiPValue":0.14210598439274646,"NNeighbors":121,"Gi_Bin":0}},{"type":"Feature","id":620,"geometry":{"type":"Point","coordinates":[76.554541000000029,25.861009000000024]},"properties":{"OBJECTID":620,"SOURCE_ID":620,"gbifID":4171599157,"GiZScore":1.5906572412162012,"GiPValue":0.11168673472687021,"NNeighbors":129,"Gi_Bin":0}},{"type":"Feature","id":621,"geometry":{"type":"Point","coordinates":[76.475696000000084,25.863770000000045]},"properties":{"OBJECTID":621,"SOURCE_ID":621,"gbifID":4171698390,"GiZScore":-0.94471777116936495,"GiPValue":0.34480299328462938,"NNeighbors":153,"Gi_Bin":0}},{"type":"Feature","id":622,"geometry":{"type":"Point","coordinates":[81.044985000000054,23.768310000000042]},"properties":{"OBJECTID":622,"SOURCE_ID":622,"gbifID":4522788502,"GiZScore":1.2555932231990856,"GiPValue":0.20926351419171552,"NNeighbors":203,"Gi_Bin":0}},{"type":"Feature","id":623,"geometry":{"type":"Point","coordinates":[76.48283200000003,25.987563000000023]},"properties":{"OBJECTID":623,"SOURCE_ID":623,"gbifID":2234753895,"GiZScore":-2.8916865790145914,"GiPValue":0.0038317999533659304,"NNeighbors":221,"Gi_Bin":-2}},{"type":"Feature","id":624,"geometry":{"type":"Point","coordinates":[78.508334000000048,19.828938000000051]},"properties":{"OBJECTID":624,"SOURCE_ID":624,"gbifID":2235533321,"GiZScore":-1.1944384296785482,"GiPValue":0.23230653333381401,"NNeighbors":16,"Gi_Bin":0}},{"type":"Feature","id":625,"geometry":{"type":"Point","coordinates":[78.523817000000065,19.962671000000057]},"properties":{"OBJECTID":625,"SOURCE_ID":625,"gbifID":2235533978,"GiZScore":-1.1944384296785482,"GiPValue":0.23230653333381401,"NNeighbors":16,"Gi_Bin":0}},{"type":"Feature","id":626,"geometry":{"type":"Point","coordinates":[78.523630000000082,19.970794000000069]},"properties":{"OBJECTID":626,"SOURCE_ID":626,"gbifID":2235544125,"GiZScore":-1.1944384296785482,"GiPValue":0.23230653333381401,"NNeighbors":16,"Gi_Bin":0}},{"type":"Feature","id":627,"geometry":{"type":"Point","coordinates":[79.30424000000005,21.719979000000023]},"properties":{"OBJECTID":627,"SOURCE_ID":627,"gbifID":2597724484,"GiZScore":0.019595189672862851,"GiPValue":0.98436630118123725,"NNeighbors":95,"Gi_Bin":0}},{"type":"Feature","id":628,"geometry":{"type":"Point","coordinates":[79.372336000000075,21.657930000000079]},"properties":{"OBJECTID":628,"SOURCE_ID":628,"gbifID":2597865525,"GiZScore":0.21369527425787721,"GiPValue":0.83078469696281876,"NNeighbors":98,"Gi_Bin":0}},{"type":"Feature","id":629,"geometry":{"type":"Point","coordinates":[80.725015000000042,22.230497000000071]},"properties":{"OBJECTID":629,"SOURCE_ID":629,"gbifID":2883109380,"GiZScore":-1.6912591712140348,"GiPValue":0.090787314268960764,"NNeighbors":95,"Gi_Bin":0}},{"type":"Feature","id":630,"geometry":{"type":"Point","coordinates":[80.645541000000037,22.159430000000043]},"properties":{"OBJECTID":630,"SOURCE_ID":630,"gbifID":2992660447,"GiZScore":-0.80034567956966252,"GiPValue":0.42351055118211489,"NNeighbors":135,"Gi_Bin":0}},{"type":"Feature","id":631,"geometry":{"type":"Point","coordinates":[93.505024000000049,26.779239000000075]},"properties":{"OBJECTID":631,"SOURCE_ID":631,"gbifID":3466155383,"GiZScore":-2.969396113565324,"GiPValue":0.0029838568578798687,"NNeighbors":10,"Gi_Bin":-2}},{"type":"Feature","id":632,"geometry":{"type":"Point","coordinates":[79.299627000000044,20.346627000000069]},"properties":{"OBJECTID":632,"SOURCE_ID":632,"gbifID":3466267247,"GiZScore":2.7907707391805698,"GiPValue":0.005258270298076918,"NNeighbors":236,"Gi_Bin":2}},{"type":"Feature","id":633,"geometry":{"type":"Point","coordinates":[79.400000000000034,20.266660000000059]},"properties":{"OBJECTID":633,"SOURCE_ID":633,"gbifID":3887845591,"GiZScore":2.9527918577652663,"GiPValue":0.0031491422120901152,"NNeighbors":250,"Gi_Bin":2}},{"type":"Feature","id":634,"geometry":{"type":"Point","coordinates":[88.867629000000079,21.904322000000036]},"properties":{"OBJECTID":634,"SOURCE_ID":634,"gbifID":3887846006,"GiZScore":1.6024239430859355,"GiPValue":0.10906189373731043,"NNeighbors":51,"Gi_Bin":0}},{"type":"Feature","id":635,"geometry":{"type":"Point","coordinates":[80.642733000000078,21.939914000000044]},"properties":{"OBJECTID":635,"SOURCE_ID":635,"gbifID":3887846945,"GiZScore":1.8110436804545853,"GiPValue":0.070134090409702574,"NNeighbors":61,"Gi_Bin":0}},{"type":"Feature","id":636,"geometry":{"type":"Point","coordinates":[78.823431000000085,29.520143000000076]},"properties":{"OBJECTID":636,"SOURCE_ID":636,"gbifID":4171883445,"GiZScore":-0.86592612269662383,"GiPValue":0.38653068563748572,"NNeighbors":96,"Gi_Bin":0}},{"type":"Feature","id":637,"geometry":{"type":"Point","coordinates":[76.541408000000047,26.045753000000047]},"properties":{"OBJECTID":637,"SOURCE_ID":637,"gbifID":5087564472,"GiZScore":-3.2393633950156886,"GiPValue":0.0011979683604267041,"NNeighbors":211,"Gi_Bin":-2}},{"type":"Feature","id":638,"geometry":{"type":"Point","coordinates":[76.305428000000063,25.88713800000005]},"properties":{"OBJECTID":638,"SOURCE_ID":638,"gbifID":2283085349,"GiZScore":-0.85583592996215452,"GiPValue":0.39208854685910921,"NNeighbors":109,"Gi_Bin":0}},{"type":"Feature","id":639,"geometry":{"type":"Point","coordinates":[76.57723100000004,26.047548000000063]},"properties":{"OBJECTID":639,"SOURCE_ID":639,"gbifID":2283085521,"GiZScore":-3.2902650653357952,"GiPValue":0.0010009304616662143,"NNeighbors":208,"Gi_Bin":-2}},{"type":"Feature","id":640,"geometry":{"type":"Point","coordinates":[80.814519000000075,23.778710000000046]},"properties":{"OBJECTID":640,"SOURCE_ID":640,"gbifID":2850759654,"GiZScore":1.23269185102801,"GiPValue":0.21769077669481107,"NNeighbors":145,"Gi_Bin":0}},{"type":"Feature","id":641,"geometry":{"type":"Point","coordinates":[80.929207000000076,23.696646000000044]},"properties":{"OBJECTID":641,"SOURCE_ID":641,"gbifID":2850862644,"GiZScore":0.84474426328362806,"GiPValue":0.39825364853657474,"NNeighbors":197,"Gi_Bin":0}},{"type":"Feature","id":642,"geometry":{"type":"Point","coordinates":[80.87244400000003,23.684906000000069]},"properties":{"OBJECTID":642,"SOURCE_ID":642,"gbifID":2851070707,"GiZScore":0.28628222046577056,"GiPValue":0.77466197488903532,"NNeighbors":170,"Gi_Bin":0}},{"type":"Feature","id":643,"geometry":{"type":"Point","coordinates":[80.850199000000032,23.696047000000078]},"properties":{"OBJECTID":643,"SOURCE_ID":643,"gbifID":2868360813,"GiZScore":0.4828501809574392,"GiPValue":0.62920211906744794,"NNeighbors":164,"Gi_Bin":0}},{"type":"Feature","id":644,"geometry":{"type":"Point","coordinates":[80.943550000000073,23.729371000000071]},"properties":{"OBJECTID":644,"SOURCE_ID":644,"gbifID":2868364832,"GiZScore":0.96451994166450239,"GiPValue":0.33478532759876589,"NNeighbors":202,"Gi_Bin":0}},{"type":"Feature","id":645,"geometry":{"type":"Point","coordinates":[76.068651000000045,11.997493000000077]},"properties":{"OBJECTID":645,"SOURCE_ID":645,"gbifID":3013999297,"GiZScore":-0.54201142272811809,"GiPValue":0.58781063925914911,"NNeighbors":27,"Gi_Bin":0}},{"type":"Feature","id":646,"geometry":{"type":"Point","coordinates":[79.38218100000006,21.761654000000078]},"properties":{"OBJECTID":646,"SOURCE_ID":646,"gbifID":3320951600,"GiZScore":-0.22639416082680067,"GiPValue":0.82089486920612331,"NNeighbors":93,"Gi_Bin":0}},{"type":"Feature","id":647,"geometry":{"type":"Point","coordinates":[81.134241000000031,23.759591000000057]},"properties":{"OBJECTID":647,"SOURCE_ID":647,"gbifID":3327864885,"GiZScore":1.8310196380397712,"GiPValue":0.067097611977184002,"NNeighbors":183,"Gi_Bin":0}},{"type":"Feature","id":648,"geometry":{"type":"Point","coordinates":[79.455470000000048,21.838648000000035]},"properties":{"OBJECTID":648,"SOURCE_ID":648,"gbifID":3858468095,"GiZScore":-0.47517190643246893,"GiPValue":0.63466445104740721,"NNeighbors":73,"Gi_Bin":0}},{"type":"Feature","id":649,"geometry":{"type":"Point","coordinates":[79.479764000000046,21.925963000000024]},"properties":{"OBJECTID":649,"SOURCE_ID":649,"gbifID":3858606918,"GiZScore":-1.091862583071932,"GiPValue":0.27489352313278703,"NNeighbors":10,"Gi_Bin":0}},{"type":"Feature","id":650,"geometry":{"type":"Point","coordinates":[80.725662000000057,22.440185000000042]},"properties":{"OBJECTID":650,"SOURCE_ID":650,"gbifID":3858708059,"GiZScore":-2.3680013184821407,"GiPValue":0.01788447216545988,"NNeighbors":69,"Gi_Bin":-1}},{"type":"Feature","id":651,"geometry":{"type":"Point","coordinates":[80.635622000000069,22.441420000000051]},"properties":{"OBJECTID":651,"SOURCE_ID":651,"gbifID":3858942061,"GiZScore":-2.4224210252299616,"GiPValue":0.015417476499767569,"NNeighbors":82,"Gi_Bin":-2}},{"type":"Feature","id":652,"geometry":{"type":"Point","coordinates":[80.784913000000074,22.510536000000059]},"properties":{"OBJECTID":652,"SOURCE_ID":652,"gbifID":3858943205,"GiZScore":-0.18107674246730887,"GiPValue":0.85630733972134576,"NNeighbors":32,"Gi_Bin":0}},{"type":"Feature","id":653,"geometry":{"type":"Point","coordinates":[80.621600000000058,22.491165000000024]},"properties":{"OBJECTID":653,"SOURCE_ID":653,"gbifID":3859301140,"GiZScore":-0.9216667860606762,"GiPValue":0.35670242110183359,"NNeighbors":63,"Gi_Bin":0}},{"type":"Feature","id":654,"geometry":{"type":"Point","coordinates":[81.192443000000083,23.41759600000006]},"properties":{"OBJECTID":654,"SOURCE_ID":654,"gbifID":3859560075,"GiZScore":1.0370036447664492,"GiPValue":0.29973417332845254,"NNeighbors":20,"Gi_Bin":0}},{"type":"Feature","id":655,"geometry":{"type":"Point","coordinates":[81.096181000000058,23.586266000000023]},"properties":{"OBJECTID":655,"SOURCE_ID":655,"gbifID":3859634249,"GiZScore":1.8047173467597608,"GiPValue":0.071118923924682553,"NNeighbors":183,"Gi_Bin":0}},{"type":"Feature","id":656,"geometry":{"type":"Point","coordinates":[81.097753000000068,23.470811000000026]},"properties":{"OBJECTID":656,"SOURCE_ID":656,"gbifID":3859890071,"GiZScore":1.1129142214409722,"GiPValue":0.26574528946212694,"NNeighbors":46,"Gi_Bin":0}},{"type":"Feature","id":657,"geometry":{"type":"Point","coordinates":[81.009304000000043,23.518942000000038]},"properties":{"OBJECTID":657,"SOURCE_ID":657,"gbifID":3860271128,"GiZScore":0.84524911489013199,"GiPValue":0.39797177361566705,"NNeighbors":145,"Gi_Bin":0}},{"type":"Feature","id":658,"geometry":{"type":"Point","coordinates":[80.675320000000056,22.592288000000053]},"properties":{"OBJECTID":658,"SOURCE_ID":658,"gbifID":3860317015,"GiZScore":2.0432823479019078,"GiPValue":0.041024495986319957,"NNeighbors":16,"Gi_Bin":0}},{"type":"Feature","id":659,"geometry":{"type":"Point","coordinates":[81.141769000000068,23.59235700000005]},"properties":{"OBJECTID":659,"SOURCE_ID":659,"gbifID":3860426144,"GiZScore":2.0726910051055025,"GiPValue":0.038201045424150433,"NNeighbors":172,"Gi_Bin":0}},{"type":"Feature","id":660,"geometry":{"type":"Point","coordinates":[79.490675000000067,21.840044000000034]},"properties":{"OBJECTID":660,"SOURCE_ID":660,"gbifID":3860527054,"GiZScore":-0.71049011523866001,"GiPValue":0.47740026367358224,"NNeighbors":44,"Gi_Bin":0}},{"type":"Feature","id":661,"geometry":{"type":"Point","coordinates":[80.762755000000084,22.488421000000073]},"properties":{"OBJECTID":661,"SOURCE_ID":661,"gbifID":3860548081,"GiZScore":-0.80365499901259596,"GiPValue":0.42159625748103002,"NNeighbors":42,"Gi_Bin":0}},{"type":"Feature","id":662,"geometry":{"type":"Point","coordinates":[80.616276000000084,22.412135000000035]},"properties":{"OBJECTID":662,"SOURCE_ID":662,"gbifID":3860695916,"GiZScore":-2.249470977853985,"GiPValue":0.02448254726014109,"NNeighbors":92,"Gi_Bin":-1}},{"type":"Feature","id":663,"geometry":{"type":"Point","coordinates":[76.504682000000059,26.01389800000004]},"properties":{"OBJECTID":663,"SOURCE_ID":663,"gbifID":3887845346,"GiZScore":-2.8513916029555211,"GiPValue":0.0043528324730314465,"NNeighbors":219,"Gi_Bin":-2}},{"type":"Feature","id":664,"geometry":{"type":"Point","coordinates":[78.451924000000076,19.915736000000038]},"properties":{"OBJECTID":664,"SOURCE_ID":664,"gbifID":3887845683,"GiZScore":-1.1944384296785482,"GiPValue":0.23230653333381401,"NNeighbors":16,"Gi_Bin":0}},{"type":"Feature","id":665,"geometry":{"type":"Point","coordinates":[81.017718000000059,23.722092000000032]},"properties":{"OBJECTID":665,"SOURCE_ID":665,"gbifID":3887846036,"GiZScore":1.021300697982737,"GiPValue":0.30711201003097366,"NNeighbors":208,"Gi_Bin":0}},{"type":"Feature","id":666,"geometry":{"type":"Point","coordinates":[79.348918000000083,21.656020000000069]},"properties":{"OBJECTID":666,"SOURCE_ID":666,"gbifID":3887846188,"GiZScore":0.28134208575233816,"GiPValue":0.77844803389944628,"NNeighbors":98,"Gi_Bin":0}},{"type":"Feature","id":667,"geometry":{"type":"Point","coordinates":[79.400000000000034,20.266660000000059]},"properties":{"OBJECTID":667,"SOURCE_ID":667,"gbifID":3887846584,"GiZScore":2.9527918577652663,"GiPValue":0.0031491422120901152,"NNeighbors":250,"Gi_Bin":2}},{"type":"Feature","id":668,"geometry":{"type":"Point","coordinates":[81.023449000000085,23.725068000000078]},"properties":{"OBJECTID":668,"SOURCE_ID":668,"gbifID":3887846587,"GiZScore":0.91551857513806412,"GiPValue":0.35991946603810143,"NNeighbors":207,"Gi_Bin":0}},{"type":"Feature","id":669,"geometry":{"type":"Point","coordinates":[81.017718000000059,23.699358000000075]},"properties":{"OBJECTID":669,"SOURCE_ID":669,"gbifID":3887846760,"GiZScore":1.021300697982737,"GiPValue":0.30711201003097366,"NNeighbors":208,"Gi_Bin":0}},{"type":"Feature","id":670,"geometry":{"type":"Point","coordinates":[79.941659000000072,24.590517000000034]},"properties":{"OBJECTID":670,"SOURCE_ID":670,"gbifID":3887847506,"GiZScore":1.0225497697054993,"GiPValue":0.3065207836973225,"NNeighbors":34,"Gi_Bin":0}},{"type":"Feature","id":671,"geometry":{"type":"Point","coordinates":[80.023368000000062,23.116678000000036]},"properties":{"OBJECTID":671,"SOURCE_ID":671,"gbifID":4137870711,"GiZScore":0.50111569228120412,"GiPValue":0.6162897054359846,"NNeighbors":1,"Gi_Bin":0}},{"type":"Feature","id":672,"geometry":{"type":"Point","coordinates":[80.459253000000047,22.287445000000048]},"properties":{"OBJECTID":672,"SOURCE_ID":672,"gbifID":2244296784,"GiZScore":-0.55939470654529011,"GiPValue":0.5758923758045128,"NNeighbors":62,"Gi_Bin":0}},{"type":"Feature","id":673,"geometry":{"type":"Point","coordinates":[79.355395000000044,20.325868000000071]},"properties":{"OBJECTID":673,"SOURCE_ID":673,"gbifID":2283173201,"GiZScore":2.8279634978042805,"GiPValue":0.0046845147604008255,"NNeighbors":249,"Gi_Bin":2}},{"type":"Feature","id":674,"geometry":{"type":"Point","coordinates":[79.31746400000003,20.279320000000041]},"properties":{"OBJECTID":674,"SOURCE_ID":674,"gbifID":2294422928,"GiZScore":3.0391738759537721,"GiPValue":0.0023722789339512707,"NNeighbors":250,"Gi_Bin":2}},{"type":"Feature","id":675,"geometry":{"type":"Point","coordinates":[79.304759000000047,20.250994000000048]},"properties":{"OBJECTID":675,"SOURCE_ID":675,"gbifID":2294422946,"GiZScore":3.0057732634412453,"GiPValue":0.0026490644877650818,"NNeighbors":249,"Gi_Bin":2}},{"type":"Feature","id":676,"geometry":{"type":"Point","coordinates":[76.50754900000004,11.744942000000037]},"properties":{"OBJECTID":676,"SOURCE_ID":676,"gbifID":2626147769,"GiZScore":-0.82565152661211139,"GiPValue":0.40900180477103754,"NNeighbors":17,"Gi_Bin":0}},{"type":"Feature","id":677,"geometry":{"type":"Point","coordinates":[81.038335000000075,23.721470000000068]},"properties":{"OBJECTID":677,"SOURCE_ID":677,"gbifID":2634532289,"GiZScore":0.99277604054770419,"GiPValue":0.32081912167972149,"NNeighbors":206,"Gi_Bin":0}},{"type":"Feature","id":678,"geometry":{"type":"Point","coordinates":[81.087395000000072,23.721088000000066]},"properties":{"OBJECTID":678,"SOURCE_ID":678,"gbifID":2634623325,"GiZScore":1.5579783931304874,"GiPValue":0.11923837016835455,"NNeighbors":194,"Gi_Bin":0}},{"type":"Feature","id":679,"geometry":{"type":"Point","coordinates":[78.398141000000066,29.913592000000051]},"properties":{"OBJECTID":679,"SOURCE_ID":679,"gbifID":2814232625,"GiZScore":-0.70402778323117865,"GiPValue":0.48141547659896311,"NNeighbors":7,"Gi_Bin":0}},{"type":"Feature","id":680,"geometry":{"type":"Point","coordinates":[80.845143000000064,23.750705000000039]},"properties":{"OBJECTID":680,"SOURCE_ID":680,"gbifID":2850771788,"GiZScore":0.7747249946036685,"GiPValue":0.43850218493137649,"NNeighbors":158,"Gi_Bin":0}},{"type":"Feature","id":681,"geometry":{"type":"Point","coordinates":[80.913917000000083,23.796479000000033]},"properties":{"OBJECTID":681,"SOURCE_ID":681,"gbifID":2850843887,"GiZScore":0.71478447979698356,"GiPValue":0.47474223201229837,"NNeighbors":180,"Gi_Bin":0}},{"type":"Feature","id":682,"geometry":{"type":"Point","coordinates":[80.856465000000071,23.631606000000033]},"properties":{"OBJECTID":682,"SOURCE_ID":682,"gbifID":2850894891,"GiZScore":0.42757583198058285,"GiPValue":0.66895996579959027,"NNeighbors":158,"Gi_Bin":0}},{"type":"Feature","id":683,"geometry":{"type":"Point","coordinates":[79.363084000000072,21.616698000000042]},"properties":{"OBJECTID":683,"SOURCE_ID":683,"gbifID":2850894898,"GiZScore":0.51677763370160446,"GiPValue":0.60531139704656123,"NNeighbors":100,"Gi_Bin":0}},{"type":"Feature","id":684,"geometry":{"type":"Point","coordinates":[79.274657000000047,21.723104000000035]},"properties":{"OBJECTID":684,"SOURCE_ID":684,"gbifID":2851121873,"GiZScore":0.00074486745289369062,"GiPValue":0.99940568181438549,"NNeighbors":94,"Gi_Bin":0}},{"type":"Feature","id":685,"geometry":{"type":"Point","coordinates":[79.365296000000058,21.694299000000058]},"properties":{"OBJECTID":685,"SOURCE_ID":685,"gbifID":2851125924,"GiZScore":0.041631534133235851,"GiPValue":0.96679243442094409,"NNeighbors":96,"Gi_Bin":0}},{"type":"Feature","id":686,"geometry":{"type":"Point","coordinates":[80.96202100000005,23.746331000000055]},"properties":{"OBJECTID":686,"SOURCE_ID":686,"gbifID":2851260770,"GiZScore":0.95167511718987219,"GiPValue":0.3412617842210437,"NNeighbors":204,"Gi_Bin":0}},{"type":"Feature","id":687,"geometry":{"type":"Point","coordinates":[80.89649200000008,23.680348000000038]},"properties":{"OBJECTID":687,"SOURCE_ID":687,"gbifID":2851319881,"GiZScore":0.55359473197243259,"GiPValue":0.57985623465368463,"NNeighbors":182,"Gi_Bin":0}},{"type":"Feature","id":688,"geometry":{"type":"Point","coordinates":[79.35477700000007,21.65317200000004]},"properties":{"OBJECTID":688,"SOURCE_ID":688,"gbifID":2851319887,"GiZScore":0.28134208575233816,"GiPValue":0.77844803389944628,"NNeighbors":98,"Gi_Bin":0}},{"type":"Feature","id":689,"geometry":{"type":"Point","coordinates":[79.400000000000034,20.266660000000059]},"properties":{"OBJECTID":689,"SOURCE_ID":689,"gbifID":3887845330,"GiZScore":2.9527918577652663,"GiPValue":0.0031491422120901152,"NNeighbors":250,"Gi_Bin":2}},{"type":"Feature","id":690,"geometry":{"type":"Point","coordinates":[76.451299000000063,27.347621000000061]},"properties":{"OBJECTID":690,"SOURCE_ID":690,"gbifID":3887845388,"GiZScore":0.55522228611448721,"GiPValue":0.57874262963670464,"NNeighbors":7,"Gi_Bin":0}},{"type":"Feature","id":691,"geometry":{"type":"Point","coordinates":[79.348918000000083,21.656020000000069]},"properties":{"OBJECTID":691,"SOURCE_ID":691,"gbifID":3887845663,"GiZScore":0.28134208575233816,"GiPValue":0.77844803389944628,"NNeighbors":98,"Gi_Bin":0}},{"type":"Feature","id":692,"geometry":{"type":"Point","coordinates":[81.017718000000059,23.722092000000032]},"properties":{"OBJECTID":692,"SOURCE_ID":692,"gbifID":3887846127,"GiZScore":1.021300697982737,"GiPValue":0.30711201003097366,"NNeighbors":208,"Gi_Bin":0}},{"type":"Feature","id":693,"geometry":{"type":"Point","coordinates":[80.642733000000078,21.939914000000044]},"properties":{"OBJECTID":693,"SOURCE_ID":693,"gbifID":3887846477,"GiZScore":1.8110436804545853,"GiPValue":0.070134090409702574,"NNeighbors":61,"Gi_Bin":0}},{"type":"Feature","id":694,"geometry":{"type":"Point","coordinates":[79.293802000000085,20.318929000000026]},"properties":{"OBJECTID":694,"SOURCE_ID":694,"gbifID":4165682389,"GiZScore":2.9392215281431544,"GiPValue":0.0032903780203974546,"NNeighbors":242,"Gi_Bin":2}},{"type":"Feature","id":695,"geometry":{"type":"Point","coordinates":[79.332052000000033,20.284947000000045]},"properties":{"OBJECTID":695,"SOURCE_ID":695,"gbifID":4165833632,"GiZScore":3.0391738759537721,"GiPValue":0.0023722789339512707,"NNeighbors":250,"Gi_Bin":2}},{"type":"Feature","id":696,"geometry":{"type":"Point","coordinates":[79.331359000000077,20.371182000000033]},"properties":{"OBJECTID":696,"SOURCE_ID":696,"gbifID":4165870866,"GiZScore":2.8250034988274368,"GiPValue":0.004728009974758432,"NNeighbors":237,"Gi_Bin":2}},{"type":"Feature","id":697,"geometry":{"type":"Point","coordinates":[79.046108000000061,29.525043000000039]},"properties":{"OBJECTID":697,"SOURCE_ID":697,"gbifID":4874982814,"GiZScore":0.016442837408353957,"GiPValue":0.9868811050499201,"NNeighbors":86,"Gi_Bin":0}},{"type":"Feature","id":698,"geometry":{"type":"Point","coordinates":[79.318178000000046,20.269434000000047]},"properties":{"OBJECTID":698,"SOURCE_ID":698,"gbifID":5133678218,"GiZScore":3.0057732634412453,"GiPValue":0.0026490644877650818,"NNeighbors":249,"Gi_Bin":2}},{"type":"Feature","id":699,"geometry":{"type":"Point","coordinates":[79.236847000000068,20.260711000000072]},"properties":{"OBJECTID":699,"SOURCE_ID":699,"gbifID":5133787052,"GiZScore":2.9767271990383684,"GiPValue":0.0029134312274153801,"NNeighbors":234,"Gi_Bin":2}},{"type":"Feature","id":700,"geometry":{"type":"Point","coordinates":[79.303437000000031,20.313531000000069]},"properties":{"OBJECTID":700,"SOURCE_ID":700,"gbifID":5133897729,"GiZScore":2.9491825985604292,"GiPValue":0.0031861566423892953,"NNeighbors":243,"Gi_Bin":2}},{"type":"Feature","id":701,"geometry":{"type":"Point","coordinates":[79.233320000000049,20.279275000000041]},"properties":{"OBJECTID":701,"SOURCE_ID":701,"gbifID":5133926420,"GiZScore":2.9767271990383684,"GiPValue":0.0029134312274153801,"NNeighbors":234,"Gi_Bin":2}},{"type":"Feature","id":702,"geometry":{"type":"Point","coordinates":[79.264803000000029,20.31233700000007]},"properties":{"OBJECTID":702,"SOURCE_ID":702,"gbifID":5134040682,"GiZScore":3.0845636646614234,"GiPValue":0.0020385097588504009,"NNeighbors":241,"Gi_Bin":2}},{"type":"Feature","id":703,"geometry":{"type":"Point","coordinates":[79.29139200000003,20.278393000000051]},"properties":{"OBJECTID":703,"SOURCE_ID":703,"gbifID":5134064354,"GiZScore":3.0057732634412453,"GiPValue":0.0026490644877650818,"NNeighbors":249,"Gi_Bin":2}},{"type":"Feature","id":704,"geometry":{"type":"Point","coordinates":[76.675194000000033,11.769397000000026]},"properties":{"OBJECTID":704,"SOURCE_ID":704,"gbifID":5830539395,"GiZScore":-1.2260056527980367,"GiPValue":0.22019657088868461,"NNeighbors":13,"Gi_Bin":0}},{"type":"Feature","id":705,"geometry":{"type":"Point","coordinates":[79.285599000000047,20.388648000000046]},"properties":{"OBJECTID":705,"SOURCE_ID":705,"gbifID":5837983289,"GiZScore":2.7688221994161175,"GiPValue":0.0056259327835165079,"NNeighbors":235,"Gi_Bin":2}},{"type":"Feature","id":706,"geometry":{"type":"Point","coordinates":[79.364766000000031,20.267360000000053]},"properties":{"OBJECTID":706,"SOURCE_ID":706,"gbifID":5838280728,"GiZScore":3.0489933662991131,"GiPValue":0.0022960955171039952,"NNeighbors":251,"Gi_Bin":2}},{"type":"Feature","id":707,"geometry":{"type":"Point","coordinates":[81.017718000000059,23.722092000000032]},"properties":{"OBJECTID":707,"SOURCE_ID":707,"gbifID":3887845513,"GiZScore":1.021300697982737,"GiPValue":0.30711201003097366,"NNeighbors":208,"Gi_Bin":0}},{"type":"Feature","id":708,"geometry":{"type":"Point","coordinates":[76.504682000000059,26.01389800000004]},"properties":{"OBJECTID":708,"SOURCE_ID":708,"gbifID":3887845529,"GiZScore":-2.8513916029555211,"GiPValue":0.0043528324730314465,"NNeighbors":219,"Gi_Bin":-2}},{"type":"Feature","id":709,"geometry":{"type":"Point","coordinates":[79.400000000000034,20.266660000000059]},"properties":{"OBJECTID":709,"SOURCE_ID":709,"gbifID":3887845541,"GiZScore":2.9527918577652663,"GiPValue":0.0031491422120901152,"NNeighbors":250,"Gi_Bin":2}},{"type":"Feature","id":710,"geometry":{"type":"Point","coordinates":[78.451924000000076,19.915736000000038]},"properties":{"OBJECTID":710,"SOURCE_ID":710,"gbifID":3887845647,"GiZScore":-1.1944384296785482,"GiPValue":0.23230653333381401,"NNeighbors":16,"Gi_Bin":0}},{"type":"Feature","id":711,"geometry":{"type":"Point","coordinates":[81.023449000000085,23.725068000000078]},"properties":{"OBJECTID":711,"SOURCE_ID":711,"gbifID":3887846197,"GiZScore":0.91551857513806412,"GiPValue":0.35991946603810143,"NNeighbors":207,"Gi_Bin":0}},{"type":"Feature","id":712,"geometry":{"type":"Point","coordinates":[79.334861000000046,21.74057300000004]},"properties":{"OBJECTID":712,"SOURCE_ID":712,"gbifID":3887846711,"GiZScore":-0.15688785042852804,"GiPValue":0.87533323528493212,"NNeighbors":93,"Gi_Bin":0}},{"type":"Feature","id":713,"geometry":{"type":"Point","coordinates":[79.365049000000056,21.572199000000069]},"properties":{"OBJECTID":713,"SOURCE_ID":713,"gbifID":4413796373,"GiZScore":0.66244843662942121,"GiPValue":0.50768387458520103,"NNeighbors":96,"Gi_Bin":0}},{"type":"Feature","id":714,"geometry":{"type":"Point","coordinates":[79.250882000000047,21.443023000000039]},"properties":{"OBJECTID":714,"SOURCE_ID":714,"gbifID":4413823469,"GiZScore":1.349650826107055,"GiPValue":0.17712801262345837,"NNeighbors":28,"Gi_Bin":0}},{"type":"Feature","id":715,"geometry":{"type":"Point","coordinates":[79.357384000000081,21.53843100000006]},"properties":{"OBJECTID":715,"SOURCE_ID":715,"gbifID":4414289876,"GiZScore":1.1425640296590607,"GiPValue":0.25321966644120886,"NNeighbors":93,"Gi_Bin":0}},{"type":"Feature","id":716,"geometry":{"type":"Point","coordinates":[79.262466000000074,21.436735000000056]},"properties":{"OBJECTID":716,"SOURCE_ID":716,"gbifID":4414357442,"GiZScore":1.8047683591152774,"GiPValue":0.071110937620213241,"NNeighbors":27,"Gi_Bin":0}},{"type":"Feature","id":717,"geometry":{"type":"Point","coordinates":[79.377150000000029,21.437317000000064]},"properties":{"OBJECTID":717,"SOURCE_ID":717,"gbifID":4414399078,"GiZScore":1.2582527806575585,"GiPValue":0.20830037688803993,"NNeighbors":50,"Gi_Bin":0}},{"type":"Feature","id":718,"geometry":{"type":"Point","coordinates":[79.240427000000068,21.526390000000049]},"properties":{"OBJECTID":718,"SOURCE_ID":718,"gbifID":4414425882,"GiZScore":1.0026849605090664,"GiPValue":0.31601290204838661,"NNeighbors":83,"Gi_Bin":0}},{"type":"Feature","id":719,"geometry":{"type":"Point","coordinates":[79.252726000000052,21.421375000000069]},"properties":{"OBJECTID":719,"SOURCE_ID":719,"gbifID":4414426648,"GiZScore":1.6675197484302755,"GiPValue":0.095411100897979578,"NNeighbors":25,"Gi_Bin":0}},{"type":"Feature","id":720,"geometry":{"type":"Point","coordinates":[76.545534000000032,25.813478000000032]},"properties":{"OBJECTID":720,"SOURCE_ID":720,"gbifID":5837637127,"GiZScore":2.8010684528059353,"GiPValue":0.0050933713671958442,"NNeighbors":96,"Gi_Bin":2}},{"type":"Feature","id":721,"geometry":{"type":"Point","coordinates":[76.524060000000077,25.928645000000074]},"properties":{"OBJECTID":721,"SOURCE_ID":721,"gbifID":5837960440,"GiZScore":-1.7935075814098946,"GiPValue":0.072891799476703892,"NNeighbors":189,"Gi_Bin":0}},{"type":"Feature","id":722,"geometry":{"type":"Point","coordinates":[80.483925000000056,22.357281000000057]},"properties":{"OBJECTID":722,"SOURCE_ID":722,"gbifID":5897178143,"GiZScore":-0.55642575593216792,"GiPValue":0.57791983832914551,"NNeighbors":66,"Gi_Bin":0}},{"type":"Feature","id":723,"geometry":{"type":"Point","coordinates":[88.867629000000079,21.904322000000036]},"properties":{"OBJECTID":723,"SOURCE_ID":723,"gbifID":3887845997,"GiZScore":1.6024239430859355,"GiPValue":0.10906189373731043,"NNeighbors":51,"Gi_Bin":0}},{"type":"Feature","id":724,"geometry":{"type":"Point","coordinates":[88.867629000000079,21.904322000000036]},"properties":{"OBJECTID":724,"SOURCE_ID":724,"gbifID":3887845999,"GiZScore":1.6024239430859355,"GiPValue":0.10906189373731043,"NNeighbors":51,"Gi_Bin":0}},{"type":"Feature","id":726,"geometry":{"type":"Point","coordinates":[76.528712000000041,26.187507000000039]},"properties":{"OBJECTID":726,"SOURCE_ID":726,"gbifID":2597859968,"GiZScore":-4.6155271631777799,"GiPValue":3.9209875014094004e-06,"NNeighbors":187,"Gi_Bin":-3}},{"type":"Feature","id":727,"geometry":{"type":"Point","coordinates":[79.400000000000034,20.266660000000059]},"properties":{"OBJECTID":727,"SOURCE_ID":727,"gbifID":3887846952,"GiZScore":2.9527918577652663,"GiPValue":0.0031491422120901152,"NNeighbors":250,"Gi_Bin":2}},{"type":"Feature","id":728,"geometry":{"type":"Point","coordinates":[81.159357000000057,23.745102000000031]},"properties":{"OBJECTID":728,"SOURCE_ID":728,"gbifID":5292115334,"GiZScore":1.8707763910984541,"GiPValue":0.061376081289295004,"NNeighbors":176,"Gi_Bin":0}},{"type":"Feature","id":729,"geometry":{"type":"Point","coordinates":[76.597735000000057,26.031025000000056]},"properties":{"OBJECTID":729,"SOURCE_ID":729,"gbifID":2465193490,"GiZScore":-2.7595736635366142,"GiPValue":0.005787683723901091,"NNeighbors":208,"Gi_Bin":-2}},{"type":"Feature","id":730,"geometry":{"type":"Point","coordinates":[76.42989300000005,26.127126000000032]},"properties":{"OBJECTID":730,"SOURCE_ID":730,"gbifID":2465203442,"GiZScore":-4.1887239131898859,"GiPValue":2.8052743398156088e-05,"NNeighbors":202,"Gi_Bin":-3}},{"type":"Feature","id":731,"geometry":{"type":"Point","coordinates":[76.43831700000004,26.023415000000057]},"properties":{"OBJECTID":731,"SOURCE_ID":731,"gbifID":2465243100,"GiZScore":-3.4071028090266542,"GiPValue":0.00065656391196063221,"NNeighbors":224,"Gi_Bin":-3}},{"type":"Feature","id":732,"geometry":{"type":"Point","coordinates":[76.531399000000079,26.085737000000051]},"properties":{"OBJECTID":732,"SOURCE_ID":732,"gbifID":2465258706,"GiZScore":-3.3117636590033688,"GiPValue":0.00092709832326057522,"NNeighbors":207,"Gi_Bin":-2}},{"type":"Feature","id":733,"geometry":{"type":"Point","coordinates":[80.128212000000076,24.62387300000006]},"properties":{"OBJECTID":733,"SOURCE_ID":733,"gbifID":3468683610,"GiZScore":1.6128612994842702,"GiPValue":0.10677464476695149,"NNeighbors":32,"Gi_Bin":0}},{"type":"Feature","id":734,"geometry":{"type":"Point","coordinates":[76.464425000000062,26.09651400000007]},"properties":{"OBJECTID":734,"SOURCE_ID":734,"gbifID":2549985932,"GiZScore":-3.610197913144197,"GiPValue":0.0003059634577767768,"NNeighbors":208,"Gi_Bin":-3}},{"type":"Feature","id":735,"geometry":{"type":"Point","coordinates":[78.702587000000051,29.423024000000055]},"properties":{"OBJECTID":735,"SOURCE_ID":735,"gbifID":2626589941,"GiZScore":-0.19343058316808864,"GiPValue":0.84662176588890847,"NNeighbors":50,"Gi_Bin":0}},{"type":"Feature","id":736,"geometry":{"type":"Point","coordinates":[81.007217000000082,23.640664000000072]},"properties":{"OBJECTID":736,"SOURCE_ID":736,"gbifID":2851114677,"GiZScore":0.98873098520226466,"GiPValue":0.32279479158303215,"NNeighbors":207,"Gi_Bin":0}},{"type":"Feature","id":737,"geometry":{"type":"Point","coordinates":[78.656619000000035,29.552100000000053]},"properties":{"OBJECTID":737,"SOURCE_ID":737,"gbifID":2984383635,"GiZScore":0.0085615979093565803,"GiPValue":0.99316891666586571,"NNeighbors":50,"Gi_Bin":0}},{"type":"Feature","id":738,"geometry":{"type":"Point","coordinates":[79.339622000000077,20.348369000000048]},"properties":{"OBJECTID":738,"SOURCE_ID":738,"gbifID":3335243563,"GiZScore":2.8250034988274368,"GiPValue":0.004728009974758432,"NNeighbors":237,"Gi_Bin":2}},{"type":"Feature","id":739,"geometry":{"type":"Point","coordinates":[88.867629000000079,21.904322000000036]},"properties":{"OBJECTID":739,"SOURCE_ID":739,"gbifID":3887845407,"GiZScore":1.6024239430859355,"GiPValue":0.10906189373731043,"NNeighbors":51,"Gi_Bin":0}},{"type":"Feature","id":740,"geometry":{"type":"Point","coordinates":[79.400000000000034,20.266660000000059]},"properties":{"OBJECTID":740,"SOURCE_ID":740,"gbifID":3887845549,"GiZScore":2.9527918577652663,"GiPValue":0.0031491422120901152,"NNeighbors":250,"Gi_Bin":2}},{"type":"Feature","id":741,"geometry":{"type":"Point","coordinates":[76.504682000000059,26.01389800000004]},"properties":{"OBJECTID":741,"SOURCE_ID":741,"gbifID":3887845582,"GiZScore":-2.8513916029555211,"GiPValue":0.0043528324730314465,"NNeighbors":219,"Gi_Bin":-2}},{"type":"Feature","id":742,"geometry":{"type":"Point","coordinates":[81.017718000000059,23.722092000000032]},"properties":{"OBJECTID":742,"SOURCE_ID":742,"gbifID":3887845705,"GiZScore":1.021300697982737,"GiPValue":0.30711201003097366,"NNeighbors":208,"Gi_Bin":0}},{"type":"Feature","id":743,"geometry":{"type":"Point","coordinates":[88.828038000000049,22.069247000000075]},"properties":{"OBJECTID":743,"SOURCE_ID":743,"gbifID":3887845989,"GiZScore":1.42137303640734,"GiPValue":0.15520834090559962,"NNeighbors":53,"Gi_Bin":0}},{"type":"Feature","id":744,"geometry":{"type":"Point","coordinates":[88.867629000000079,21.904322000000036]},"properties":{"OBJECTID":744,"SOURCE_ID":744,"gbifID":3887846012,"GiZScore":1.6024239430859355,"GiPValue":0.10906189373731043,"NNeighbors":51,"Gi_Bin":0}},{"type":"Feature","id":745,"geometry":{"type":"Point","coordinates":[79.475257000000056,20.86691600000006]},"properties":{"OBJECTID":745,"SOURCE_ID":745,"gbifID":3887846283,"GiZScore":0.70070575753147502,"GiPValue":0.48348666715354116,"NNeighbors":21,"Gi_Bin":0}},{"type":"Feature","id":746,"geometry":{"type":"Point","coordinates":[79.317614000000049,20.405937000000051]},"properties":{"OBJECTID":746,"SOURCE_ID":746,"gbifID":3887846557,"GiZScore":2.8031319765850449,"GiPValue":0.0050608954946914034,"NNeighbors":236,"Gi_Bin":2}},{"type":"Feature","id":747,"geometry":{"type":"Point","coordinates":[80.642733000000078,21.939914000000044]},"properties":{"OBJECTID":747,"SOURCE_ID":747,"gbifID":3887847031,"GiZScore":1.8110436804545853,"GiPValue":0.070134090409702574,"NNeighbors":61,"Gi_Bin":0}},{"type":"Feature","id":749,"geometry":{"type":"Point","coordinates":[76.400786000000039,11.636420000000044]},"properties":{"OBJECTID":749,"SOURCE_ID":749,"gbifID":4176927861,"GiZScore":-1.5919461403086341,"GiPValue":0.11139680692465882,"NNeighbors":14,"Gi_Bin":0}},{"type":"Feature","id":750,"geometry":{"type":"Point","coordinates":[81.07162900000003,23.640843000000075]},"properties":{"OBJECTID":750,"SOURCE_ID":750,"gbifID":4597166686,"GiZScore":1.4034943074703734,"GiPValue":0.16046948830057819,"NNeighbors":196,"Gi_Bin":0}},{"type":"Feature","id":751,"geometry":{"type":"Point","coordinates":[79.400000000000034,20.266660000000059]},"properties":{"OBJECTID":751,"SOURCE_ID":751,"gbifID":3887845307,"GiZScore":2.9527918577652663,"GiPValue":0.0031491422120901152,"NNeighbors":250,"Gi_Bin":2}},{"type":"Feature","id":752,"geometry":{"type":"Point","coordinates":[76.504682000000059,26.01389800000004]},"properties":{"OBJECTID":752,"SOURCE_ID":752,"gbifID":3887845328,"GiZScore":-2.8513916029555211,"GiPValue":0.0043528324730314465,"NNeighbors":219,"Gi_Bin":-2}},{"type":"Feature","id":753,"geometry":{"type":"Point","coordinates":[82.370690000000081,23.610572000000047]},"properties":{"OBJECTID":753,"SOURCE_ID":753,"gbifID":3887845366,"GiZScore":0.20940730442030689,"GiPValue":0.83413029120412574,"NNeighbors":1,"Gi_Bin":0}},{"type":"Feature","id":754,"geometry":{"type":"Point","coordinates":[88.867629000000079,21.904322000000036]},"properties":{"OBJECTID":754,"SOURCE_ID":754,"gbifID":3887845444,"GiZScore":1.6024239430859355,"GiPValue":0.10906189373731043,"NNeighbors":51,"Gi_Bin":0}},{"type":"Feature","id":755,"geometry":{"type":"Point","coordinates":[79.30414600000006,21.715522000000078]},"properties":{"OBJECTID":755,"SOURCE_ID":755,"gbifID":3887845623,"GiZScore":0.041631534133235851,"GiPValue":0.96679243442094409,"NNeighbors":96,"Gi_Bin":0}},{"type":"Feature","id":756,"geometry":{"type":"Point","coordinates":[78.451924000000076,19.915736000000038]},"properties":{"OBJECTID":756,"SOURCE_ID":756,"gbifID":3887845687,"GiZScore":-1.1944384296785482,"GiPValue":0.23230653333381401,"NNeighbors":16,"Gi_Bin":0}},{"type":"Feature","id":757,"geometry":{"type":"Point","coordinates":[81.017718000000059,23.722092000000032]},"properties":{"OBJECTID":757,"SOURCE_ID":757,"gbifID":3887846022,"GiZScore":1.021300697982737,"GiPValue":0.30711201003097366,"NNeighbors":208,"Gi_Bin":0}},{"type":"Feature","id":758,"geometry":{"type":"Point","coordinates":[79.334861000000046,21.74057300000004]},"properties":{"OBJECTID":758,"SOURCE_ID":758,"gbifID":3887846130,"GiZScore":-0.15688785042852804,"GiPValue":0.87533323528493212,"NNeighbors":93,"Gi_Bin":0}},{"type":"Feature","id":760,"geometry":{"type":"Point","coordinates":[79.941659000000072,24.590517000000034]},"properties":{"OBJECTID":760,"SOURCE_ID":760,"gbifID":3887847476,"GiZScore":1.0225497697054993,"GiPValue":0.3065207836973225,"NNeighbors":34,"Gi_Bin":0}},{"type":"Feature","id":761,"geometry":{"type":"Point","coordinates":[78.928541000000052,21.47379200000006]},"properties":{"OBJECTID":761,"SOURCE_ID":761,"gbifID":1807284984,"GiZScore":-3.1378586889002058,"GiPValue":0.0017018690347557748,"NNeighbors":2,"Gi_Bin":-2}},{"type":"Feature","id":762,"geometry":{"type":"Point","coordinates":[81.017718000000059,23.722092000000032]},"properties":{"OBJECTID":762,"SOURCE_ID":762,"gbifID":3887845567,"GiZScore":1.021300697982737,"GiPValue":0.30711201003097366,"NNeighbors":208,"Gi_Bin":0}},{"type":"Feature","id":763,"geometry":{"type":"Point","coordinates":[76.31726800000007,25.927311000000032]},"properties":{"OBJECTID":763,"SOURCE_ID":763,"gbifID":4165679696,"GiZScore":-2.4309907803432145,"GiPValue":0.01505759771188345,"NNeighbors":140,"Gi_Bin":-2}},{"type":"Feature","id":764,"geometry":{"type":"Point","coordinates":[76.352336000000037,25.93248200000005]},"properties":{"OBJECTID":764,"SOURCE_ID":764,"gbifID":5760055383,"GiZScore":-2.149750910637926,"GiPValue":0.031574923048607859,"NNeighbors":168,"Gi_Bin":-1}},{"type":"Feature","id":765,"geometry":{"type":"Point","coordinates":[76.260438000000079,25.873672000000056]},"properties":{"OBJECTID":765,"SOURCE_ID":765,"gbifID":5760141135,"GiZScore":-1.4749696636417651,"GiPValue":0.14022069951454447,"NNeighbors":42,"Gi_Bin":0}},{"type":"Feature","id":766,"geometry":{"type":"Point","coordinates":[76.473590000000058,26.149192000000028]},"properties":{"OBJECTID":766,"SOURCE_ID":766,"gbifID":2634558601,"GiZScore":-4.1464162593544813,"GiPValue":3.3771961499828777e-05,"NNeighbors":198,"Gi_Bin":-3}},{"type":"Feature","id":767,"geometry":{"type":"Point","coordinates":[88.867629000000079,21.904322000000036]},"properties":{"OBJECTID":767,"SOURCE_ID":767,"gbifID":3887845995,"GiZScore":1.6024239430859355,"GiPValue":0.10906189373731043,"NNeighbors":51,"Gi_Bin":0}},{"type":"Feature","id":768,"geometry":{"type":"Point","coordinates":[79.400000000000034,20.266660000000059]},"properties":{"OBJECTID":768,"SOURCE_ID":768,"gbifID":3887847403,"GiZScore":2.9527918577652663,"GiPValue":0.0031491422120901152,"NNeighbors":250,"Gi_Bin":2}},{"type":"Feature","id":769,"geometry":{"type":"Point","coordinates":[80.611513000000059,24.334513000000072]},"properties":{"OBJECTID":769,"SOURCE_ID":769,"gbifID":3887847481,"GiZScore":0.20940977202310262,"GiPValue":0.83412836504134347,"NNeighbors":1,"Gi_Bin":0}},{"type":"Feature","id":770,"geometry":{"type":"Point","coordinates":[79.941659000000072,24.590517000000034]},"properties":{"OBJECTID":770,"SOURCE_ID":770,"gbifID":3887847492,"GiZScore":1.0225497697054993,"GiPValue":0.3065207836973225,"NNeighbors":34,"Gi_Bin":0}},{"type":"Feature","id":771,"geometry":{"type":"Point","coordinates":[78.981143000000031,29.468396000000041]},"properties":{"OBJECTID":771,"SOURCE_ID":771,"gbifID":4116296266,"GiZScore":-0.078130458290826793,"GiPValue":0.93772427903028988,"NNeighbors":89,"Gi_Bin":0}},{"type":"Feature","id":772,"geometry":{"type":"Point","coordinates":[78.879229000000066,29.504971000000069]},"properties":{"OBJECTID":772,"SOURCE_ID":772,"gbifID":4116418419,"GiZScore":-0.88314838508648663,"GiPValue":0.3771561142303983,"NNeighbors":95,"Gi_Bin":0}},{"type":"Feature","id":773,"geometry":{"type":"Point","coordinates":[78.863024000000053,29.559115000000077]},"properties":{"OBJECTID":773,"SOURCE_ID":773,"gbifID":4116500162,"GiZScore":-1.2198262083845834,"GiPValue":0.22253078668332704,"NNeighbors":100,"Gi_Bin":0}},{"type":"Feature","id":774,"geometry":{"type":"Point","coordinates":[76.547987000000035,26.065681000000041]},"properties":{"OBJECTID":774,"SOURCE_ID":774,"gbifID":4171152004,"GiZScore":-3.2861187472711104,"GiPValue":0.0010157817805627504,"NNeighbors":210,"Gi_Bin":-2}},{"type":"Feature","id":775,"geometry":{"type":"Point","coordinates":[76.471572000000037,26.084340000000054]},"properties":{"OBJECTID":775,"SOURCE_ID":775,"gbifID":4171296275,"GiZScore":-3.5625493496003595,"GiPValue":0.00036727083972582495,"NNeighbors":209,"Gi_Bin":-3}},{"type":"Feature","id":776,"geometry":{"type":"Point","coordinates":[78.999075000000062,29.574785000000077]},"properties":{"OBJECTID":776,"SOURCE_ID":776,"gbifID":4171570901,"GiZScore":-0.52003543003452124,"GiPValue":0.6030388832082727,"NNeighbors":96,"Gi_Bin":0}},{"type":"Feature","id":777,"geometry":{"type":"Point","coordinates":[76.458930000000066,25.826705000000061]},"properties":{"OBJECTID":777,"SOURCE_ID":777,"gbifID":4171673381,"GiZScore":2.1815010818501301,"GiPValue":0.029146374527686716,"NNeighbors":118,"Gi_Bin":1}},{"type":"Feature","id":778,"geometry":{"type":"Point","coordinates":[80.896197000000029,23.673139000000049]},"properties":{"OBJECTID":778,"SOURCE_ID":778,"gbifID":4177189186,"GiZScore":0.57185458705105574,"GiPValue":0.5674204950693954,"NNeighbors":181,"Gi_Bin":0}},{"type":"Feature","id":779,"geometry":{"type":"Point","coordinates":[80.985770000000059,23.748527000000024]},"properties":{"OBJECTID":779,"SOURCE_ID":779,"gbifID":4177347364,"GiZScore":0.9694765628644737,"GiPValue":0.33230748069124194,"NNeighbors":206,"Gi_Bin":0}},{"type":"Feature","id":780,"geometry":{"type":"Point","coordinates":[81.099855000000048,23.791987000000063]},"properties":{"OBJECTID":780,"SOURCE_ID":780,"gbifID":4442492192,"GiZScore":1.8059875169258475,"GiPValue":0.070920289463508535,"NNeighbors":187,"Gi_Bin":0}},{"type":"Feature","id":781,"geometry":{"type":"Point","coordinates":[76.476068000000055,26.083550000000059]},"properties":{"OBJECTID":781,"SOURCE_ID":781,"gbifID":1837757104,"GiZScore":-3.5625493496003595,"GiPValue":0.00036727083972582495,"NNeighbors":209,"Gi_Bin":-3}},{"type":"Feature","id":782,"geometry":{"type":"Point","coordinates":[78.51482800000008,19.894812000000059]},"properties":{"OBJECTID":782,"SOURCE_ID":782,"gbifID":1899807839,"GiZScore":-1.1944384296785482,"GiPValue":0.23230653333381401,"NNeighbors":16,"Gi_Bin":0}},{"type":"Feature","id":783,"geometry":{"type":"Point","coordinates":[76.447620000000029,11.662459000000069]},"properties":{"OBJECTID":783,"SOURCE_ID":783,"gbifID":2999070190,"GiZScore":-1.6146374115259896,"GiPValue":0.10638923874732825,"NNeighbors":15,"Gi_Bin":0}},{"type":"Feature","id":784,"geometry":{"type":"Point","coordinates":[81.017718000000059,23.722092000000032]},"properties":{"OBJECTID":784,"SOURCE_ID":784,"gbifID":3887846668,"GiZScore":1.021300697982737,"GiPValue":0.30711201003097366,"NNeighbors":208,"Gi_Bin":0}},{"type":"Feature","id":785,"geometry":{"type":"Point","coordinates":[76.364792000000079,25.98427300000003]},"properties":{"OBJECTID":785,"SOURCE_ID":785,"gbifID":3887847213,"GiZScore":-2.7451687542290455,"GiPValue":0.0060479788827149826,"NNeighbors":212,"Gi_Bin":-2}},{"type":"Feature","id":786,"geometry":{"type":"Point","coordinates":[79.941659000000072,24.590517000000034]},"properties":{"OBJECTID":786,"SOURCE_ID":786,"gbifID":3887847495,"GiZScore":1.0225497697054993,"GiPValue":0.3065207836973225,"NNeighbors":34,"Gi_Bin":0}},{"type":"Feature","id":787,"geometry":{"type":"Point","coordinates":[76.027737000000059,12.026032000000043]},"properties":{"OBJECTID":787,"SOURCE_ID":787,"gbifID":3902345288,"GiZScore":-0.5935745606102163,"GiPValue":0.55279670317290663,"NNeighbors":26,"Gi_Bin":0}},{"type":"Feature","id":788,"geometry":{"type":"Point","coordinates":[80.682171000000039,22.370292000000063]},"properties":{"OBJECTID":788,"SOURCE_ID":788,"gbifID":4022319261,"GiZScore":-2.1752118193199186,"GiPValue":0.029614246879011027,"NNeighbors":95,"Gi_Bin":-1}},{"type":"Feature","id":789,"geometry":{"type":"Point","coordinates":[79.361430000000041,20.358609000000058]},"properties":{"OBJECTID":789,"SOURCE_ID":789,"gbifID":4442556748,"GiZScore":2.8250034988274368,"GiPValue":0.004728009974758432,"NNeighbors":237,"Gi_Bin":2}},{"type":"Feature","id":790,"geometry":{"type":"Point","coordinates":[79.384742000000074,20.292717000000039]},"properties":{"OBJECTID":790,"SOURCE_ID":790,"gbifID":4442695578,"GiZScore":2.9527918577652663,"GiPValue":0.0031491422120901152,"NNeighbors":250,"Gi_Bin":2}},{"type":"Feature","id":791,"geometry":{"type":"Point","coordinates":[93.339194000000077,26.76770300000004]},"properties":{"OBJECTID":791,"SOURCE_ID":791,"gbifID":4952223568,"GiZScore":-2.3464431787305022,"GiPValue":0.018953555916428881,"NNeighbors":14,"Gi_Bin":-1}},{"type":"Feature","id":792,"geometry":{"type":"Point","coordinates":[81.139542000000063,23.61113400000005]},"properties":{"OBJECTID":792,"SOURCE_ID":792,"gbifID":5154266556,"GiZScore":1.8893232615438964,"GiPValue":0.058848526459629562,"NNeighbors":176,"Gi_Bin":0}},{"type":"Feature","id":793,"geometry":{"type":"Point","coordinates":[76.263473000000033,11.844145000000026]},"properties":{"OBJECTID":793,"SOURCE_ID":793,"gbifID":1848787688,"GiZScore":0.48785435312391912,"GiPValue":0.62565301065153989,"NNeighbors":26,"Gi_Bin":0}},{"type":"Feature","id":794,"geometry":{"type":"Point","coordinates":[76.560437000000036,11.713372000000049]},"properties":{"OBJECTID":794,"SOURCE_ID":794,"gbifID":2596267360,"GiZScore":-1.2500764782643967,"GiPValue":0.21127163557528705,"NNeighbors":19,"Gi_Bin":0}},{"type":"Feature","id":795,"geometry":{"type":"Point","coordinates":[78.885001000000045,29.50438900000006]},"properties":{"OBJECTID":795,"SOURCE_ID":795,"gbifID":2814199345,"GiZScore":-0.88314838508648663,"GiPValue":0.3771561142303983,"NNeighbors":95,"Gi_Bin":0}},{"type":"Feature","id":796,"geometry":{"type":"Point","coordinates":[80.702283000000079,28.524831000000063]},"properties":{"OBJECTID":796,"SOURCE_ID":796,"gbifID":2826207806,"GiZScore":-0.98236286276166673,"GiPValue":0.32592112795988271,"NNeighbors":6,"Gi_Bin":0}},{"type":"Feature","id":797,"geometry":{"type":"Point","coordinates":[80.59447700000004,28.362919000000034]},"properties":{"OBJECTID":797,"SOURCE_ID":797,"gbifID":2850705458,"GiZScore":-1.2640072039162178,"GiPValue":0.20622746627436084,"NNeighbors":10,"Gi_Bin":0}},{"type":"Feature","id":798,"geometry":{"type":"Point","coordinates":[80.492495000000076,28.322341000000051]},"properties":{"OBJECTID":798,"SOURCE_ID":798,"gbifID":2850719343,"GiZScore":-0.69283354601929037,"GiPValue":0.48841402219478958,"NNeighbors":8,"Gi_Bin":0}},{"type":"Feature","id":799,"geometry":{"type":"Point","coordinates":[80.575301000000081,28.253423000000055]},"properties":{"OBJECTID":799,"SOURCE_ID":799,"gbifID":2850788487,"GiZScore":-0.69283354601929037,"GiPValue":0.48841402219478958,"NNeighbors":8,"Gi_Bin":0}},{"type":"Feature","id":800,"geometry":{"type":"Point","coordinates":[80.78017200000005,28.420960000000036]},"properties":{"OBJECTID":800,"SOURCE_ID":800,"gbifID":2850924397,"GiZScore":-0.98236286276166673,"GiPValue":0.32592112795988271,"NNeighbors":6,"Gi_Bin":0}},{"type":"Feature","id":801,"geometry":{"type":"Point","coordinates":[93.36774900000006,26.773190000000056]},"properties":{"OBJECTID":801,"SOURCE_ID":801,"gbifID":2873931674,"GiZScore":-2.6540131125994888,"GiPValue":0.0079540735885474858,"NNeighbors":12,"Gi_Bin":-2}},{"type":"Feature","id":802,"geometry":{"type":"Point","coordinates":[78.849054000000081,29.407338000000038]},"properties":{"OBJECTID":802,"SOURCE_ID":802,"gbifID":3881431254,"GiZScore":-0.70775291769747939,"GiPValue":0.47909871423005923,"NNeighbors":70,"Gi_Bin":0}},{"type":"Feature","id":803,"geometry":{"type":"Point","coordinates":[78.915969000000075,29.44110100000006]},"properties":{"OBJECTID":803,"SOURCE_ID":803,"gbifID":3881654604,"GiZScore":-0.60948445531118145,"GiPValue":0.54220337650551076,"NNeighbors":92,"Gi_Bin":0}},{"type":"Feature","id":804,"geometry":{"type":"Point","coordinates":[78.988689000000079,29.598610000000065]},"properties":{"OBJECTID":804,"SOURCE_ID":804,"gbifID":3881719572,"GiZScore":-0.71053568146853141,"GiPValue":0.47737201740979152,"NNeighbors":94,"Gi_Bin":0}},{"type":"Feature","id":805,"geometry":{"type":"Point","coordinates":[78.892366000000038,29.563036000000068]},"properties":{"OBJECTID":805,"SOURCE_ID":805,"gbifID":3887845341,"GiZScore":-1.2853145221684354,"GiPValue":0.19868239745873972,"NNeighbors":101,"Gi_Bin":0}},{"type":"Feature","id":806,"geometry":{"type":"Point","coordinates":[80.642733000000078,21.939914000000044]},"properties":{"OBJECTID":806,"SOURCE_ID":806,"gbifID":3887846900,"GiZScore":1.8110436804545853,"GiPValue":0.070134090409702574,"NNeighbors":61,"Gi_Bin":0}},{"type":"Feature","id":807,"geometry":{"type":"Point","coordinates":[76.178437000000031,11.991231000000028]},"properties":{"OBJECTID":807,"SOURCE_ID":807,"gbifID":3887847361,"GiZScore":-0.5668607372719674,"GiPValue":0.57080880401933309,"NNeighbors":35,"Gi_Bin":0}},{"type":"Feature","id":808,"geometry":{"type":"Point","coordinates":[79.317614000000049,20.405937000000051]},"properties":{"OBJECTID":808,"SOURCE_ID":808,"gbifID":3887847533,"GiZScore":2.8031319765850449,"GiPValue":0.0050608954946914034,"NNeighbors":236,"Gi_Bin":2}},{"type":"Feature","id":809,"geometry":{"type":"Point","coordinates":[80.610630000000072,22.332484000000022]},"properties":{"OBJECTID":809,"SOURCE_ID":809,"gbifID":3903391130,"GiZScore":-1.8356482245986718,"GiPValue":0.066409699975859174,"NNeighbors":99,"Gi_Bin":0}},{"type":"Feature","id":810,"geometry":{"type":"Point","coordinates":[76.481787000000054,26.093628000000024]},"properties":{"OBJECTID":810,"SOURCE_ID":810,"gbifID":4465458756,"GiZScore":-3.3997135703472017,"GiPValue":0.00067456476341447617,"NNeighbors":207,"Gi_Bin":-3}},{"type":"Feature","id":811,"geometry":{"type":"Point","coordinates":[76.432033000000047,26.055228000000056]},"properties":{"OBJECTID":811,"SOURCE_ID":811,"gbifID":4465673831,"GiZScore":-3.650022138409339,"GiPValue":0.00026221770799827267,"NNeighbors":217,"Gi_Bin":-3}},{"type":"Feature","id":812,"geometry":{"type":"Point","coordinates":[80.545203000000072,22.220975000000067]},"properties":{"OBJECTID":812,"SOURCE_ID":812,"gbifID":4597583426,"GiZScore":-0.83052122809622475,"GiPValue":0.40624415880944853,"NNeighbors":98,"Gi_Bin":0}},{"type":"Feature","id":813,"geometry":{"type":"Point","coordinates":[79.585669000000053,19.966641000000038]},"properties":{"OBJECTID":813,"SOURCE_ID":813,"gbifID":1914234604,"GiZScore":-0.51010396534482283,"GiPValue":0.60997862927068747,"NNeighbors":11,"Gi_Bin":0}},{"type":"Feature","id":814,"geometry":{"type":"Point","coordinates":[76.486120000000085,26.023230000000069]},"properties":{"OBJECTID":814,"SOURCE_ID":814,"gbifID":2350369964,"GiZScore":-2.9731398720312092,"GiPValue":0.0029477008980214599,"NNeighbors":218,"Gi_Bin":-2}},{"type":"Feature","id":815,"geometry":{"type":"Point","coordinates":[79.081946000000073,29.53379300000006]},"properties":{"OBJECTID":815,"SOURCE_ID":815,"gbifID":2429371981,"GiZScore":-0.18120431232450748,"GiPValue":0.85620720997449029,"NNeighbors":82,"Gi_Bin":0}},{"type":"Feature","id":816,"geometry":{"type":"Point","coordinates":[76.110625000000084,12.111053000000027]},"properties":{"OBJECTID":816,"SOURCE_ID":816,"gbifID":2818539600,"GiZScore":-0.73215740404489182,"GiPValue":0.46407250549861367,"NNeighbors":25,"Gi_Bin":0}},{"type":"Feature","id":817,"geometry":{"type":"Point","coordinates":[79.354619000000071,20.278396000000043]},"properties":{"OBJECTID":817,"SOURCE_ID":817,"gbifID":2818557608,"GiZScore":3.0489933662991131,"GiPValue":0.0022960955171039952,"NNeighbors":251,"Gi_Bin":2}},{"type":"Feature","id":818,"geometry":{"type":"Point","coordinates":[76.54700100000008,26.023677000000077]},"properties":{"OBJECTID":818,"SOURCE_ID":818,"gbifID":2850643401,"GiZScore":-2.6346242783045284,"GiPValue":0.0084230462392310274,"NNeighbors":214,"Gi_Bin":-2}},{"type":"Feature","id":819,"geometry":{"type":"Point","coordinates":[76.532525000000078,25.85343000000006]},"properties":{"OBJECTID":819,"SOURCE_ID":819,"gbifID":2850660794,"GiZScore":1.453340508530063,"GiPValue":0.14612923537583319,"NNeighbors":126,"Gi_Bin":0}},{"type":"Feature","id":820,"geometry":{"type":"Point","coordinates":[76.45714600000008,26.114833000000033]},"properties":{"OBJECTID":820,"SOURCE_ID":820,"gbifID":2850673965,"GiZScore":-3.9607384948955322,"GiPValue":7.4718324424612878e-05,"NNeighbors":201,"Gi_Bin":-3}},{"type":"Feature","id":821,"geometry":{"type":"Point","coordinates":[76.472341000000029,25.959402000000068]},"properties":{"OBJECTID":821,"SOURCE_ID":821,"gbifID":2850691803,"GiZScore":-2.492993195982975,"GiPValue":0.012667127357435394,"NNeighbors":218,"Gi_Bin":-2}},{"type":"Feature","id":822,"geometry":{"type":"Point","coordinates":[76.462215000000072,26.006769000000077]},"properties":{"OBJECTID":822,"SOURCE_ID":822,"gbifID":2850698506,"GiZScore":-3.0528498447263419,"GiPValue":0.0022667933289072114,"NNeighbors":223,"Gi_Bin":-2}},{"type":"Feature","id":823,"geometry":{"type":"Point","coordinates":[76.540018000000032,26.112663000000055]},"properties":{"OBJECTID":823,"SOURCE_ID":823,"gbifID":2850754482,"GiZScore":-3.6710444112713958,"GiPValue":0.00024156135764707149,"NNeighbors":202,"Gi_Bin":-3}},{"type":"Feature","id":824,"geometry":{"type":"Point","coordinates":[76.585311000000047,26.084055000000035]},"properties":{"OBJECTID":824,"SOURCE_ID":824,"gbifID":2850862780,"GiZScore":-3.3698048208131151,"GiPValue":0.00075221443159765829,"NNeighbors":203,"Gi_Bin":-3}},{"type":"Feature","id":825,"geometry":{"type":"Point","coordinates":[76.477860000000078,26.167058000000054]},"properties":{"OBJECTID":825,"SOURCE_ID":825,"gbifID":2851028653,"GiZScore":-4.438994806036983,"GiPValue":9.0379997425187914e-06,"NNeighbors":194,"Gi_Bin":-3}},{"type":"Feature","id":826,"geometry":{"type":"Point","coordinates":[76.451785000000029,26.070765000000051]},"properties":{"OBJECTID":826,"SOURCE_ID":826,"gbifID":2851059565,"GiZScore":-3.5223461551485,"GiPValue":0.00042774522723111347,"NNeighbors":211,"Gi_Bin":-3}},{"type":"Feature","id":827,"geometry":{"type":"Point","coordinates":[76.40943800000008,26.006341000000077]},"properties":{"OBJECTID":827,"SOURCE_ID":827,"gbifID":2851061552,"GiZScore":-3.2667500505872051,"GiPValue":0.0010878968545101465,"NNeighbors":223,"Gi_Bin":-2}},{"type":"Feature","id":828,"geometry":{"type":"Point","coordinates":[76.515538000000049,26.090356000000043]},"properties":{"OBJECTID":828,"SOURCE_ID":828,"gbifID":2851067569,"GiZScore":-3.44675392136199,"GiPValue":0.00056736511284953962,"NNeighbors":206,"Gi_Bin":-3}},{"type":"Feature","id":829,"geometry":{"type":"Point","coordinates":[76.510432000000037,26.135727000000031]},"properties":{"OBJECTID":829,"SOURCE_ID":829,"gbifID":2851079441,"GiZScore":-4.1289882680431615,"GiPValue":3.6436299253295424e-05,"NNeighbors":197,"Gi_Bin":-3}},{"type":"Feature","id":830,"geometry":{"type":"Point","coordinates":[76.432536000000084,26.108515000000068]},"properties":{"OBJECTID":830,"SOURCE_ID":830,"gbifID":2851161394,"GiZScore":-3.9126508217035405,"GiPValue":9.1288487579657636e-05,"NNeighbors":204,"Gi_Bin":-3}},{"type":"Feature","id":831,"geometry":{"type":"Point","coordinates":[76.47712000000007,26.076558000000034]},"properties":{"OBJECTID":831,"SOURCE_ID":831,"gbifID":2851164486,"GiZScore":-3.4282134154814004,"GiPValue":0.00060756763365052283,"NNeighbors":210,"Gi_Bin":-3}},{"type":"Feature","id":832,"geometry":{"type":"Point","coordinates":[76.552555000000041,26.022361000000046]},"properties":{"OBJECTID":832,"SOURCE_ID":832,"gbifID":2851164487,"GiZScore":-2.6346242783045284,"GiPValue":0.0084230462392310274,"NNeighbors":214,"Gi_Bin":-2}},{"type":"Feature","id":833,"geometry":{"type":"Point","coordinates":[76.48185200000006,26.15507400000007]},"properties":{"OBJECTID":833,"SOURCE_ID":833,"gbifID":2851173389,"GiZScore":-4.328990204637007,"GiPValue":1.497945953171682e-05,"NNeighbors":196,"Gi_Bin":-3}},{"type":"Feature","id":834,"geometry":{"type":"Point","coordinates":[76.403823000000045,26.180931000000044]},"properties":{"OBJECTID":834,"SOURCE_ID":834,"gbifID":2851189438,"GiZScore":-5.0480322109730702,"GiPValue":4.4638389910852203e-07,"NNeighbors":185,"Gi_Bin":-3}},{"type":"Feature","id":835,"geometry":{"type":"Point","coordinates":[76.570996000000036,26.026735000000031]},"properties":{"OBJECTID":835,"SOURCE_ID":835,"gbifID":2851202403,"GiZScore":-2.6346242783045284,"GiPValue":0.0084230462392310274,"NNeighbors":214,"Gi_Bin":-2}},{"type":"Feature","id":836,"geometry":{"type":"Point","coordinates":[76.461089000000072,26.16551000000004]},"properties":{"OBJECTID":836,"SOURCE_ID":836,"gbifID":2851232402,"GiZScore":-4.438994806036983,"GiPValue":9.0379997425187914e-06,"NNeighbors":194,"Gi_Bin":-3}},{"type":"Feature","id":837,"geometry":{"type":"Point","coordinates":[79.244449000000031,20.315638000000035]},"properties":{"OBJECTID":837,"SOURCE_ID":837,"gbifID":3032081010,"GiZScore":3.0845636646614234,"GiPValue":0.0020385097588504009,"NNeighbors":241,"Gi_Bin":2}},{"type":"Feature","id":838,"geometry":{"type":"Point","coordinates":[79.348918000000083,21.656020000000069]},"properties":{"OBJECTID":838,"SOURCE_ID":838,"gbifID":3887845657,"GiZScore":0.28134208575233816,"GiPValue":0.77844803389944628,"NNeighbors":98,"Gi_Bin":0}},{"type":"Feature","id":839,"geometry":{"type":"Point","coordinates":[80.642733000000078,21.939914000000044]},"properties":{"OBJECTID":839,"SOURCE_ID":839,"gbifID":3887845944,"GiZScore":1.8110436804545853,"GiPValue":0.070134090409702574,"NNeighbors":61,"Gi_Bin":0}},{"type":"Feature","id":840,"geometry":{"type":"Point","coordinates":[80.642733000000078,21.939914000000044]},"properties":{"OBJECTID":840,"SOURCE_ID":840,"gbifID":3887846410,"GiZScore":1.8110436804545853,"GiPValue":0.070134090409702574,"NNeighbors":61,"Gi_Bin":0}},{"type":"Feature","id":841,"geometry":{"type":"Point","coordinates":[79.400000000000034,20.266660000000059]},"properties":{"OBJECTID":841,"SOURCE_ID":841,"gbifID":3887846524,"GiZScore":2.9527918577652663,"GiPValue":0.0031491422120901152,"NNeighbors":250,"Gi_Bin":2}},{"type":"Feature","id":842,"geometry":{"type":"Point","coordinates":[79.223154000000079,20.307825000000037]},"properties":{"OBJECTID":842,"SOURCE_ID":842,"gbifID":3892273071,"GiZScore":3.006327892446961,"GiPValue":0.0026442369423454511,"NNeighbors":233,"Gi_Bin":2}},{"type":"Feature","id":843,"geometry":{"type":"Point","coordinates":[79.347127000000057,20.396719000000076]},"properties":{"OBJECTID":843,"SOURCE_ID":843,"gbifID":3892291743,"GiZScore":2.8031319765850449,"GiPValue":0.0050608954946914034,"NNeighbors":236,"Gi_Bin":2}},{"type":"Feature","id":844,"geometry":{"type":"Point","coordinates":[79.325424000000055,20.387498000000051]},"properties":{"OBJECTID":844,"SOURCE_ID":844,"gbifID":3892300988,"GiZScore":2.8031319765850449,"GiPValue":0.0050608954946914034,"NNeighbors":236,"Gi_Bin":2}},{"type":"Feature","id":845,"geometry":{"type":"Point","coordinates":[79.397735000000068,20.230087000000026]},"properties":{"OBJECTID":845,"SOURCE_ID":845,"gbifID":3892306867,"GiZScore":3.1610111139206141,"GiPValue":0.0015722249943972539,"NNeighbors":247,"Gi_Bin":2}},{"type":"Feature","id":846,"geometry":{"type":"Point","coordinates":[79.393271000000084,20.347069000000033]},"properties":{"OBJECTID":846,"SOURCE_ID":846,"gbifID":3892338764,"GiZScore":2.9379142366546214,"GiPValue":0.0033042841719654755,"NNeighbors":239,"Gi_Bin":2}},{"type":"Feature","id":847,"geometry":{"type":"Point","coordinates":[79.240225000000066,20.292565000000025]},"properties":{"OBJECTID":847,"SOURCE_ID":847,"gbifID":3892397861,"GiZScore":2.9767271990383684,"GiPValue":0.0029134312274153801,"NNeighbors":234,"Gi_Bin":2}},{"type":"Feature","id":848,"geometry":{"type":"Point","coordinates":[79.374487000000045,20.213367000000062]},"properties":{"OBJECTID":848,"SOURCE_ID":848,"gbifID":3892400050,"GiZScore":3.1320864143324316,"GiPValue":0.0017356878036545998,"NNeighbors":244,"Gi_Bin":2}},{"type":"Feature","id":849,"geometry":{"type":"Point","coordinates":[79.249827000000039,20.220161000000076]},"properties":{"OBJECTID":849,"SOURCE_ID":849,"gbifID":3892480846,"GiZScore":2.8665113562077638,"GiPValue":0.004150232689132013,"NNeighbors":241,"Gi_Bin":2}},{"type":"Feature","id":850,"geometry":{"type":"Point","coordinates":[79.393641000000059,20.213020000000029]},"properties":{"OBJECTID":850,"SOURCE_ID":850,"gbifID":3892551851,"GiZScore":3.2116450154743963,"GiPValue":0.001319773428778429,"NNeighbors":243,"Gi_Bin":2}},{"type":"Feature","id":851,"geometry":{"type":"Point","coordinates":[79.36937800000004,20.371587000000034]},"properties":{"OBJECTID":851,"SOURCE_ID":851,"gbifID":3892563729,"GiZScore":2.8031319765850449,"GiPValue":0.0050608954946914034,"NNeighbors":236,"Gi_Bin":2}},{"type":"Feature","id":852,"geometry":{"type":"Point","coordinates":[79.307743000000073,20.349020000000053]},"properties":{"OBJECTID":852,"SOURCE_ID":852,"gbifID":3892577890,"GiZScore":2.8250034988274368,"GiPValue":0.004728009974758432,"NNeighbors":237,"Gi_Bin":2}},{"type":"Feature","id":853,"geometry":{"type":"Point","coordinates":[79.396145000000047,20.214776000000029]},"properties":{"OBJECTID":853,"SOURCE_ID":853,"gbifID":3892594067,"GiZScore":3.2116450154743963,"GiPValue":0.001319773428778429,"NNeighbors":243,"Gi_Bin":2}},{"type":"Feature","id":854,"geometry":{"type":"Point","coordinates":[79.388748000000078,21.533473000000072]},"properties":{"OBJECTID":854,"SOURCE_ID":854,"gbifID":4414062041,"GiZScore":0.9324367101296549,"GiPValue":0.35111089153853936,"NNeighbors":86,"Gi_Bin":0}},{"type":"Feature","id":855,"geometry":{"type":"Point","coordinates":[78.68715300000008,29.472166000000072]},"properties":{"OBJECTID":855,"SOURCE_ID":855,"gbifID":4458674414,"GiZScore":-0.37896445470659262,"GiPValue":0.70471426041097263,"NNeighbors":50,"Gi_Bin":0}},{"type":"Feature","id":856,"geometry":{"type":"Point","coordinates":[81.14394800000008,23.623886000000027]},"properties":{"OBJECTID":856,"SOURCE_ID":856,"gbifID":4522778530,"GiZScore":1.8893232615438964,"GiPValue":0.058848526459629562,"NNeighbors":176,"Gi_Bin":0}},{"type":"Feature","id":857,"geometry":{"type":"Point","coordinates":[79.203561000000036,20.119293000000027]},"properties":{"OBJECTID":857,"SOURCE_ID":857,"gbifID":4950115866,"GiZScore":1.3241671561389157,"GiPValue":0.1854475360990975,"NNeighbors":87,"Gi_Bin":0}},{"type":"Feature","id":858,"geometry":{"type":"Point","coordinates":[76.359950000000083,26.120707000000039]},"properties":{"OBJECTID":858,"SOURCE_ID":858,"gbifID":1990497580,"GiZScore":-4.6748099998454515,"GiPValue":2.9422588854617753e-06,"NNeighbors":193,"Gi_Bin":-3}},{"type":"Feature","id":859,"geometry":{"type":"Point","coordinates":[76.205089000000044,26.182272000000069]},"properties":{"OBJECTID":859,"SOURCE_ID":859,"gbifID":2813888799,"GiZScore":-3.7409223284884261,"GiPValue":0.00018334618023462223,"NNeighbors":25,"Gi_Bin":-3}},{"type":"Feature","id":860,"geometry":{"type":"Point","coordinates":[76.504682000000059,26.01389800000004]},"properties":{"OBJECTID":860,"SOURCE_ID":860,"gbifID":3887847277,"GiZScore":-2.8513916029555211,"GiPValue":0.0043528324730314465,"NNeighbors":219,"Gi_Bin":-2}},{"type":"Feature","id":861,"geometry":{"type":"Point","coordinates":[76.259557000000029,11.841616000000045]},"properties":{"OBJECTID":861,"SOURCE_ID":861,"gbifID":4145276822,"GiZScore":0.48785435312391912,"GiPValue":0.62565301065153989,"NNeighbors":26,"Gi_Bin":0}},{"type":"Feature","id":862,"geometry":{"type":"Point","coordinates":[79.205895000000055,21.537578000000053]},"properties":{"OBJECTID":862,"SOURCE_ID":862,"gbifID":4414203218,"GiZScore":1.0026849605090664,"GiPValue":0.31601290204838661,"NNeighbors":83,"Gi_Bin":0}},{"type":"Feature","id":863,"geometry":{"type":"Point","coordinates":[79.339494000000059,21.441072000000077]},"properties":{"OBJECTID":863,"SOURCE_ID":863,"gbifID":4414397650,"GiZScore":1.2761711220956165,"GiPValue":0.20189506010558322,"NNeighbors":51,"Gi_Bin":0}},{"type":"Feature","id":864,"geometry":{"type":"Point","coordinates":[79.200158000000044,21.496829000000048]},"properties":{"OBJECTID":864,"SOURCE_ID":864,"gbifID":4414410383,"GiZScore":1.1973220977031964,"GiPValue":0.23118105629993768,"NNeighbors":53,"Gi_Bin":0}},{"type":"Feature","id":865,"geometry":{"type":"Point","coordinates":[79.364063000000044,21.638421000000051]},"properties":{"OBJECTID":865,"SOURCE_ID":865,"gbifID":4436216156,"GiZScore":0.44950855057797734,"GiPValue":0.65306484265022746,"NNeighbors":100,"Gi_Bin":0}},{"type":"Feature","id":866,"geometry":{"type":"Point","coordinates":[79.257852000000071,21.736188000000027]},"properties":{"OBJECTID":866,"SOURCE_ID":866,"gbifID":4436240731,"GiZScore":-0.087558619378136762,"GiPValue":0.93022749276415984,"NNeighbors":93,"Gi_Bin":0}},{"type":"Feature","id":867,"geometry":{"type":"Point","coordinates":[79.249360000000081,21.725427000000025]},"properties":{"OBJECTID":867,"SOURCE_ID":867,"gbifID":4436322020,"GiZScore":-0.087558619378136762,"GiPValue":0.93022749276415984,"NNeighbors":93,"Gi_Bin":0}},{"type":"Feature","id":868,"geometry":{"type":"Point","coordinates":[79.390345000000082,21.649198000000069]},"properties":{"OBJECTID":868,"SOURCE_ID":868,"gbifID":4436341122,"GiZScore":0.21369527425787721,"GiPValue":0.83078469696281876,"NNeighbors":98,"Gi_Bin":0}},{"type":"Feature","id":869,"geometry":{"type":"Point","coordinates":[76.374095000000068,11.809498000000076]},"properties":{"OBJECTID":869,"SOURCE_ID":869,"gbifID":4516392671,"GiZScore":-0.93708439056621917,"GiPValue":0.3487151612868632,"NNeighbors":19,"Gi_Bin":0}},{"type":"Feature","id":870,"geometry":{"type":"Point","coordinates":[75.92783200000008,11.965669000000048]},"properties":{"OBJECTID":870,"SOURCE_ID":870,"gbifID":3314506996,"GiZScore":-0.48986607121824743,"GiPValue":0.62422867502064094,"NNeighbors":16,"Gi_Bin":0}},{"type":"Feature","id":871,"geometry":{"type":"Point","coordinates":[76.332044000000053,11.987582000000032]},"properties":{"OBJECTID":871,"SOURCE_ID":871,"gbifID":3415862874,"GiZScore":0.0021959910765877366,"GiPValue":0.99824785403239447,"NNeighbors":25,"Gi_Bin":0}},{"type":"Feature","id":872,"geometry":{"type":"Point","coordinates":[88.818755000000067,22.107393000000059]},"properties":{"OBJECTID":872,"SOURCE_ID":872,"gbifID":3887845474,"GiZScore":1.42137303640734,"GiPValue":0.15520834090559962,"NNeighbors":53,"Gi_Bin":0}},{"type":"Feature","id":873,"geometry":{"type":"Point","coordinates":[76.201625000000035,12.055919000000074]},"properties":{"OBJECTID":873,"SOURCE_ID":873,"gbifID":3058910927,"GiZScore":-0.4341242428919298,"GiPValue":0.66419822309866872,"NNeighbors":32,"Gi_Bin":0}},{"type":"Feature","id":874,"geometry":{"type":"Point","coordinates":[88.923933000000034,21.92901100000006]},"properties":{"OBJECTID":874,"SOURCE_ID":874,"gbifID":4901806028,"GiZScore":1.6024239430859355,"GiPValue":0.10906189373731043,"NNeighbors":51,"Gi_Bin":0}},{"type":"Feature","id":875,"geometry":{"type":"Point","coordinates":[88.818755000000067,22.107393000000059]},"properties":{"OBJECTID":875,"SOURCE_ID":875,"gbifID":3887845451,"GiZScore":1.42137303640734,"GiPValue":0.15520834090559962,"NNeighbors":53,"Gi_Bin":0}},{"type":"Feature","id":876,"geometry":{"type":"Point","coordinates":[79.400000000000034,20.266660000000059]},"properties":{"OBJECTID":876,"SOURCE_ID":876,"gbifID":3887847052,"GiZScore":2.9527918577652663,"GiPValue":0.0031491422120901152,"NNeighbors":250,"Gi_Bin":2}},{"type":"Feature","id":877,"geometry":{"type":"Point","coordinates":[76.450400000000059,25.96842300000003]},"properties":{"OBJECTID":877,"SOURCE_ID":877,"gbifID":4978227676,"GiZScore":-2.7795436732166796,"GiPValue":0.0054435333188175977,"NNeighbors":223,"Gi_Bin":-2}},{"type":"Feature","id":878,"geometry":{"type":"Point","coordinates":[79.224814000000038,20.393909000000065]},"properties":{"OBJECTID":878,"SOURCE_ID":878,"gbifID":1935609442,"GiZScore":2.6096563344322128,"GiPValue":0.0090633222813013854,"NNeighbors":212,"Gi_Bin":2}},{"type":"Feature","id":879,"geometry":{"type":"Point","coordinates":[93.10803100000004,26.982416000000057]},"properties":{"OBJECTID":879,"SOURCE_ID":879,"gbifID":1986546390,"GiZScore":-2.0088672434281714,"GiPValue":0.044551214628719624,"NNeighbors":1,"Gi_Bin":0}},{"type":"Feature","id":880,"geometry":{"type":"Point","coordinates":[76.268444000000045,25.893169000000057]},"properties":{"OBJECTID":880,"SOURCE_ID":880,"gbifID":2311370093,"GiZScore":-1.6047620370511488,"GiPValue":0.10854618347637436,"NNeighbors":53,"Gi_Bin":0}},{"type":"Feature","id":881,"geometry":{"type":"Point","coordinates":[76.368879000000049,11.930986000000075]},"properties":{"OBJECTID":881,"SOURCE_ID":881,"gbifID":3333105430,"GiZScore":0.37579893305277839,"GiPValue":0.70706638187313642,"NNeighbors":22,"Gi_Bin":0}},{"type":"Feature","id":882,"geometry":{"type":"Point","coordinates":[88.867629000000079,21.904322000000036]},"properties":{"OBJECTID":882,"SOURCE_ID":882,"gbifID":3887845405,"GiZScore":1.6024239430859355,"GiPValue":0.10906189373731043,"NNeighbors":51,"Gi_Bin":0}},{"type":"Feature","id":883,"geometry":{"type":"Point","coordinates":[88.867629000000079,21.904322000000036]},"properties":{"OBJECTID":883,"SOURCE_ID":883,"gbifID":3887845965,"GiZScore":1.6024239430859355,"GiPValue":0.10906189373731043,"NNeighbors":51,"Gi_Bin":0}},{"type":"Feature","id":884,"geometry":{"type":"Point","coordinates":[76.406680000000051,26.077514000000065]},"properties":{"OBJECTID":884,"SOURCE_ID":884,"gbifID":1986622024,"GiZScore":-4.0765345380622939,"GiPValue":4.5711868400093754e-05,"NNeighbors":211,"Gi_Bin":-3}},{"type":"Feature","id":885,"geometry":{"type":"Point","coordinates":[76.565070000000048,26.199096000000054]},"properties":{"OBJECTID":885,"SOURCE_ID":885,"gbifID":1986622425,"GiZScore":-4.5395177682700014,"GiPValue":5.6383029237427145e-06,"NNeighbors":180,"Gi_Bin":-3}},{"type":"Feature","id":886,"geometry":{"type":"Point","coordinates":[80.520040000000051,22.215198000000044]},"properties":{"OBJECTID":886,"SOURCE_ID":886,"gbifID":2423231215,"GiZScore":-0.028243168090912728,"GiPValue":0.97746820778358778,"NNeighbors":89,"Gi_Bin":0}},{"type":"Feature","id":887,"geometry":{"type":"Point","coordinates":[76.977238000000057,11.587684000000024]},"properties":{"OBJECTID":887,"SOURCE_ID":887,"gbifID":2444980403,"GiZScore":-0.10875618936820347,"GiPValue":0.91339587345894069,"NNeighbors":3,"Gi_Bin":0}},{"type":"Feature","id":888,"geometry":{"type":"Point","coordinates":[78.92236500000007,29.401666000000034]},"properties":{"OBJECTID":888,"SOURCE_ID":888,"gbifID":2813960228,"GiZScore":-0.20275029678705087,"GiPValue":0.83933020849555739,"NNeighbors":86,"Gi_Bin":0}},{"type":"Feature","id":889,"geometry":{"type":"Point","coordinates":[88.867629000000079,21.904322000000036]},"properties":{"OBJECTID":889,"SOURCE_ID":889,"gbifID":3887845408,"GiZScore":1.6024239430859355,"GiPValue":0.10906189373731043,"NNeighbors":51,"Gi_Bin":0}},{"type":"Feature","id":890,"geometry":{"type":"Point","coordinates":[88.867629000000079,21.904322000000036]},"properties":{"OBJECTID":890,"SOURCE_ID":890,"gbifID":3887846016,"GiZScore":1.6024239430859355,"GiPValue":0.10906189373731043,"NNeighbors":51,"Gi_Bin":0}},{"type":"Feature","id":894,"geometry":{"type":"Point","coordinates":[79.400000000000034,20.266660000000059]},"properties":{"OBJECTID":894,"SOURCE_ID":894,"gbifID":3887847474,"GiZScore":2.9527918577652663,"GiPValue":0.0031491422120901152,"NNeighbors":250,"Gi_Bin":2}},{"type":"Feature","id":895,"geometry":{"type":"Point","coordinates":[76.504682000000059,26.01389800000004]},"properties":{"OBJECTID":895,"SOURCE_ID":895,"gbifID":3887845325,"GiZScore":-2.8513916029555211,"GiPValue":0.0043528324730314465,"NNeighbors":219,"Gi_Bin":-2}},{"type":"Feature","id":896,"geometry":{"type":"Point","coordinates":[78.892366000000038,29.563036000000068]},"properties":{"OBJECTID":896,"SOURCE_ID":896,"gbifID":3887845347,"GiZScore":-1.2853145221684354,"GiPValue":0.19868239745873972,"NNeighbors":101,"Gi_Bin":0}},{"type":"Feature","id":897,"geometry":{"type":"Point","coordinates":[79.533004000000062,20.834181000000058]},"properties":{"OBJECTID":897,"SOURCE_ID":897,"gbifID":3887845707,"GiZScore":0.70070575753147502,"GiPValue":0.48348666715354116,"NNeighbors":21,"Gi_Bin":0}},{"type":"Feature","id":898,"geometry":{"type":"Point","coordinates":[79.30414600000006,21.715522000000078]},"properties":{"OBJECTID":898,"SOURCE_ID":898,"gbifID":3887846094,"GiZScore":0.041631534133235851,"GiPValue":0.96679243442094409,"NNeighbors":96,"Gi_Bin":0}},{"type":"Feature","id":899,"geometry":{"type":"Point","coordinates":[84.138352000000054,27.414716000000055]},"properties":{"OBJECTID":899,"SOURCE_ID":899,"gbifID":3887846315,"GiZScore":0.36296350189207033,"GiPValue":0.71663214971270683,"NNeighbors":3,"Gi_Bin":0}},{"type":"Feature","id":900,"geometry":{"type":"Point","coordinates":[88.867629000000079,21.904322000000036]},"properties":{"OBJECTID":900,"SOURCE_ID":900,"gbifID":3887846469,"GiZScore":1.6024239430859355,"GiPValue":0.10906189373731043,"NNeighbors":51,"Gi_Bin":0}},{"type":"Feature","id":901,"geometry":{"type":"Point","coordinates":[80.642733000000078,21.939914000000044]},"properties":{"OBJECTID":901,"SOURCE_ID":901,"gbifID":3887846521,"GiZScore":1.8110436804545853,"GiPValue":0.070134090409702574,"NNeighbors":61,"Gi_Bin":0}},{"type":"Feature","id":902,"geometry":{"type":"Point","coordinates":[93.460525000000075,26.375851000000068]},"properties":{"OBJECTID":902,"SOURCE_ID":902,"gbifID":3887846531,"GiZScore":0.66433364137290907,"GiPValue":0.50647679831172265,"NNeighbors":10,"Gi_Bin":0}},{"type":"Feature","id":903,"geometry":{"type":"Point","coordinates":[79.044354000000055,29.554046000000028]},"properties":{"OBJECTID":903,"SOURCE_ID":903,"gbifID":3887846542,"GiZScore":-0.2483297528500947,"GiPValue":0.80387928061630687,"NNeighbors":86,"Gi_Bin":0}},{"type":"Feature","id":905,"geometry":{"type":"Point","coordinates":[79.400000000000034,20.266660000000059]},"properties":{"OBJECTID":905,"SOURCE_ID":905,"gbifID":3887846922,"GiZScore":2.9527918577652663,"GiPValue":0.0031491422120901152,"NNeighbors":250,"Gi_Bin":2}},{"type":"Feature","id":906,"geometry":{"type":"Point","coordinates":[79.069799000000046,29.534069000000045]},"properties":{"OBJECTID":906,"SOURCE_ID":906,"gbifID":3887847246,"GiZScore":-0.11901161079157023,"GiPValue":0.90526615709797553,"NNeighbors":83,"Gi_Bin":0}},{"type":"Feature","id":907,"geometry":{"type":"Point","coordinates":[76.518211000000065,26.109356000000048]},"properties":{"OBJECTID":907,"SOURCE_ID":907,"gbifID":3887847327,"GiZScore":-3.6894064125571764,"GiPValue":0.00022477789589020534,"NNeighbors":203,"Gi_Bin":-3}},{"type":"Feature","id":908,"geometry":{"type":"Point","coordinates":[79.941659000000072,24.590517000000034]},"properties":{"OBJECTID":908,"SOURCE_ID":908,"gbifID":3887847475,"GiZScore":1.0225497697054993,"GiPValue":0.3065207836973225,"NNeighbors":34,"Gi_Bin":0}},{"type":"Feature","id":909,"geometry":{"type":"Point","coordinates":[79.322178000000065,20.533100000000047]},"properties":{"OBJECTID":909,"SOURCE_ID":909,"gbifID":2005290930,"GiZScore":0.95092141785553719,"GiPValue":0.34164428011153103,"NNeighbors":100,"Gi_Bin":0}},{"type":"Feature","id":910,"geometry":{"type":"Point","coordinates":[76.42994200000004,26.068382000000042]},"properties":{"OBJECTID":910,"SOURCE_ID":910,"gbifID":2557813535,"GiZScore":-3.773511188609886,"GiPValue":0.00016096599702757332,"NNeighbors":211,"Gi_Bin":-3}},{"type":"Feature","id":911,"geometry":{"type":"Point","coordinates":[79.935024000000055,24.611686000000077]},"properties":{"OBJECTID":911,"SOURCE_ID":911,"gbifID":2609079018,"GiZScore":1.0225497697054993,"GiPValue":0.3065207836973225,"NNeighbors":34,"Gi_Bin":0}},{"type":"Feature","id":915,"geometry":{"type":"Point","coordinates":[78.994796000000065,29.53123800000003]},"properties":{"OBJECTID":915,"SOURCE_ID":915,"gbifID":1453447160,"GiZScore":-0.063260171716432376,"GiPValue":0.94955933057401043,"NNeighbors":91,"Gi_Bin":0}},{"type":"Feature","id":916,"geometry":{"type":"Point","coordinates":[81.066508000000056,23.702988000000062]},"properties":{"OBJECTID":916,"SOURCE_ID":916,"gbifID":2283248607,"GiZScore":1.4217627192928248,"GiPValue":0.15509514564100479,"NNeighbors":199,"Gi_Bin":0}},{"type":"Feature","id":917,"geometry":{"type":"Point","coordinates":[76.353053000000045,25.875990000000058]},"properties":{"OBJECTID":917,"SOURCE_ID":917,"gbifID":2550127183,"GiZScore":0.10686062866671936,"GiPValue":0.91489954806787088,"NNeighbors":126,"Gi_Bin":0}},{"type":"Feature","id":918,"geometry":{"type":"Point","coordinates":[76.476695000000063,26.003569000000027]},"properties":{"OBJECTID":918,"SOURCE_ID":918,"gbifID":2634464499,"GiZScore":-3.0979091417394464,"GiPValue":0.0019489116961747496,"NNeighbors":222,"Gi_Bin":-2}},{"type":"Feature","id":919,"geometry":{"type":"Point","coordinates":[80.613215000000082,22.304720000000032]},"properties":{"OBJECTID":919,"SOURCE_ID":919,"gbifID":3079649550,"GiZScore":-1.661130066371312,"GiPValue":0.096687327134610826,"NNeighbors":101,"Gi_Bin":0}},{"type":"Feature","id":921,"geometry":{"type":"Point","coordinates":[76.555762000000072,25.895048000000031]},"properties":{"OBJECTID":921,"SOURCE_ID":921,"gbifID":1831129341,"GiZScore":-0.9107097467562858,"GiPValue":0.36244833756488326,"NNeighbors":164,"Gi_Bin":0}},{"type":"Feature","id":923,"geometry":{"type":"Point","coordinates":[80.732829000000038,22.34281500000003]},"properties":{"OBJECTID":923,"SOURCE_ID":923,"gbifID":4177196902,"GiZScore":-2.374686482998515,"GiPValue":0.017563861531754363,"NNeighbors":90,"Gi_Bin":-1}},{"type":"Feature","id":924,"geometry":{"type":"Point","coordinates":[80.712297000000035,22.375109000000066]},"properties":{"OBJECTID":924,"SOURCE_ID":924,"gbifID":4177486731,"GiZScore":-2.172023081367541,"GiPValue":0.029853921991070658,"NNeighbors":91,"Gi_Bin":-1}},{"type":"Feature","id":925,"geometry":{"type":"Point","coordinates":[79.314007000000061,20.366408000000035]},"properties":{"OBJECTID":925,"SOURCE_ID":925,"gbifID":4442670297,"GiZScore":2.8250034988274368,"GiPValue":0.004728009974758432,"NNeighbors":237,"Gi_Bin":2}},{"type":"Feature","id":926,"geometry":{"type":"Point","coordinates":[79.387855000000059,20.374024000000077]},"properties":{"OBJECTID":926,"SOURCE_ID":926,"gbifID":4465680672,"GiZScore":2.6863241969112561,"GiPValue":0.0072242954549245749,"NNeighbors":234,"Gi_Bin":2}},{"type":"Feature","id":927,"geometry":{"type":"Point","coordinates":[79.345897000000036,21.652605000000051]},"properties":{"OBJECTID":927,"SOURCE_ID":927,"gbifID":1807285240,"GiZScore":0.28134208575233816,"GiPValue":0.77844803389944628,"NNeighbors":98,"Gi_Bin":0}},{"type":"Feature","id":928,"geometry":{"type":"Point","coordinates":[79.266354000000035,20.321888000000058]},"properties":{"OBJECTID":928,"SOURCE_ID":928,"gbifID":2883230306,"GiZScore":2.9392215281431544,"GiPValue":0.0032903780203974546,"NNeighbors":242,"Gi_Bin":2}},{"type":"Feature","id":929,"geometry":{"type":"Point","coordinates":[79.322338000000059,20.334834000000058]},"properties":{"OBJECTID":929,"SOURCE_ID":929,"gbifID":3416105192,"GiZScore":2.8856242475767533,"GiPValue":0.0039063823549913852,"NNeighbors":243,"Gi_Bin":2}},{"type":"Feature","id":930,"geometry":{"type":"Point","coordinates":[81.017718000000059,23.722092000000032]},"properties":{"OBJECTID":930,"SOURCE_ID":930,"gbifID":3887846632,"GiZScore":1.021300697982737,"GiPValue":0.30711201003097366,"NNeighbors":208,"Gi_Bin":0}},{"type":"Feature","id":931,"geometry":{"type":"Point","coordinates":[79.359694000000047,20.364088000000038]},"properties":{"OBJECTID":931,"SOURCE_ID":931,"gbifID":4442685567,"GiZScore":2.8250034988274368,"GiPValue":0.004728009974758432,"NNeighbors":237,"Gi_Bin":2}},{"type":"Feature","id":932,"geometry":{"type":"Point","coordinates":[79.23968300000007,20.309347000000059]},"properties":{"OBJECTID":932,"SOURCE_ID":932,"gbifID":4901219498,"GiZScore":3.006327892446961,"GiPValue":0.0026442369423454511,"NNeighbors":233,"Gi_Bin":2}},{"type":"Feature","id":933,"geometry":{"type":"Point","coordinates":[79.334941000000072,20.339060000000075]},"properties":{"OBJECTID":933,"SOURCE_ID":933,"gbifID":4901425795,"GiZScore":2.8351458920391295,"GiPValue":0.0045804762834306748,"NNeighbors":238,"Gi_Bin":2}},{"type":"Feature","id":934,"geometry":{"type":"Point","coordinates":[78.929466000000048,21.560442000000023]},"properties":{"OBJECTID":934,"SOURCE_ID":934,"gbifID":1807285077,"GiZScore":-3.1378586889002058,"GiPValue":0.0017018690347557748,"NNeighbors":2,"Gi_Bin":-2}},{"type":"Feature","id":935,"geometry":{"type":"Point","coordinates":[79.347248000000036,21.64789200000007]},"properties":{"OBJECTID":935,"SOURCE_ID":935,"gbifID":1807285089,"GiZScore":0.36578009740837397,"GiPValue":0.71452917296409701,"NNeighbors":99,"Gi_Bin":0}},{"type":"Feature","id":936,"geometry":{"type":"Point","coordinates":[80.772921000000053,22.305061000000023]},"properties":{"OBJECTID":936,"SOURCE_ID":936,"gbifID":2823425612,"GiZScore":-2.3755479774516313,"GiPValue":0.017522914206960578,"NNeighbors":84,"Gi_Bin":-1}},{"type":"Feature","id":937,"geometry":{"type":"Point","coordinates":[79.363884000000041,20.214515000000063]},"properties":{"OBJECTID":937,"SOURCE_ID":937,"gbifID":2850731572,"GiZScore":2.8514089186144607,"GiPValue":0.0043525954082517396,"NNeighbors":249,"Gi_Bin":2}},{"type":"Feature","id":938,"geometry":{"type":"Point","coordinates":[80.751271000000031,22.208379000000036]},"properties":{"OBJECTID":938,"SOURCE_ID":938,"gbifID":2850735424,"GiZScore":-2.5795925356933935,"GiPValue":0.009891695287192491,"NNeighbors":85,"Gi_Bin":-2}},{"type":"Feature","id":939,"geometry":{"type":"Point","coordinates":[79.30892700000004,20.360828000000026]},"properties":{"OBJECTID":939,"SOURCE_ID":939,"gbifID":2850737603,"GiZScore":2.8250034988274368,"GiPValue":0.004728009974758432,"NNeighbors":237,"Gi_Bin":2}},{"type":"Feature","id":940,"geometry":{"type":"Point","coordinates":[79.345622000000049,20.365659000000051]},"properties":{"OBJECTID":940,"SOURCE_ID":940,"gbifID":2851136712,"GiZScore":2.8250034988274368,"GiPValue":0.004728009974758432,"NNeighbors":237,"Gi_Bin":2}},{"type":"Feature","id":941,"geometry":{"type":"Point","coordinates":[80.615578000000085,22.26831100000004]},"properties":{"OBJECTID":941,"SOURCE_ID":941,"gbifID":2851152459,"GiZScore":-1.5466240722215996,"GiPValue":0.12195392157529074,"NNeighbors":105,"Gi_Bin":0}},{"type":"Feature","id":942,"geometry":{"type":"Point","coordinates":[79.358394000000033,20.396256000000051]},"properties":{"OBJECTID":942,"SOURCE_ID":942,"gbifID":2851298516,"GiZScore":2.6863241969112561,"GiPValue":0.0072242954549245749,"NNeighbors":234,"Gi_Bin":2}},{"type":"Feature","id":943,"geometry":{"type":"Point","coordinates":[76.310739000000069,11.828227000000027]},"properties":{"OBJECTID":943,"SOURCE_ID":943,"gbifID":2963839175,"GiZScore":0.40469413594533227,"GiPValue":0.68570235414671799,"NNeighbors":24,"Gi_Bin":0}},{"type":"Feature","id":944,"geometry":{"type":"Point","coordinates":[76.252399000000082,25.862636000000066]},"properties":{"OBJECTID":944,"SOURCE_ID":944,"gbifID":3407903397,"GiZScore":-0.37648319638604621,"GiPValue":0.70655770631374404,"NNeighbors":33,"Gi_Bin":0}},{"type":"Feature","id":945,"geometry":{"type":"Point","coordinates":[76.223854000000074,25.823280000000068]},"properties":{"OBJECTID":945,"SOURCE_ID":945,"gbifID":3407929375,"GiZScore":-0.094272768925432418,"GiPValue":0.92489248081418196,"NNeighbors":20,"Gi_Bin":0}},{"type":"Feature","id":946,"geometry":{"type":"Point","coordinates":[76.557259000000045,26.197979000000032]},"properties":{"OBJECTID":946,"SOURCE_ID":946,"gbifID":3407931390,"GiZScore":-4.6247118890662904,"GiPValue":3.7511944459413774e-06,"NNeighbors":182,"Gi_Bin":-3}},{"type":"Feature","id":947,"geometry":{"type":"Point","coordinates":[75.668878000000063,12.541072000000042]},"properties":{"OBJECTID":947,"SOURCE_ID":947,"gbifID":3466080658,"GiZScore":-0.28267202068692204,"GiPValue":0.77742826645532093,"NNeighbors":1,"Gi_Bin":0}},{"type":"Feature","id":948,"geometry":{"type":"Point","coordinates":[76.504682000000059,26.01389800000004]},"properties":{"OBJECTID":948,"SOURCE_ID":948,"gbifID":3887846804,"GiZScore":-2.8513916029555211,"GiPValue":0.0043528324730314465,"NNeighbors":219,"Gi_Bin":-2}},{"type":"Feature","id":949,"geometry":{"type":"Point","coordinates":[79.366936000000067,20.253193000000067]},"properties":{"OBJECTID":949,"SOURCE_ID":949,"gbifID":4177013875,"GiZScore":3.0489933662991131,"GiPValue":0.0022960955171039952,"NNeighbors":251,"Gi_Bin":2}},{"type":"Feature","id":950,"geometry":{"type":"Point","coordinates":[79.539918000000057,20.360789000000068]},"properties":{"OBJECTID":950,"SOURCE_ID":950,"gbifID":4177216874,"GiZScore":2.8850209087247349,"GiPValue":0.0039138766686261763,"NNeighbors":156,"Gi_Bin":2}},{"type":"Feature","id":951,"geometry":{"type":"Point","coordinates":[79.324415000000045,20.251653000000033]},"properties":{"OBJECTID":951,"SOURCE_ID":951,"gbifID":4177276467,"GiZScore":3.0156426946583865,"GiPValue":0.0025643524585947696,"NNeighbors":250,"Gi_Bin":2}},{"type":"Feature","id":952,"geometry":{"type":"Point","coordinates":[80.730252000000064,22.201474000000076]},"properties":{"OBJECTID":952,"SOURCE_ID":952,"gbifID":4407545019,"GiZScore":-2.1455915803175585,"GiPValue":0.031905577779456899,"NNeighbors":88,"Gi_Bin":-1}},{"type":"Feature","id":953,"geometry":{"type":"Point","coordinates":[76.454841000000044,26.067872000000023]},"properties":{"OBJECTID":953,"SOURCE_ID":953,"gbifID":2823438635,"GiZScore":-3.6594674816898705,"GiPValue":0.00025273991111601389,"NNeighbors":214,"Gi_Bin":-3}},{"type":"Feature","id":954,"geometry":{"type":"Point","coordinates":[76.443573000000072,26.011586000000023]},"properties":{"OBJECTID":954,"SOURCE_ID":954,"gbifID":2823444705,"GiZScore":-3.2203745949444045,"GiPValue":0.0012802319089104649,"NNeighbors":225,"Gi_Bin":-2}},{"type":"Feature","id":955,"geometry":{"type":"Point","coordinates":[76.504682000000059,26.01389800000004]},"properties":{"OBJECTID":955,"SOURCE_ID":955,"gbifID":3887846683,"GiZScore":-2.8513916029555211,"GiPValue":0.0043528324730314465,"NNeighbors":219,"Gi_Bin":-2}},{"type":"Feature","id":956,"geometry":{"type":"Point","coordinates":[76.178437000000031,11.991231000000028]},"properties":{"OBJECTID":956,"SOURCE_ID":956,"gbifID":3887847407,"GiZScore":-0.5668607372719674,"GiPValue":0.57080880401933309,"NNeighbors":35,"Gi_Bin":0}},{"type":"Feature","id":957,"geometry":{"type":"Point","coordinates":[79.400000000000034,20.266660000000059]},"properties":{"OBJECTID":957,"SOURCE_ID":957,"gbifID":3887847413,"GiZScore":2.9527918577652663,"GiPValue":0.0031491422120901152,"NNeighbors":250,"Gi_Bin":2}},{"type":"Feature","id":958,"geometry":{"type":"Point","coordinates":[88.867629000000079,21.904322000000036]},"properties":{"OBJECTID":958,"SOURCE_ID":958,"gbifID":3887845443,"GiZScore":1.6024239430859355,"GiPValue":0.10906189373731043,"NNeighbors":51,"Gi_Bin":0}},{"type":"Feature","id":959,"geometry":{"type":"Point","coordinates":[79.400000000000034,20.266660000000059]},"properties":{"OBJECTID":959,"SOURCE_ID":959,"gbifID":3887847420,"GiZScore":2.9527918577652663,"GiPValue":0.0031491422120901152,"NNeighbors":250,"Gi_Bin":2}},{"type":"Feature","id":960,"geometry":{"type":"Point","coordinates":[76.578862000000072,25.991733000000067]},"properties":{"OBJECTID":960,"SOURCE_ID":960,"gbifID":4606735691,"GiZScore":-2.5963755841743197,"GiPValue":0.0094213018690200347,"NNeighbors":207,"Gi_Bin":-2}},{"type":"Feature","id":961,"geometry":{"type":"Point","coordinates":[79.361778000000072,20.320508000000075]},"properties":{"OBJECTID":961,"SOURCE_ID":961,"gbifID":4901013352,"GiZScore":2.8279634978042805,"GiPValue":0.0046845147604008255,"NNeighbors":249,"Gi_Bin":2}},{"type":"Feature","id":962,"geometry":{"type":"Point","coordinates":[78.71650900000003,20.972983000000056]},"properties":{"OBJECTID":962,"SOURCE_ID":962,"gbifID":5890190315,"GiZScore":3.0619708174308884,"GiPValue":0.0021988488863186645,"NNeighbors":3,"Gi_Bin":2}},{"type":"Feature","id":963,"geometry":{"type":"Point","coordinates":[79.34475400000008,20.014177000000075]},"properties":{"OBJECTID":963,"SOURCE_ID":963,"gbifID":1703187579,"GiZScore":0.43816525853075727,"GiPValue":0.66126649214097855,"NNeighbors":46,"Gi_Bin":0}},{"type":"Feature","id":964,"geometry":{"type":"Point","coordinates":[93.147211000000084,26.435547000000042]},"properties":{"OBJECTID":964,"SOURCE_ID":964,"gbifID":2826141745,"GiZScore":-0.085834846360431066,"GiPValue":0.93159770530302888,"NNeighbors":5,"Gi_Bin":0}},{"type":"Feature","id":965,"geometry":{"type":"Point","coordinates":[78.696683000000064,29.486663000000078]},"properties":{"OBJECTID":965,"SOURCE_ID":965,"gbifID":2851110969,"GiZScore":-0.39900041222903238,"GiPValue":0.68989290148409332,"NNeighbors":52,"Gi_Bin":0}},{"type":"Feature","id":966,"geometry":{"type":"Point","coordinates":[78.724089000000049,29.438787000000048]},"properties":{"OBJECTID":966,"SOURCE_ID":966,"gbifID":2851224666,"GiZScore":-0.0013886740541131338,"GiPValue":0.99889199876823187,"NNeighbors":51,"Gi_Bin":0}},{"type":"Feature","id":967,"geometry":{"type":"Point","coordinates":[78.726919000000066,29.406196000000079]},"properties":{"OBJECTID":967,"SOURCE_ID":967,"gbifID":2851282960,"GiZScore":0.097686768834976706,"GiPValue":0.92218102225028797,"NNeighbors":50,"Gi_Bin":0}},{"type":"Feature","id":968,"geometry":{"type":"Point","coordinates":[88.867629000000079,21.904322000000036]},"properties":{"OBJECTID":968,"SOURCE_ID":968,"gbifID":3887845411,"GiZScore":1.6024239430859355,"GiPValue":0.10906189373731043,"NNeighbors":51,"Gi_Bin":0}},{"type":"Feature","id":969,"geometry":{"type":"Point","coordinates":[79.287805000000048,20.200182000000041]},"properties":{"OBJECTID":969,"SOURCE_ID":969,"gbifID":5759601722,"GiZScore":2.9267590640873213,"GiPValue":0.0034251411088075927,"NNeighbors":247,"Gi_Bin":2}},{"type":"Feature","id":970,"geometry":{"type":"Point","coordinates":[79.342140000000029,20.267293000000052]},"properties":{"OBJECTID":970,"SOURCE_ID":970,"gbifID":5760936813,"GiZScore":3.0489933662991131,"GiPValue":0.0022960955171039952,"NNeighbors":251,"Gi_Bin":2}},{"type":"Feature","id":971,"geometry":{"type":"Point","coordinates":[79.009876000000077,29.57245800000004]},"properties":{"OBJECTID":971,"SOURCE_ID":971,"gbifID":2619895735,"GiZScore":-0.63103862292084412,"GiPValue":0.52801527467017118,"NNeighbors":94,"Gi_Bin":0}},{"type":"Feature","id":972,"geometry":{"type":"Point","coordinates":[79.004941000000031,29.543460000000039]},"properties":{"OBJECTID":972,"SOURCE_ID":972,"gbifID":2619916469,"GiZScore":-0.21089378178142879,"GiPValue":0.83297015656685258,"NNeighbors":93,"Gi_Bin":0}},{"type":"Feature","id":973,"geometry":{"type":"Point","coordinates":[79.30414600000006,21.715522000000078]},"properties":{"OBJECTID":973,"SOURCE_ID":973,"gbifID":3887846082,"GiZScore":0.041631534133235851,"GiPValue":0.96679243442094409,"NNeighbors":96,"Gi_Bin":0}},{"type":"Feature","id":974,"geometry":{"type":"Point","coordinates":[81.017718000000059,23.722092000000032]},"properties":{"OBJECTID":974,"SOURCE_ID":974,"gbifID":3887846599,"GiZScore":1.021300697982737,"GiPValue":0.30711201003097366,"NNeighbors":208,"Gi_Bin":0}},{"type":"Feature","id":975,"geometry":{"type":"Point","coordinates":[76.291528000000085,25.879771000000062]},"properties":{"OBJECTID":975,"SOURCE_ID":975,"gbifID":4510210374,"GiZScore":-0.5866673477951504,"GiPValue":0.55742714439783114,"NNeighbors":63,"Gi_Bin":0}},{"type":"Feature","id":976,"geometry":{"type":"Point","coordinates":[76.599350000000072,25.913446000000079]},"properties":{"OBJECTID":976,"SOURCE_ID":976,"gbifID":4510272381,"GiZScore":-0.2518093892713491,"GiPValue":0.80118839978359713,"NNeighbors":159,"Gi_Bin":0}},{"type":"Feature","id":977,"geometry":{"type":"Point","coordinates":[81.333012000000053,23.382384000000059]},"properties":{"OBJECTID":977,"SOURCE_ID":977,"gbifID":5177349170,"GiZScore":0.34349393851531784,"GiPValue":0.73122690074190988,"NNeighbors":3,"Gi_Bin":0}},{"type":"Feature","id":978,"geometry":{"type":"Point","coordinates":[88.867629000000079,21.904322000000036]},"properties":{"OBJECTID":978,"SOURCE_ID":978,"gbifID":3887845442,"GiZScore":1.6024239430859355,"GiPValue":0.10906189373731043,"NNeighbors":51,"Gi_Bin":0}},{"type":"Feature","id":979,"geometry":{"type":"Point","coordinates":[81.023449000000085,23.725068000000078]},"properties":{"OBJECTID":979,"SOURCE_ID":979,"gbifID":3887846028,"GiZScore":0.91551857513806412,"GiPValue":0.35991946603810143,"NNeighbors":207,"Gi_Bin":0}},{"type":"Feature","id":980,"geometry":{"type":"Point","coordinates":[81.017718000000059,23.722092000000032]},"properties":{"OBJECTID":980,"SOURCE_ID":980,"gbifID":3887846042,"GiZScore":1.021300697982737,"GiPValue":0.30711201003097366,"NNeighbors":208,"Gi_Bin":0}},{"type":"Feature","id":981,"geometry":{"type":"Point","coordinates":[79.30414600000006,21.715522000000078]},"properties":{"OBJECTID":981,"SOURCE_ID":981,"gbifID":3887846087,"GiZScore":0.041631534133235851,"GiPValue":0.96679243442094409,"NNeighbors":96,"Gi_Bin":0}},{"type":"Feature","id":982,"geometry":{"type":"Point","coordinates":[79.475257000000056,20.86691600000006]},"properties":{"OBJECTID":982,"SOURCE_ID":982,"gbifID":3887846239,"GiZScore":0.70070575753147502,"GiPValue":0.48348666715354116,"NNeighbors":21,"Gi_Bin":0}},{"type":"Feature","id":983,"geometry":{"type":"Point","coordinates":[84.138352000000054,27.414716000000055]},"properties":{"OBJECTID":983,"SOURCE_ID":983,"gbifID":3887846309,"GiZScore":0.36296350189207033,"GiPValue":0.71663214971270683,"NNeighbors":3,"Gi_Bin":0}},{"type":"Feature","id":984,"geometry":{"type":"Point","coordinates":[79.400000000000034,20.266660000000059]},"properties":{"OBJECTID":984,"SOURCE_ID":984,"gbifID":3887846564,"GiZScore":2.9527918577652663,"GiPValue":0.0031491422120901152,"NNeighbors":250,"Gi_Bin":2}},{"type":"Feature","id":985,"geometry":{"type":"Point","coordinates":[79.295453000000066,20.366643000000067]},"properties":{"OBJECTID":985,"SOURCE_ID":985,"gbifID":3887846566,"GiZScore":2.7907707391805698,"GiPValue":0.005258270298076918,"NNeighbors":236,"Gi_Bin":2}},{"type":"Feature","id":987,"geometry":{"type":"Point","coordinates":[79.044354000000055,29.554046000000028]},"properties":{"OBJECTID":987,"SOURCE_ID":987,"gbifID":3887847158,"GiZScore":-0.2483297528500947,"GiPValue":0.80387928061630687,"NNeighbors":86,"Gi_Bin":0}},{"type":"Feature","id":988,"geometry":{"type":"Point","coordinates":[76.504682000000059,26.01389800000004]},"properties":{"OBJECTID":988,"SOURCE_ID":988,"gbifID":3887847175,"GiZScore":-2.8513916029555211,"GiPValue":0.0043528324730314465,"NNeighbors":219,"Gi_Bin":-2}},{"type":"Feature","id":989,"geometry":{"type":"Point","coordinates":[93.460525000000075,26.375851000000068]},"properties":{"OBJECTID":989,"SOURCE_ID":989,"gbifID":3887847351,"GiZScore":0.66433364137290907,"GiPValue":0.50647679831172265,"NNeighbors":10,"Gi_Bin":0}},{"type":"Feature","id":990,"geometry":{"type":"Point","coordinates":[76.452024000000051,26.087083000000064]},"properties":{"OBJECTID":990,"SOURCE_ID":990,"gbifID":2366116805,"GiZScore":-3.5625493496003595,"GiPValue":0.00036727083972582495,"NNeighbors":209,"Gi_Bin":-3}},{"type":"Feature","id":991,"geometry":{"type":"Point","coordinates":[81.017718000000059,23.722092000000032]},"properties":{"OBJECTID":991,"SOURCE_ID":991,"gbifID":3887845694,"GiZScore":1.021300697982737,"GiPValue":0.30711201003097366,"NNeighbors":208,"Gi_Bin":0}},{"type":"Feature","id":992,"geometry":{"type":"Point","coordinates":[79.364788000000033,21.686969000000033]},"properties":{"OBJECTID":992,"SOURCE_ID":992,"gbifID":1807284928,"GiZScore":0.041631534133235851,"GiPValue":0.96679243442094409,"NNeighbors":96,"Gi_Bin":0}},{"type":"Feature","id":993,"geometry":{"type":"Point","coordinates":[79.220725000000073,20.86544200000003]},"properties":{"OBJECTID":993,"SOURCE_ID":993,"gbifID":2850660387,"GiZScore":-1.4151889700457541,"GiPValue":0.15701309762250071,"NNeighbors":2,"Gi_Bin":0}},{"type":"Feature","id":994,"geometry":{"type":"Point","coordinates":[79.440882000000045,20.858925000000056]},"properties":{"OBJECTID":994,"SOURCE_ID":994,"gbifID":2851273130,"GiZScore":0.46988677784789545,"GiPValue":0.63843591291363289,"NNeighbors":22,"Gi_Bin":0}},{"type":"Feature","id":995,"geometry":{"type":"Point","coordinates":[76.432929000000058,26.114199000000042]},"properties":{"OBJECTID":995,"SOURCE_ID":995,"gbifID":2633967879,"GiZScore":-3.9831150625661267,"GiPValue":6.8017803107148759e-05,"NNeighbors":203,"Gi_Bin":-3}},{"type":"Feature","id":996,"geometry":{"type":"Point","coordinates":[79.978269000000068,21.362131000000034]},"properties":{"OBJECTID":996,"SOURCE_ID":996,"gbifID":2802763917,"GiZScore":-1.4537203719555745,"GiPValue":0.1460238477670433,"NNeighbors":4,"Gi_Bin":0}},{"type":"Feature","id":997,"geometry":{"type":"Point","coordinates":[79.843940000000032,21.32482600000003]},"properties":{"OBJECTID":997,"SOURCE_ID":997,"gbifID":2802831995,"GiZScore":-1.4537203719555745,"GiPValue":0.1460238477670433,"NNeighbors":4,"Gi_Bin":0}},{"type":"Feature","id":998,"geometry":{"type":"Point","coordinates":[77.140618000000075,26.986031000000025]},"properties":{"OBJECTID":998,"SOURCE_ID":998,"gbifID":2596140343,"GiZScore":-1.2976446700551336,"GiPValue":0.19440946472345369,"NNeighbors":1,"Gi_Bin":0}},{"type":"Feature","id":999,"geometry":{"type":"Point","coordinates":[81.03438600000004,23.443768000000034]},"properties":{"OBJECTID":999,"SOURCE_ID":999,"gbifID":2597847587,"GiZScore":1.014490041608004,"GiPValue":0.31034899278050598,"NNeighbors":36,"Gi_Bin":0}},{"type":"Feature","id":1000,"geometry":{"type":"Point","coordinates":[76.468994000000066,26.101857000000052]},"properties":{"OBJECTID":1000,"SOURCE_ID":1000,"gbifID":2850642437,"GiZScore":-3.7314072414348014,"GiPValue":0.00019041312192815928,"NNeighbors":207,"Gi_Bin":-3}},{"type":"Feature","id":1001,"geometry":{"type":"Point","coordinates":[80.801888000000076,23.653857000000073]},"properties":{"OBJECTID":1001,"SOURCE_ID":1001,"gbifID":2850665774,"GiZScore":0.29952009945319463,"GiPValue":0.76454323881209763,"NNeighbors":138,"Gi_Bin":0}},{"type":"Feature","id":1002,"geometry":{"type":"Point","coordinates":[76.426390000000083,26.168945000000065]},"properties":{"OBJECTID":1002,"SOURCE_ID":1002,"gbifID":2850703374,"GiZScore":-5.1436945035796029,"GiPValue":2.6938746961857983e-07,"NNeighbors":194,"Gi_Bin":-3}},{"type":"Feature","id":1003,"geometry":{"type":"Point","coordinates":[79.261754000000053,20.349744000000044]},"properties":{"OBJECTID":1003,"SOURCE_ID":1003,"gbifID":4177158923,"GiZScore":2.7907707391805698,"GiPValue":0.005258270298076918,"NNeighbors":236,"Gi_Bin":2}},{"type":"Feature","id":1004,"geometry":{"type":"Point","coordinates":[79.29015400000003,20.371706000000074]},"properties":{"OBJECTID":1004,"SOURCE_ID":1004,"gbifID":4442586523,"GiZScore":2.7907707391805698,"GiPValue":0.005258270298076918,"NNeighbors":236,"Gi_Bin":2}},{"type":"Feature","id":1005,"geometry":{"type":"Point","coordinates":[76.504682000000059,26.01389800000004]},"properties":{"OBJECTID":1005,"SOURCE_ID":1005,"gbifID":3887846865,"GiZScore":-2.8513916029555211,"GiPValue":0.0043528324730314465,"NNeighbors":219,"Gi_Bin":-2}},{"type":"Feature","id":1006,"geometry":{"type":"Point","coordinates":[76.520954000000074,26.12855200000007]},"properties":{"OBJECTID":1006,"SOURCE_ID":1006,"gbifID":3911977083,"GiZScore":-3.9208939567062573,"GiPValue":8.8221081475120888e-05,"NNeighbors":198,"Gi_Bin":-3}},{"type":"Feature","id":1007,"geometry":{"type":"Point","coordinates":[76.555612000000053,26.083014000000048]},"properties":{"OBJECTID":1007,"SOURCE_ID":1007,"gbifID":5828285498,"GiZScore":-3.4323482051140499,"GiPValue":0.00059837874655291876,"NNeighbors":206,"Gi_Bin":-3}},{"type":"Feature","id":1008,"geometry":{"type":"Point","coordinates":[76.441309000000047,26.166064000000063]},"properties":{"OBJECTID":1008,"SOURCE_ID":1008,"gbifID":5828789025,"GiZScore":-4.6603477173276096,"GiPValue":3.1567564108071162e-06,"NNeighbors":195,"Gi_Bin":-3}},{"type":"Feature","id":1009,"geometry":{"type":"Point","coordinates":[79.227143000000069,20.375734000000023]},"properties":{"OBJECTID":1009,"SOURCE_ID":1009,"gbifID":2802838907,"GiZScore":2.5637630426197244,"GiPValue":0.010354420811234907,"NNeighbors":222,"Gi_Bin":2}},{"type":"Feature","id":1010,"geometry":{"type":"Point","coordinates":[79.295668000000035,20.304434000000072]},"properties":{"OBJECTID":1010,"SOURCE_ID":1010,"gbifID":2850668430,"GiZScore":3.1041114540779988,"GiPValue":0.0019085142130793394,"NNeighbors":247,"Gi_Bin":2}},{"type":"Feature","id":1011,"geometry":{"type":"Point","coordinates":[79.23854300000005,20.328074000000072]},"properties":{"OBJECTID":1011,"SOURCE_ID":1011,"gbifID":2851061400,"GiZScore":2.808354833215597,"GiPValue":0.004979532691158783,"NNeighbors":229,"Gi_Bin":2}},{"type":"Feature","id":1012,"geometry":{"type":"Point","coordinates":[79.222737000000052,20.227500000000077]},"properties":{"OBJECTID":1012,"SOURCE_ID":1012,"gbifID":2862488146,"GiZScore":3.1179113259896014,"GiPValue":0.0018213759435200497,"NNeighbors":236,"Gi_Bin":2}},{"type":"Feature","id":1013,"geometry":{"type":"Point","coordinates":[79.400000000000034,20.266660000000059]},"properties":{"OBJECTID":1013,"SOURCE_ID":1013,"gbifID":3887845559,"GiZScore":2.9527918577652663,"GiPValue":0.0031491422120901152,"NNeighbors":250,"Gi_Bin":2}},{"type":"Feature","id":1014,"geometry":{"type":"Point","coordinates":[76.050804000000085,11.840757000000053]},"properties":{"OBJECTID":1014,"SOURCE_ID":1014,"gbifID":3947604078,"GiZScore":-0.10681174272782361,"GiPValue":0.91493833143483916,"NNeighbors":24,"Gi_Bin":0}},{"type":"Feature","id":1015,"geometry":{"type":"Point","coordinates":[78.189916000000039,29.843404000000078]},"properties":{"OBJECTID":1015,"SOURCE_ID":1015,"gbifID":5100857200,"GiZScore":0.31585374170056429,"GiPValue":0.75211352501969042,"NNeighbors":6,"Gi_Bin":0}},{"type":"Feature","id":1017,"geometry":{"type":"Point","coordinates":[76.536051000000043,11.623614000000032]},"properties":{"OBJECTID":1017,"SOURCE_ID":1017,"gbifID":2818714175,"GiZScore":-1.5074288595080321,"GiPValue":0.13170076604450467,"NNeighbors":18,"Gi_Bin":0}},{"type":"Feature","id":1018,"geometry":{"type":"Point","coordinates":[76.504682000000059,26.01389800000004]},"properties":{"OBJECTID":1018,"SOURCE_ID":1018,"gbifID":3887846830,"GiZScore":-2.8513916029555211,"GiPValue":0.0043528324730314465,"NNeighbors":219,"Gi_Bin":-2}},{"type":"Feature","id":1019,"geometry":{"type":"Point","coordinates":[80.732471000000032,22.333630000000028]},"properties":{"OBJECTID":1019,"SOURCE_ID":1019,"gbifID":1453255400,"GiZScore":-2.3914404120652684,"GiPValue":0.016782407949095791,"NNeighbors":92,"Gi_Bin":-1}},{"type":"Feature","id":1020,"geometry":{"type":"Point","coordinates":[76.427353000000039,26.078677000000027]},"properties":{"OBJECTID":1020,"SOURCE_ID":1020,"gbifID":1640133270,"GiZScore":-3.8508651744772844,"GiPValue":0.00011770128588128356,"NNeighbors":210,"Gi_Bin":-3}},{"type":"Feature","id":1021,"geometry":{"type":"Point","coordinates":[79.806707000000074,24.689826000000039]},"properties":{"OBJECTID":1021,"SOURCE_ID":1021,"gbifID":1671735031,"GiZScore":0.95963375612920288,"GiPValue":0.33723958570452306,"NNeighbors":30,"Gi_Bin":0}},{"type":"Feature","id":1022,"geometry":{"type":"Point","coordinates":[76.938112000000046,25.503350000000069]},"properties":{"OBJECTID":1022,"SOURCE_ID":1022,"gbifID":3013910723,"GiZScore":-0.81022558841829218,"GiPValue":0.41781054087704006,"NNeighbors":1,"Gi_Bin":0}},{"type":"Feature","id":1023,"geometry":{"type":"Point","coordinates":[79.435338000000058,20.273315000000025]},"properties":{"OBJECTID":1023,"SOURCE_ID":1023,"gbifID":4116326447,"GiZScore":3.1726245293404731,"GiPValue":0.0015106775680583857,"NNeighbors":244,"Gi_Bin":2}},{"type":"Feature","id":1024,"geometry":{"type":"Point","coordinates":[81.042583000000036,23.607125000000053]},"properties":{"OBJECTID":1024,"SOURCE_ID":1024,"gbifID":4522640998,"GiZScore":1.3428566029030151,"GiPValue":0.17931841092535541,"NNeighbors":200,"Gi_Bin":0}},{"type":"Feature","id":1025,"geometry":{"type":"Point","coordinates":[81.199017000000083,23.638353000000052]},"properties":{"OBJECTID":1025,"SOURCE_ID":1025,"gbifID":4522642867,"GiZScore":2.2881110747224422,"GiPValue":0.022131053469428428,"NNeighbors":166,"Gi_Bin":1}},{"type":"Feature","id":1026,"geometry":{"type":"Point","coordinates":[81.180741000000069,23.658154000000025]},"properties":{"OBJECTID":1026,"SOURCE_ID":1026,"gbifID":4522685746,"GiZScore":2.0559856691130447,"GiPValue":0.039783897568780972,"NNeighbors":169,"Gi_Bin":0}},{"type":"Feature","id":1027,"geometry":{"type":"Point","coordinates":[81.196606000000031,23.620491000000072]},"properties":{"OBJECTID":1027,"SOURCE_ID":1027,"gbifID":4522686716,"GiZScore":1.8635348560796503,"GiPValue":0.062387053266260907,"NNeighbors":164,"Gi_Bin":0}},{"type":"Feature","id":1028,"geometry":{"type":"Point","coordinates":[81.032506000000069,23.747942000000023]},"properties":{"OBJECTID":1028,"SOURCE_ID":1028,"gbifID":4522692583,"GiZScore":1.0800649826373567,"GiPValue":0.28011326047287566,"NNeighbors":206,"Gi_Bin":0}},{"type":"Feature","id":1029,"geometry":{"type":"Point","coordinates":[81.026796000000047,23.685281000000032]},"properties":{"OBJECTID":1029,"SOURCE_ID":1029,"gbifID":4522696876,"GiZScore":1.1091674014499653,"GiPValue":0.26735799031281082,"NNeighbors":208,"Gi_Bin":0}},{"type":"Feature","id":1030,"geometry":{"type":"Point","coordinates":[81.030489000000046,23.793778000000032]},"properties":{"OBJECTID":1030,"SOURCE_ID":1030,"gbifID":4522700681,"GiZScore":1.2729664805569456,"GiPValue":0.20302996198033696,"NNeighbors":200,"Gi_Bin":0}},{"type":"Feature","id":1031,"geometry":{"type":"Point","coordinates":[81.034173000000067,23.752536000000077]},"properties":{"OBJECTID":1031,"SOURCE_ID":1031,"gbifID":4522712832,"GiZScore":1.1573053933668687,"GiPValue":0.24714763063829959,"NNeighbors":205,"Gi_Bin":0}},{"type":"Feature","id":1032,"geometry":{"type":"Point","coordinates":[79.986610000000042,24.533756000000039]},"properties":{"OBJECTID":1032,"SOURCE_ID":1032,"gbifID":5006992337,"GiZScore":1.3093938258159066,"GiPValue":0.19040098182207146,"NNeighbors":32,"Gi_Bin":0}},{"type":"Feature","id":1033,"geometry":{"type":"Point","coordinates":[78.387767000000053,30.099761000000058]},"properties":{"OBJECTID":1033,"SOURCE_ID":1033,"gbifID":1453292620,"GiZScore":-1.3641439550310139,"GiPValue":0.17252226312096192,"NNeighbors":5,"Gi_Bin":0}},{"type":"Feature","id":1034,"geometry":{"type":"Point","coordinates":[79.286483000000032,21.767134000000055]},"properties":{"OBJECTID":1034,"SOURCE_ID":1034,"gbifID":1671722133,"GiZScore":-0.33692047352586735,"GiPValue":0.73617685168436431,"NNeighbors":91,"Gi_Bin":0}},{"type":"Feature","id":1035,"geometry":{"type":"Point","coordinates":[78.705822000000069,29.571031000000062]},"properties":{"OBJECTID":1035,"SOURCE_ID":1035,"gbifID":2597760835,"GiZScore":-0.27108197555946295,"GiPValue":0.78632798444521412,"NNeighbors":56,"Gi_Bin":0}},{"type":"Feature","id":1036,"geometry":{"type":"Point","coordinates":[78.651429000000064,29.50791300000003]},"properties":{"OBJECTID":1036,"SOURCE_ID":1036,"gbifID":2597773843,"GiZScore":-0.059555550759549027,"GiPValue":0.95250962084513668,"NNeighbors":47,"Gi_Bin":0}},{"type":"Feature","id":1037,"geometry":{"type":"Point","coordinates":[76.744573000000059,11.683900000000051]},"properties":{"OBJECTID":1037,"SOURCE_ID":1037,"gbifID":2873761077,"GiZScore":-0.9688508335965379,"GiPValue":0.33261963175144638,"NNeighbors":10,"Gi_Bin":0}},{"type":"Feature","id":1038,"geometry":{"type":"Point","coordinates":[76.645235000000071,11.799619000000064]},"properties":{"OBJECTID":1038,"SOURCE_ID":1038,"gbifID":2873984602,"GiZScore":-1.1009994245558699,"GiPValue":0.27089692498367202,"NNeighbors":14,"Gi_Bin":0}},{"type":"Feature","id":1039,"geometry":{"type":"Point","coordinates":[88.941849000000047,21.660919000000035]},"properties":{"OBJECTID":1039,"SOURCE_ID":1039,"gbifID":3058827760,"GiZScore":-0.75782019547399582,"GiPValue":0.44855863675252083,"NNeighbors":1,"Gi_Bin":0}},{"type":"Feature","id":1040,"geometry":{"type":"Point","coordinates":[92.976469000000066,26.596326000000033]},"properties":{"OBJECTID":1040,"SOURCE_ID":1040,"gbifID":3090709743,"GiZScore":1.0469963114994996,"GiPValue":0.2951012945542637,"NNeighbors":4,"Gi_Bin":0}},{"type":"Feature","id":1041,"geometry":{"type":"Point","coordinates":[79.400000000000034,20.266660000000059]},"properties":{"OBJECTID":1041,"SOURCE_ID":1041,"gbifID":3887845342,"GiZScore":2.9527918577652663,"GiPValue":0.0031491422120901152,"NNeighbors":250,"Gi_Bin":2}},{"type":"Feature","id":1042,"geometry":{"type":"Point","coordinates":[79.044354000000055,29.554046000000028]},"properties":{"OBJECTID":1042,"SOURCE_ID":1042,"gbifID":3887845882,"GiZScore":-0.2483297528500947,"GiPValue":0.80387928061630687,"NNeighbors":86,"Gi_Bin":0}},{"type":"Feature","id":1043,"geometry":{"type":"Point","coordinates":[79.400000000000034,20.266660000000059]},"properties":{"OBJECTID":1043,"SOURCE_ID":1043,"gbifID":3887846983,"GiZScore":2.9527918577652663,"GiPValue":0.0031491422120901152,"NNeighbors":250,"Gi_Bin":2}},{"type":"Feature","id":1045,"geometry":{"type":"Point","coordinates":[78.628212000000076,20.813693000000058]},"properties":{"OBJECTID":1045,"SOURCE_ID":1045,"gbifID":5889478955,"GiZScore":3.0619708174308884,"GiPValue":0.0021988488863186645,"NNeighbors":3,"Gi_Bin":2}},{"type":"Feature","id":1046,"geometry":{"type":"Point","coordinates":[79.400000000000034,20.266660000000059]},"properties":{"OBJECTID":1046,"SOURCE_ID":1046,"gbifID":3887845609,"GiZScore":2.9527918577652663,"GiPValue":0.0031491422120901152,"NNeighbors":250,"Gi_Bin":2}},{"type":"Feature","id":1047,"geometry":{"type":"Point","coordinates":[81.017718000000059,23.722092000000032]},"properties":{"OBJECTID":1047,"SOURCE_ID":1047,"gbifID":3887846058,"GiZScore":1.021300697982737,"GiPValue":0.30711201003097366,"NNeighbors":208,"Gi_Bin":0}},{"type":"Feature","id":1048,"geometry":{"type":"Point","coordinates":[79.43541300000004,20.122018000000025]},"properties":{"OBJECTID":1048,"SOURCE_ID":1048,"gbifID":3887846580,"GiZScore":2.1982374699009966,"GiPValue":0.027932187796200603,"NNeighbors":145,"Gi_Bin":1}},{"type":"Feature","id":1049,"geometry":{"type":"Point","coordinates":[78.289608000000044,29.991843000000074]},"properties":{"OBJECTID":1049,"SOURCE_ID":1049,"gbifID":3887846743,"GiZScore":-0.70402778323117865,"GiPValue":0.48141547659896311,"NNeighbors":7,"Gi_Bin":0}},{"type":"Feature","id":1050,"geometry":{"type":"Point","coordinates":[79.044354000000055,29.554046000000028]},"properties":{"OBJECTID":1050,"SOURCE_ID":1050,"gbifID":3887847086,"GiZScore":-0.2483297528500947,"GiPValue":0.80387928061630687,"NNeighbors":86,"Gi_Bin":0}},{"type":"Feature","id":1052,"geometry":{"type":"Point","coordinates":[79.285604000000035,20.246119000000078]},"properties":{"OBJECTID":1052,"SOURCE_ID":1052,"gbifID":2850643877,"GiZScore":3.1228479310362207,"GiPValue":0.0017911026433308395,"NNeighbors":250,"Gi_Bin":2}},{"type":"Feature","id":1053,"geometry":{"type":"Point","coordinates":[79.371302000000071,20.396179000000075]},"properties":{"OBJECTID":1053,"SOURCE_ID":1053,"gbifID":2850668365,"GiZScore":2.6863241969112561,"GiPValue":0.0072242954549245749,"NNeighbors":234,"Gi_Bin":2}},{"type":"Feature","id":1054,"geometry":{"type":"Point","coordinates":[79.283022000000074,20.368974000000037]},"properties":{"OBJECTID":1054,"SOURCE_ID":1054,"gbifID":2851049949,"GiZScore":2.7907707391805698,"GiPValue":0.005258270298076918,"NNeighbors":236,"Gi_Bin":2}},{"type":"Feature","id":1055,"geometry":{"type":"Point","coordinates":[81.017718000000059,23.722092000000032]},"properties":{"OBJECTID":1055,"SOURCE_ID":1055,"gbifID":3887845501,"GiZScore":1.021300697982737,"GiPValue":0.30711201003097366,"NNeighbors":208,"Gi_Bin":0}},{"type":"Feature","id":1056,"geometry":{"type":"Point","coordinates":[76.569584000000077,25.979584000000045]},"properties":{"OBJECTID":1056,"SOURCE_ID":1056,"gbifID":4953211214,"GiZScore":-2.4049325111927109,"GiPValue":0.016175452692720353,"NNeighbors":207,"Gi_Bin":-1}},{"type":"Feature","id":1057,"geometry":{"type":"Point","coordinates":[80.998591000000033,23.723336000000074]},"properties":{"OBJECTID":1057,"SOURCE_ID":1057,"gbifID":2237425975,"GiZScore":1.021300697982737,"GiPValue":0.30711201003097366,"NNeighbors":208,"Gi_Bin":0}},{"type":"Feature","id":1058,"geometry":{"type":"Point","coordinates":[81.008478000000082,23.607798000000059]},"properties":{"OBJECTID":1058,"SOURCE_ID":1058,"gbifID":2244247680,"GiZScore":0.84909118905945957,"GiPValue":0.39583056132565952,"NNeighbors":207,"Gi_Bin":0}},{"type":"Feature","id":1059,"geometry":{"type":"Point","coordinates":[78.732211000000063,29.497744000000068]},"properties":{"OBJECTID":1059,"SOURCE_ID":1059,"gbifID":2611134008,"GiZScore":0.10137999876671699,"GiPValue":0.91924881334284203,"NNeighbors":57,"Gi_Bin":0}},{"type":"Feature","id":1060,"geometry":{"type":"Point","coordinates":[79.360969000000068,20.352003000000025]},"properties":{"OBJECTID":1060,"SOURCE_ID":1060,"gbifID":2850678980,"GiZScore":2.8351458920391295,"GiPValue":0.0045804762834306748,"NNeighbors":238,"Gi_Bin":2}},{"type":"Feature","id":1061,"geometry":{"type":"Point","coordinates":[76.136315000000081,12.004805000000033]},"properties":{"OBJECTID":1061,"SOURCE_ID":1061,"gbifID":2864754081,"GiZScore":-0.48127133100701153,"GiPValue":0.63032367166107073,"NNeighbors":32,"Gi_Bin":0}},{"type":"Feature","id":1062,"geometry":{"type":"Point","coordinates":[79.149086000000068,29.399406000000056]},"properties":{"OBJECTID":1062,"SOURCE_ID":1062,"gbifID":2988711575,"GiZScore":-1.2318941642385977,"GiPValue":0.21798864501987025,"NNeighbors":45,"Gi_Bin":0}},{"type":"Feature","id":1063,"geometry":{"type":"Point","coordinates":[79.400000000000034,20.266660000000059]},"properties":{"OBJECTID":1063,"SOURCE_ID":1063,"gbifID":3887847292,"GiZScore":2.9527918577652663,"GiPValue":0.0031491422120901152,"NNeighbors":250,"Gi_Bin":2}},{"type":"Feature","id":1064,"geometry":{"type":"Point","coordinates":[80.657444000000055,22.285911000000056]},"properties":{"OBJECTID":1064,"SOURCE_ID":1064,"gbifID":4994311796,"GiZScore":-1.6015082939621008,"GiPValue":0.10926438448968821,"NNeighbors":101,"Gi_Bin":0}},{"type":"Feature","id":1065,"geometry":{"type":"Point","coordinates":[79.468723000000068,20.134460000000047]},"properties":{"OBJECTID":1065,"SOURCE_ID":1065,"gbifID":5007013776,"GiZScore":1.7722475244329046,"GiPValue":0.076353477830129982,"NNeighbors":138,"Gi_Bin":0}},{"type":"Feature","id":1066,"geometry":{"type":"Point","coordinates":[80.755701000000045,22.21349900000007]},"properties":{"OBJECTID":1066,"SOURCE_ID":1066,"gbifID":5007222933,"GiZScore":-2.5795925356933935,"GiPValue":0.009891695287192491,"NNeighbors":85,"Gi_Bin":-2}},{"type":"Feature","id":1067,"geometry":{"type":"Point","coordinates":[92.82963600000005,26.919804000000056]},"properties":{"OBJECTID":1067,"SOURCE_ID":1067,"gbifID":5015071022,"GiZScore":2.1581884434411203,"GiPValue":0.030913183543451444,"NNeighbors":2,"Gi_Bin":1}},{"type":"Feature","id":1068,"geometry":{"type":"Point","coordinates":[92.853699000000063,26.937222000000077]},"properties":{"OBJECTID":1068,"SOURCE_ID":1068,"gbifID":5016733361,"GiZScore":2.1581884434411203,"GiPValue":0.030913183543451444,"NNeighbors":2,"Gi_Bin":1}},{"type":"Feature","id":1069,"geometry":{"type":"Point","coordinates":[93.294525000000078,26.608788000000061]},"properties":{"OBJECTID":1069,"SOURCE_ID":1069,"gbifID":5026438162,"GiZScore":-2.0927206669477076,"GiPValue":0.036374097258602932,"NNeighbors":14,"Gi_Bin":0}},{"type":"Feature","id":1070,"geometry":{"type":"Point","coordinates":[79.265354000000059,20.22258800000003]},"properties":{"OBJECTID":1070,"SOURCE_ID":1070,"gbifID":1092885349,"GiZScore":2.9765714137729034,"GiPValue":0.0029149118559218478,"NNeighbors":252,"Gi_Bin":2}},{"type":"Feature","id":1071,"geometry":{"type":"Point","coordinates":[76.590788000000032,26.154512000000068]},"properties":{"OBJECTID":1071,"SOURCE_ID":1071,"gbifID":3773577578,"GiZScore":-3.9887350068977963,"GiPValue":6.6426575043140821e-05,"NNeighbors":189,"Gi_Bin":-3}},{"type":"Feature","id":1072,"geometry":{"type":"Point","coordinates":[76.504682000000059,26.01389800000004]},"properties":{"OBJECTID":1072,"SOURCE_ID":1072,"gbifID":3887847273,"GiZScore":-2.8513916029555211,"GiPValue":0.0043528324730314465,"NNeighbors":219,"Gi_Bin":-2}},{"type":"Feature","id":1073,"geometry":{"type":"Point","coordinates":[79.265283000000068,20.301398000000063]},"properties":{"OBJECTID":1073,"SOURCE_ID":1073,"gbifID":4442738679,"GiZScore":3.055381482680037,"GiPValue":0.0022477441992672649,"NNeighbors":242,"Gi_Bin":2}},{"type":"Feature","id":1074,"geometry":{"type":"Point","coordinates":[79.201231000000064,20.21990500000004]},"properties":{"OBJECTID":1074,"SOURCE_ID":1074,"gbifID":4516470116,"GiZScore":3.4207596942755685,"GiPValue":0.00062446483613295663,"NNeighbors":215,"Gi_Bin":3}},{"type":"Feature","id":1075,"geometry":{"type":"Point","coordinates":[81.015653000000043,23.752530000000036]},"properties":{"OBJECTID":1075,"SOURCE_ID":1075,"gbifID":4854871342,"GiZScore":1.0026325735041159,"GiPValue":0.31603818688400509,"NNeighbors":207,"Gi_Bin":0}},{"type":"Feature","id":1076,"geometry":{"type":"Point","coordinates":[79.436024000000032,20.11651100000006]},"properties":{"OBJECTID":1076,"SOURCE_ID":1076,"gbifID":1323027106,"GiZScore":2.0524562991864506,"GiPValue":0.040125337933287833,"NNeighbors":140,"Gi_Bin":0}},{"type":"Feature","id":1077,"geometry":{"type":"Point","coordinates":[75.717073000000084,13.29365800000005]},"properties":{"OBJECTID":1077,"SOURCE_ID":1077,"gbifID":1572327749,"GiZScore":-2.4921424569391926,"GiPValue":0.012697509865639283,"NNeighbors":1,"Gi_Bin":-2}},{"type":"Feature","id":1078,"geometry":{"type":"Point","coordinates":[81.100592000000063,23.796294000000046]},"properties":{"OBJECTID":1078,"SOURCE_ID":1078,"gbifID":1990591788,"GiZScore":1.7670672985870486,"GiPValue":0.077216958306561695,"NNeighbors":186,"Gi_Bin":0}},{"type":"Feature","id":1079,"geometry":{"type":"Point","coordinates":[80.582819000000029,22.325213000000076]},"properties":{"OBJECTID":1079,"SOURCE_ID":1079,"gbifID":1990591840,"GiZScore":-1.8628741968770042,"GiPValue":0.062479967910419008,"NNeighbors":98,"Gi_Bin":0}},{"type":"Feature","id":1080,"geometry":{"type":"Point","coordinates":[79.847076000000072,21.205863000000022]},"properties":{"OBJECTID":1080,"SOURCE_ID":1080,"gbifID":2850664316,"GiZScore":-1.4537203719555745,"GiPValue":0.1460238477670433,"NNeighbors":4,"Gi_Bin":0}},{"type":"Feature","id":1081,"geometry":{"type":"Point","coordinates":[76.52255800000006,26.074049000000059]},"properties":{"OBJECTID":1081,"SOURCE_ID":1081,"gbifID":1098903797,"GiZScore":-3.2861187472711104,"GiPValue":0.0010157817805627504,"NNeighbors":210,"Gi_Bin":-2}},{"type":"Feature","id":1082,"geometry":{"type":"Point","coordinates":[76.362701000000072,26.058141000000035]},"properties":{"OBJECTID":1082,"SOURCE_ID":1082,"gbifID":1098915576,"GiZScore":-4.0082031495090371,"GiPValue":6.1182480837470045e-05,"NNeighbors":213,"Gi_Bin":-3}},{"type":"Feature","id":1083,"geometry":{"type":"Point","coordinates":[78.91528500000004,29.407227000000034]},"properties":{"OBJECTID":1083,"SOURCE_ID":1083,"gbifID":1099972607,"GiZScore":-0.20275029678705087,"GiPValue":0.83933020849555739,"NNeighbors":86,"Gi_Bin":0}},{"type":"Feature","id":1084,"geometry":{"type":"Point","coordinates":[76.235287000000085,26.038153000000023]},"properties":{"OBJECTID":1084,"SOURCE_ID":1084,"gbifID":1227717492,"GiZScore":-6.0754704869002056,"GiPValue":1.2362471636479357e-09,"NNeighbors":83,"Gi_Bin":-3}},{"type":"Feature","id":1085,"geometry":{"type":"Point","coordinates":[76.486017000000061,26.044208000000026]},"properties":{"OBJECTID":1085,"SOURCE_ID":1085,"gbifID":2850630360,"GiZScore":-3.24117272585223,"GiPValue":0.0011903903268477701,"NNeighbors":214,"Gi_Bin":-2}},{"type":"Feature","id":1086,"geometry":{"type":"Point","coordinates":[76.583409000000074,26.002435000000048]},"properties":{"OBJECTID":1086,"SOURCE_ID":1086,"gbifID":2850659336,"GiZScore":-2.6900902273620226,"GiPValue":0.0071432702632972973,"NNeighbors":208,"Gi_Bin":-2}},{"type":"Feature","id":1087,"geometry":{"type":"Point","coordinates":[76.436113000000034,26.075601000000063]},"properties":{"OBJECTID":1087,"SOURCE_ID":1087,"gbifID":2850741706,"GiZScore":-3.773511188609886,"GiPValue":0.00016096599702757332,"NNeighbors":211,"Gi_Bin":-3}},{"type":"Feature","id":1088,"geometry":{"type":"Point","coordinates":[76.551426000000049,26.106276000000037]},"properties":{"OBJECTID":1088,"SOURCE_ID":1088,"gbifID":2850872352,"GiZScore":-3.6710444112713958,"GiPValue":0.00024156135764707149,"NNeighbors":202,"Gi_Bin":-3}},{"type":"Feature","id":1089,"geometry":{"type":"Point","coordinates":[76.438572000000079,26.106118000000038]},"properties":{"OBJECTID":1089,"SOURCE_ID":1089,"gbifID":2851065313,"GiZScore":-3.9126508217035405,"GiPValue":9.1288487579657636e-05,"NNeighbors":204,"Gi_Bin":-3}},{"type":"Feature","id":1090,"geometry":{"type":"Point","coordinates":[76.559597000000053,26.168424000000073]},"properties":{"OBJECTID":1090,"SOURCE_ID":1090,"gbifID":2851102341,"GiZScore":-4.2909753524608112,"GiPValue":1.7789006057107315e-05,"NNeighbors":189,"Gi_Bin":-3}},{"type":"Feature","id":1091,"geometry":{"type":"Point","coordinates":[76.55748600000004,26.166355000000067]},"properties":{"OBJECTID":1091,"SOURCE_ID":1091,"gbifID":2851139349,"GiZScore":-4.2909753524608112,"GiPValue":1.7789006057107315e-05,"NNeighbors":189,"Gi_Bin":-3}},{"type":"Feature","id":1092,"geometry":{"type":"Point","coordinates":[76.509891000000039,26.153528000000051]},"properties":{"OBJECTID":1092,"SOURCE_ID":1092,"gbifID":2862328023,"GiZScore":-4.1289882680431615,"GiPValue":3.6436299253295424e-05,"NNeighbors":197,"Gi_Bin":-3}},{"type":"Feature","id":1093,"geometry":{"type":"Point","coordinates":[79.475257000000056,20.86691600000006]},"properties":{"OBJECTID":1093,"SOURCE_ID":1093,"gbifID":3887846246,"GiZScore":0.70070575753147502,"GiPValue":0.48348666715354116,"NNeighbors":21,"Gi_Bin":0}},{"type":"Feature","id":1094,"geometry":{"type":"Point","coordinates":[76.504682000000059,26.01389800000004]},"properties":{"OBJECTID":1094,"SOURCE_ID":1094,"gbifID":3887846798,"GiZScore":-2.8513916029555211,"GiPValue":0.0043528324730314465,"NNeighbors":219,"Gi_Bin":-2}},{"type":"Feature","id":1095,"geometry":{"type":"Point","coordinates":[76.516420000000039,26.149620000000027]},"properties":{"OBJECTID":1095,"SOURCE_ID":1095,"gbifID":4414331839,"GiZScore":-4.1289882680431615,"GiPValue":3.6436299253295424e-05,"NNeighbors":197,"Gi_Bin":-3}},{"type":"Feature","id":1096,"geometry":{"type":"Point","coordinates":[76.526335000000074,25.941894000000048]},"properties":{"OBJECTID":1096,"SOURCE_ID":1096,"gbifID":4414381006,"GiZScore":-1.7922230933250454,"GiPValue":0.073097236859499704,"NNeighbors":197,"Gi_Bin":0}},{"type":"Feature","id":1097,"geometry":{"type":"Point","coordinates":[76.430326000000036,25.888047000000029]},"properties":{"OBJECTID":1097,"SOURCE_ID":1097,"gbifID":4414399594,"GiZScore":-1.4642099532742947,"GiPValue":0.14313659151320987,"NNeighbors":166,"Gi_Bin":0}},{"type":"Feature","id":1098,"geometry":{"type":"Point","coordinates":[76.408953000000054,25.823814000000027]},"properties":{"OBJECTID":1098,"SOURCE_ID":1098,"gbifID":4414440011,"GiZScore":2.5017757990777336,"GiPValue":0.012357215186811618,"NNeighbors":105,"Gi_Bin":2}},{"type":"Feature","id":1099,"geometry":{"type":"Point","coordinates":[79.276951000000054,21.790606000000025]},"properties":{"OBJECTID":1099,"SOURCE_ID":1099,"gbifID":1807284980,"GiZScore":-0.4282900024714324,"GiPValue":0.66843999791743947,"NNeighbors":90,"Gi_Bin":0}},{"type":"Feature","id":1100,"geometry":{"type":"Point","coordinates":[79.278087000000085,20.287255000000073]},"properties":{"OBJECTID":1100,"SOURCE_ID":1100,"gbifID":1847450413,"GiZScore":3.1041114540779988,"GiPValue":0.0019085142130793394,"NNeighbors":247,"Gi_Bin":2}},{"type":"Feature","id":1101,"geometry":{"type":"Point","coordinates":[79.281171000000029,20.229589000000033]},"properties":{"OBJECTID":1101,"SOURCE_ID":1101,"gbifID":2850844936,"GiZScore":2.9765714137729034,"GiPValue":0.0029149118559218478,"NNeighbors":252,"Gi_Bin":2}},{"type":"Feature","id":1102,"geometry":{"type":"Point","coordinates":[79.294988000000046,20.324763000000075]},"properties":{"OBJECTID":1102,"SOURCE_ID":1102,"gbifID":2851110967,"GiZScore":2.9392215281431544,"GiPValue":0.0032903780203974546,"NNeighbors":242,"Gi_Bin":2}},{"type":"Feature","id":1103,"geometry":{"type":"Point","coordinates":[78.892366000000038,29.563036000000068]},"properties":{"OBJECTID":1103,"SOURCE_ID":1103,"gbifID":3887847100,"GiZScore":-1.2853145221684354,"GiPValue":0.19868239745873972,"NNeighbors":101,"Gi_Bin":0}},{"type":"Feature","id":1104,"geometry":{"type":"Point","coordinates":[79.316636000000074,20.398967000000027]},"properties":{"OBJECTID":1104,"SOURCE_ID":1104,"gbifID":4176986068,"GiZScore":2.8031319765850449,"GiPValue":0.0050608954946914034,"NNeighbors":236,"Gi_Bin":2}},{"type":"Feature","id":1105,"geometry":{"type":"Point","coordinates":[79.27441900000008,20.209820000000036]},"properties":{"OBJECTID":1105,"SOURCE_ID":1105,"gbifID":4413761772,"GiZScore":2.9566879184873711,"GiPValue":0.0031096267957144521,"NNeighbors":250,"Gi_Bin":2}},{"type":"Feature","id":1106,"geometry":{"type":"Point","coordinates":[79.256557000000043,20.378045000000043]},"properties":{"OBJECTID":1106,"SOURCE_ID":1106,"gbifID":4413897478,"GiZScore":2.7688221994161175,"GiPValue":0.0056259327835165079,"NNeighbors":235,"Gi_Bin":2}},{"type":"Feature","id":1107,"geometry":{"type":"Point","coordinates":[79.213729000000058,20.332270000000051]},"properties":{"OBJECTID":1107,"SOURCE_ID":1107,"gbifID":4867836202,"GiZScore":2.808354833215597,"GiPValue":0.004979532691158783,"NNeighbors":229,"Gi_Bin":2}},{"type":"Feature","id":1108,"geometry":{"type":"Point","coordinates":[79.398621000000048,20.337902000000042]},"properties":{"OBJECTID":1108,"SOURCE_ID":1108,"gbifID":4868078466,"GiZScore":2.7769859942138946,"GiPValue":0.0054865543125203345,"NNeighbors":244,"Gi_Bin":2}},{"type":"Feature","id":1109,"geometry":{"type":"Point","coordinates":[78.846819000000039,29.456952000000058]},"properties":{"OBJECTID":1109,"SOURCE_ID":1109,"gbifID":5908836656,"GiZScore":-0.74429580050659916,"GiPValue":0.45669754719145172,"NNeighbors":93,"Gi_Bin":0}},{"type":"Feature","id":1110,"geometry":{"type":"Point","coordinates":[88.867629000000079,21.904322000000036]},"properties":{"OBJECTID":1110,"SOURCE_ID":1110,"gbifID":3887845423,"GiZScore":1.6024239430859355,"GiPValue":0.10906189373731043,"NNeighbors":51,"Gi_Bin":0}},{"type":"Feature","id":1111,"geometry":{"type":"Point","coordinates":[80.537665000000061,22.56517800000006]},"properties":{"OBJECTID":1111,"SOURCE_ID":1111,"gbifID":3017974595,"GiZScore":0.75020335750339384,"GiPValue":0.45313224299362764,"NNeighbors":22,"Gi_Bin":0}},{"type":"Feature","id":1112,"geometry":{"type":"Point","coordinates":[79.220729000000063,21.717769000000033]},"properties":{"OBJECTID":1112,"SOURCE_ID":1112,"gbifID":1807284919,"GiZScore":-0.017991348084369498,"GiPValue":0.98564575552242728,"NNeighbors":93,"Gi_Bin":0}},{"type":"Feature","id":1113,"geometry":{"type":"Point","coordinates":[79.334819000000039,21.771288000000027]},"properties":{"OBJECTID":1113,"SOURCE_ID":1113,"gbifID":1807285052,"GiZScore":-0.31631575716684557,"GiPValue":0.75176285270318255,"NNeighbors":92,"Gi_Bin":0}},{"type":"Feature","id":1114,"geometry":{"type":"Point","coordinates":[79.291056000000083,21.643559000000039]},"properties":{"OBJECTID":1114,"SOURCE_ID":1114,"gbifID":1807285065,"GiZScore":0.51677763370160446,"GiPValue":0.60531139704656123,"NNeighbors":100,"Gi_Bin":0}},{"type":"Feature","id":1115,"geometry":{"type":"Point","coordinates":[79.276437000000044,20.309417000000053]},"properties":{"OBJECTID":1115,"SOURCE_ID":1115,"gbifID":2850681045,"GiZScore":3.0845636646614234,"GiPValue":0.0020385097588504009,"NNeighbors":241,"Gi_Bin":2}},{"type":"Feature","id":1116,"geometry":{"type":"Point","coordinates":[80.332359000000054,22.37202700000006]},"properties":{"OBJECTID":1116,"SOURCE_ID":1116,"gbifID":3008538943,"GiZScore":-0.048391898093543752,"GiPValue":0.96140391612448406,"NNeighbors":23,"Gi_Bin":0}},{"type":"Feature","id":1117,"geometry":{"type":"Point","coordinates":[80.245441000000085,22.056052000000022]},"properties":{"OBJECTID":1117,"SOURCE_ID":1117,"gbifID":3008556983,"GiZScore":0.37922017539872271,"GiPValue":0.70452437155220726,"NNeighbors":2,"Gi_Bin":0}},{"type":"Feature","id":1118,"geometry":{"type":"Point","coordinates":[79.354002000000037,20.329627000000073]},"properties":{"OBJECTID":1118,"SOURCE_ID":1118,"gbifID":3903026009,"GiZScore":3.0270251294504624,"GiPValue":0.0024697342572249205,"NNeighbors":248,"Gi_Bin":2}},{"type":"Feature","id":1119,"geometry":{"type":"Point","coordinates":[79.923249000000055,21.851007000000038]},"properties":{"OBJECTID":1119,"SOURCE_ID":1119,"gbifID":3759873501,"GiZScore":0.060100575413684063,"GiPValue":0.95207553167813519,"NNeighbors":1,"Gi_Bin":0}},{"type":"Feature","id":1120,"geometry":{"type":"Point","coordinates":[88.867629000000079,21.904322000000036]},"properties":{"OBJECTID":1120,"SOURCE_ID":1120,"gbifID":3887845421,"GiZScore":1.6024239430859355,"GiPValue":0.10906189373731043,"NNeighbors":51,"Gi_Bin":0}},{"type":"Feature","id":1121,"geometry":{"type":"Point","coordinates":[81.017718000000059,23.722092000000032]},"properties":{"OBJECTID":1121,"SOURCE_ID":1121,"gbifID":3887846646,"GiZScore":1.021300697982737,"GiPValue":0.30711201003097366,"NNeighbors":208,"Gi_Bin":0}},{"type":"Feature","id":1122,"geometry":{"type":"Point","coordinates":[79.044354000000055,29.554046000000028]},"properties":{"OBJECTID":1122,"SOURCE_ID":1122,"gbifID":3887847151,"GiZScore":-0.2483297528500947,"GiPValue":0.80387928061630687,"NNeighbors":86,"Gi_Bin":0}},{"type":"Feature","id":1123,"geometry":{"type":"Point","coordinates":[78.892366000000038,29.563036000000068]},"properties":{"OBJECTID":1123,"SOURCE_ID":1123,"gbifID":3887847154,"GiZScore":-1.2853145221684354,"GiPValue":0.19868239745873972,"NNeighbors":101,"Gi_Bin":0}},{"type":"Feature","id":1124,"geometry":{"type":"Point","coordinates":[80.642733000000078,21.939914000000044]},"properties":{"OBJECTID":1124,"SOURCE_ID":1124,"gbifID":3887845958,"GiZScore":1.8110436804545853,"GiPValue":0.070134090409702574,"NNeighbors":61,"Gi_Bin":0}},{"type":"Feature","id":1125,"geometry":{"type":"Point","coordinates":[79.601912000000084,20.84517500000004]},"properties":{"OBJECTID":1125,"SOURCE_ID":1125,"gbifID":3887846237,"GiZScore":0.70070575753147502,"GiPValue":0.48348666715354116,"NNeighbors":21,"Gi_Bin":0}},{"type":"Feature","id":1127,"geometry":{"type":"Point","coordinates":[93.460525000000075,26.375851000000068]},"properties":{"OBJECTID":1127,"SOURCE_ID":1127,"gbifID":3887847342,"GiZScore":0.66433364137290907,"GiPValue":0.50647679831172265,"NNeighbors":10,"Gi_Bin":0}},{"type":"Feature","id":1128,"geometry":{"type":"Point","coordinates":[78.999599000000046,29.420183000000065]},"properties":{"OBJECTID":1128,"SOURCE_ID":1128,"gbifID":1839229830,"GiZScore":0.32919196318622462,"GiPValue":0.7420105977166187,"NNeighbors":82,"Gi_Bin":0}},{"type":"Feature","id":1129,"geometry":{"type":"Point","coordinates":[76.568569000000082,26.082815000000039]},"properties":{"OBJECTID":1129,"SOURCE_ID":1129,"gbifID":2850749130,"GiZScore":-3.3852654561287925,"GiPValue":0.00071109450192256103,"NNeighbors":204,"Gi_Bin":-3}},{"type":"Feature","id":1130,"geometry":{"type":"Point","coordinates":[80.518756000000053,22.308349000000078]},"properties":{"OBJECTID":1130,"SOURCE_ID":1130,"gbifID":4867638046,"GiZScore":-1.355658053763906,"GiPValue":0.17520799141562182,"NNeighbors":84,"Gi_Bin":0}},{"type":"Feature","id":1131,"geometry":{"type":"Point","coordinates":[80.404498000000046,22.221499000000051]},"properties":{"OBJECTID":1131,"SOURCE_ID":1131,"gbifID":4867666843,"GiZScore":-0.88205986508703504,"GiPValue":0.37774444411225672,"NNeighbors":51,"Gi_Bin":0}},{"type":"Feature","id":1132,"geometry":{"type":"Point","coordinates":[80.648970000000077,22.375708000000031]},"properties":{"OBJECTID":1132,"SOURCE_ID":1132,"gbifID":4867701790,"GiZScore":-2.1196434859232567,"GiPValue":0.034036122281592689,"NNeighbors":99,"Gi_Bin":-1}},{"type":"Feature","id":1133,"geometry":{"type":"Point","coordinates":[80.58822200000003,22.246447000000046]},"properties":{"OBJECTID":1133,"SOURCE_ID":1133,"gbifID":4867908868,"GiZScore":-1.2641111191669321,"GiPValue":0.20619017119515815,"NNeighbors":101,"Gi_Bin":0}},{"type":"Feature","id":1134,"geometry":{"type":"Point","coordinates":[80.486603000000059,22.342341000000033]},"properties":{"OBJECTID":1134,"SOURCE_ID":1134,"gbifID":4867953988,"GiZScore":-0.70477300434410761,"GiPValue":0.48095151600782582,"NNeighbors":67,"Gi_Bin":0}},{"type":"Feature","id":1135,"geometry":{"type":"Point","coordinates":[80.664320000000032,22.289378000000056]},"properties":{"OBJECTID":1135,"SOURCE_ID":1135,"gbifID":3355131507,"GiZScore":-1.8458622797802118,"GiPValue":0.064912204827910935,"NNeighbors":101,"Gi_Bin":0}},{"type":"Feature","id":1136,"geometry":{"type":"Point","coordinates":[80.608949000000052,22.047233000000062]},"properties":{"OBJECTID":1136,"SOURCE_ID":1136,"gbifID":4442702623,"GiZScore":0.90936214187817155,"GiPValue":0.36315900885055175,"NNeighbors":87,"Gi_Bin":0}},{"type":"Feature","id":1137,"geometry":{"type":"Point","coordinates":[79.235551000000044,20.399260000000027]},"properties":{"OBJECTID":1137,"SOURCE_ID":1137,"gbifID":1802740786,"GiZScore":2.6201757964571564,"GiPValue":0.0087884449594299967,"NNeighbors":213,"Gi_Bin":2}},{"type":"Feature","id":1138,"geometry":{"type":"Point","coordinates":[93.294381000000044,26.711174000000028]},"properties":{"OBJECTID":1138,"SOURCE_ID":1138,"gbifID":1802741039,"GiZScore":-2.2133514777087333,"GiPValue":0.026873423159017484,"NNeighbors":15,"Gi_Bin":-1}},{"type":"Feature","id":1139,"geometry":{"type":"Point","coordinates":[93.356838000000039,26.698398000000054]},"properties":{"OBJECTID":1139,"SOURCE_ID":1139,"gbifID":1802741052,"GiZScore":-2.2133514777087333,"GiPValue":0.026873423159017484,"NNeighbors":15,"Gi_Bin":-1}},{"type":"Feature","id":1140,"geometry":{"type":"Point","coordinates":[93.395840000000078,26.670437000000049]},"properties":{"OBJECTID":1140,"SOURCE_ID":1140,"gbifID":1802741057,"GiZScore":-2.3464431787305022,"GiPValue":0.018953555916428881,"NNeighbors":14,"Gi_Bin":-1}},{"type":"Feature","id":1141,"geometry":{"type":"Point","coordinates":[80.422947000000079,22.326064000000031]},"properties":{"OBJECTID":1141,"SOURCE_ID":1141,"gbifID":5889357834,"GiZScore":0.40687465011453933,"GiPValue":0.6841000563988191,"NNeighbors":51,"Gi_Bin":0}},{"type":"Feature","id":1142,"geometry":{"type":"Point","coordinates":[76.433689000000072,25.993051000000037]},"properties":{"OBJECTID":1142,"SOURCE_ID":1142,"gbifID":2597858570,"GiZScore":-2.9594320493675466,"GiPValue":0.0030820666335743849,"NNeighbors":225,"Gi_Bin":-2}},{"type":"Feature","id":1143,"geometry":{"type":"Point","coordinates":[79.400000000000034,20.266660000000059]},"properties":{"OBJECTID":1143,"SOURCE_ID":1143,"gbifID":3887847265,"GiZScore":2.9527918577652663,"GiPValue":0.0031491422120901152,"NNeighbors":250,"Gi_Bin":2}},{"type":"Feature","id":1144,"geometry":{"type":"Point","coordinates":[76.504682000000059,26.01389800000004]},"properties":{"OBJECTID":1144,"SOURCE_ID":1144,"gbifID":3887847272,"GiZScore":-2.8513916029555211,"GiPValue":0.0043528324730314465,"NNeighbors":219,"Gi_Bin":-2}},{"type":"Feature","id":1145,"geometry":{"type":"Point","coordinates":[76.466188000000045,26.071713000000045]},"properties":{"OBJECTID":1145,"SOURCE_ID":1145,"gbifID":2850599187,"GiZScore":-3.4752407213606369,"GiPValue":0.00051039512014291306,"NNeighbors":212,"Gi_Bin":-3}},{"type":"Feature","id":1146,"geometry":{"type":"Point","coordinates":[76.517305000000079,26.153936000000044]},"properties":{"OBJECTID":1146,"SOURCE_ID":1146,"gbifID":2850932199,"GiZScore":-4.1289882680431615,"GiPValue":3.6436299253295424e-05,"NNeighbors":197,"Gi_Bin":-3}},{"type":"Feature","id":1147,"geometry":{"type":"Point","coordinates":[76.413131000000078,26.032750000000078]},"properties":{"OBJECTID":1147,"SOURCE_ID":1147,"gbifID":2850984197,"GiZScore":-3.5536883486910034,"GiPValue":0.00037986907729008293,"NNeighbors":224,"Gi_Bin":-3}},{"type":"Feature","id":1148,"geometry":{"type":"Point","coordinates":[79.400000000000034,20.266660000000059]},"properties":{"OBJECTID":1148,"SOURCE_ID":1148,"gbifID":3887847066,"GiZScore":2.9527918577652663,"GiPValue":0.0031491422120901152,"NNeighbors":250,"Gi_Bin":2}},{"type":"Feature","id":1149,"geometry":{"type":"Point","coordinates":[76.504682000000059,26.01389800000004]},"properties":{"OBJECTID":1149,"SOURCE_ID":1149,"gbifID":3887847184,"GiZScore":-2.8513916029555211,"GiPValue":0.0043528324730314465,"NNeighbors":219,"Gi_Bin":-2}},{"type":"Feature","id":1150,"geometry":{"type":"Point","coordinates":[80.664748000000031,22.107774000000063]},"properties":{"OBJECTID":1150,"SOURCE_ID":1150,"gbifID":4407456333,"GiZScore":-0.64294634630718273,"GiPValue":0.52025891886369158,"NNeighbors":114,"Gi_Bin":0}},{"type":"Feature","id":1151,"geometry":{"type":"Point","coordinates":[80.733755000000031,22.308487000000071]},"properties":{"OBJECTID":1151,"SOURCE_ID":1151,"gbifID":4407479341,"GiZScore":-2.3429230537397623,"GiPValue":0.019133328618813842,"NNeighbors":95,"Gi_Bin":-1}},{"type":"Feature","id":1152,"geometry":{"type":"Point","coordinates":[80.630757000000074,22.357639000000063]},"properties":{"OBJECTID":1152,"SOURCE_ID":1152,"gbifID":4407567334,"GiZScore":-2.1481777969676812,"GiPValue":0.03169963382747612,"NNeighbors":98,"Gi_Bin":-1}},{"type":"Feature","id":1153,"geometry":{"type":"Point","coordinates":[80.999454000000071,23.751925000000028]},"properties":{"OBJECTID":1153,"SOURCE_ID":1153,"gbifID":4936110728,"GiZScore":1.0026325735041159,"GiPValue":0.31603818688400509,"NNeighbors":207,"Gi_Bin":0}},{"type":"Feature","id":1154,"geometry":{"type":"Point","coordinates":[80.97582600000004,23.636982000000046]},"properties":{"OBJECTID":1154,"SOURCE_ID":1154,"gbifID":4936300469,"GiZScore":0.75893571376492741,"GiPValue":0.44789101989910096,"NNeighbors":210,"Gi_Bin":0}},{"type":"Feature","id":1155,"geometry":{"type":"Point","coordinates":[80.995486000000085,23.751201000000037]},"properties":{"OBJECTID":1155,"SOURCE_ID":1155,"gbifID":4936367836,"GiZScore":1.0389915464246606,"GiPValue":0.29880868271378747,"NNeighbors":207,"Gi_Bin":0}},{"type":"Feature","id":1156,"geometry":{"type":"Point","coordinates":[80.919579000000056,23.740623000000028]},"properties":{"OBJECTID":1156,"SOURCE_ID":1156,"gbifID":4936373147,"GiZScore":0.63073269298609469,"GiPValue":0.5282153224759838,"NNeighbors":189,"Gi_Bin":0}},{"type":"Feature","id":1157,"geometry":{"type":"Point","coordinates":[80.91839600000003,23.767712000000074]},"properties":{"OBJECTID":1157,"SOURCE_ID":1157,"gbifID":4936385051,"GiZScore":0.62896711966637697,"GiPValue":0.52937058609087984,"NNeighbors":185,"Gi_Bin":0}},{"type":"Feature","id":1158,"geometry":{"type":"Point","coordinates":[80.905304000000058,23.614023000000032]},"properties":{"OBJECTID":1158,"SOURCE_ID":1158,"gbifID":4936830486,"GiZScore":0.2715632546349529,"GiPValue":0.78595785679244989,"NNeighbors":182,"Gi_Bin":0}},{"type":"Feature","id":1159,"geometry":{"type":"Point","coordinates":[80.801573000000076,23.619998000000066]},"properties":{"OBJECTID":1159,"SOURCE_ID":1159,"gbifID":4937006417,"GiZScore":-0.036912724263084132,"GiPValue":0.97055459416524947,"NNeighbors":126,"Gi_Bin":0}},{"type":"Feature","id":1160,"geometry":{"type":"Point","coordinates":[76.282093000000032,11.854715000000056]},"properties":{"OBJECTID":1160,"SOURCE_ID":1160,"gbifID":5760071923,"GiZScore":0.44102925535735271,"GiPValue":0.65919181898358081,"NNeighbors":25,"Gi_Bin":0}},{"type":"Feature","id":1161,"geometry":{"type":"Point","coordinates":[80.796760000000063,22.370401000000072]},"properties":{"OBJECTID":1161,"SOURCE_ID":1161,"gbifID":1038288621,"GiZScore":-1.8853381403388072,"GiPValue":0.059384199920908237,"NNeighbors":70,"Gi_Bin":0}},{"type":"Feature","id":1162,"geometry":{"type":"Point","coordinates":[79.37340800000004,20.376350000000059]},"properties":{"OBJECTID":1162,"SOURCE_ID":1162,"gbifID":2850681051,"GiZScore":2.7405499181455917,"GiPValue":0.0061336464063010271,"NNeighbors":235,"Gi_Bin":2}},{"type":"Feature","id":1163,"geometry":{"type":"Point","coordinates":[79.400000000000034,20.266660000000059]},"properties":{"OBJECTID":1163,"SOURCE_ID":1163,"gbifID":3887845856,"GiZScore":2.9527918577652663,"GiPValue":0.0031491422120901152,"NNeighbors":250,"Gi_Bin":2}},{"type":"Feature","id":1164,"geometry":{"type":"Point","coordinates":[80.681648000000052,22.186627000000044]},"properties":{"OBJECTID":1164,"SOURCE_ID":1164,"gbifID":4102572971,"GiZScore":-2.2037136544254547,"GiPValue":0.027544488270568601,"NNeighbors":90,"Gi_Bin":-1}},{"type":"Feature","id":1165,"geometry":{"type":"Point","coordinates":[80.726848000000075,22.149042000000065]},"properties":{"OBJECTID":1165,"SOURCE_ID":1165,"gbifID":4102637986,"GiZScore":-1.6013856566670974,"GiPValue":0.10929152761000092,"NNeighbors":117,"Gi_Bin":0}},{"type":"Feature","id":1166,"geometry":{"type":"Point","coordinates":[80.601369000000034,22.06184600000006]},"properties":{"OBJECTID":1166,"SOURCE_ID":1166,"gbifID":4102652982,"GiZScore":0.77435712584751715,"GiPValue":0.43871963688233462,"NNeighbors":92,"Gi_Bin":0}},{"type":"Feature","id":1167,"geometry":{"type":"Point","coordinates":[80.734908000000075,22.117570000000057]},"properties":{"OBJECTID":1167,"SOURCE_ID":1167,"gbifID":4102693924,"GiZScore":-0.68553234995790224,"GiPValue":0.49300805874740727,"NNeighbors":105,"Gi_Bin":0}},{"type":"Feature","id":1168,"geometry":{"type":"Point","coordinates":[80.686620000000062,22.129816000000062]},"properties":{"OBJECTID":1168,"SOURCE_ID":1168,"gbifID":4103189969,"GiZScore":-1.3754410644253874,"GiPValue":0.16899474537705295,"NNeighbors":122,"Gi_Bin":0}},{"type":"Feature","id":1169,"geometry":{"type":"Point","coordinates":[79.229553000000067,20.204998000000046]},"properties":{"OBJECTID":1169,"SOURCE_ID":1169,"gbifID":4414026609,"GiZScore":2.9450538327478566,"GiPValue":0.0032289847678712933,"NNeighbors":227,"Gi_Bin":2}},{"type":"Feature","id":1170,"geometry":{"type":"Point","coordinates":[79.382978000000037,20.306969000000038]},"properties":{"OBJECTID":1170,"SOURCE_ID":1170,"gbifID":4414081874,"GiZScore":2.9713692455318483,"GiPValue":0.0029647508912569592,"NNeighbors":248,"Gi_Bin":2}},{"type":"Feature","id":1171,"geometry":{"type":"Point","coordinates":[79.342129000000057,20.36845100000005]},"properties":{"OBJECTID":1171,"SOURCE_ID":1171,"gbifID":4414355858,"GiZScore":2.8250034988274368,"GiPValue":0.004728009974758432,"NNeighbors":237,"Gi_Bin":2}},{"type":"Feature","id":1172,"geometry":{"type":"Point","coordinates":[79.238408000000049,20.233888000000036]},"properties":{"OBJECTID":1172,"SOURCE_ID":1172,"gbifID":4414431820,"GiZScore":2.9643523662599627,"GiPValue":0.0030332074684281977,"NNeighbors":242,"Gi_Bin":2}},{"type":"Feature","id":1173,"geometry":{"type":"Point","coordinates":[79.398711000000048,20.216907000000049]},"properties":{"OBJECTID":1173,"SOURCE_ID":1173,"gbifID":4414441876,"GiZScore":3.2116450154743963,"GiPValue":0.001319773428778429,"NNeighbors":243,"Gi_Bin":2}},{"type":"Feature","id":1174,"geometry":{"type":"Point","coordinates":[76.421028000000035,25.969164000000035]},"properties":{"OBJECTID":1174,"SOURCE_ID":1174,"gbifID":2826140500,"GiZScore":-2.751309309290134,"GiPValue":0.0059357567233451116,"NNeighbors":216,"Gi_Bin":-2}},{"type":"Feature","id":1175,"geometry":{"type":"Point","coordinates":[79.369122000000061,20.383204000000035]},"properties":{"OBJECTID":1175,"SOURCE_ID":1175,"gbifID":3391355056,"GiZScore":2.7405499181455917,"GiPValue":0.0061336464063010271,"NNeighbors":235,"Gi_Bin":2}},{"type":"Feature","id":1176,"geometry":{"type":"Point","coordinates":[76.497926000000064,26.121480000000076]},"properties":{"OBJECTID":1176,"SOURCE_ID":1176,"gbifID":3698073649,"GiZScore":-3.7322870901461065,"GiPValue":0.00018974906181141031,"NNeighbors":200,"Gi_Bin":-3}},{"type":"Feature","id":1177,"geometry":{"type":"Point","coordinates":[79.033858000000066,29.534357000000057]},"properties":{"OBJECTID":1177,"SOURCE_ID":1177,"gbifID":1802725184,"GiZScore":-0.059807137223554747,"GiPValue":0.95230924107094805,"NNeighbors":87,"Gi_Bin":0}},{"type":"Feature","id":1178,"geometry":{"type":"Point","coordinates":[81.152205000000038,23.753910000000076]},"properties":{"OBJECTID":1178,"SOURCE_ID":1178,"gbifID":2012989347,"GiZScore":1.7018954045109791,"GiPValue":0.088774977411909664,"NNeighbors":178,"Gi_Bin":0}},{"type":"Feature","id":1179,"geometry":{"type":"Point","coordinates":[81.128253000000029,23.420853000000022]},"properties":{"OBJECTID":1179,"SOURCE_ID":1179,"gbifID":2597746577,"GiZScore":0.45628373309105313,"GiPValue":0.64818596129806438,"NNeighbors":24,"Gi_Bin":0}},{"type":"Feature","id":1180,"geometry":{"type":"Point","coordinates":[76.261552000000052,25.864424000000042]},"properties":{"OBJECTID":1180,"SOURCE_ID":1180,"gbifID":2609212175,"GiZScore":-0.80926911096112952,"GiPValue":0.41836037708183349,"NNeighbors":39,"Gi_Bin":0}},{"type":"Feature","id":1181,"geometry":{"type":"Point","coordinates":[79.004688000000044,29.436032000000068]},"properties":{"OBJECTID":1181,"SOURCE_ID":1181,"gbifID":3302241193,"GiZScore":0.24946276681833032,"GiPValue":0.80300283863475608,"NNeighbors":83,"Gi_Bin":0}},{"type":"Feature","id":1182,"geometry":{"type":"Point","coordinates":[88.867629000000079,21.904322000000036]},"properties":{"OBJECTID":1182,"SOURCE_ID":1182,"gbifID":3887846484,"GiZScore":1.6024239430859355,"GiPValue":0.10906189373731043,"NNeighbors":51,"Gi_Bin":0}},{"type":"Feature","id":1183,"geometry":{"type":"Point","coordinates":[76.518211000000065,26.109356000000048]},"properties":{"OBJECTID":1183,"SOURCE_ID":1183,"gbifID":3887846779,"GiZScore":-3.6894064125571764,"GiPValue":0.00022477789589020534,"NNeighbors":203,"Gi_Bin":-3}},{"type":"Feature","id":1184,"geometry":{"type":"Point","coordinates":[76.504682000000059,26.01389800000004]},"properties":{"OBJECTID":1184,"SOURCE_ID":1184,"gbifID":3887847291,"GiZScore":-2.8513916029555211,"GiPValue":0.0043528324730314465,"NNeighbors":219,"Gi_Bin":-2}},{"type":"Feature","id":1185,"geometry":{"type":"Point","coordinates":[79.256934000000058,20.377958000000035]},"properties":{"OBJECTID":1185,"SOURCE_ID":1185,"gbifID":5920208393,"GiZScore":2.7688221994161175,"GiPValue":0.0056259327835165079,"NNeighbors":235,"Gi_Bin":2}},{"type":"Feature","id":1186,"geometry":{"type":"Point","coordinates":[76.410218000000043,26.108538000000067]},"properties":{"OBJECTID":1186,"SOURCE_ID":1186,"gbifID":2610966008,"GiZScore":-3.9126508217035405,"GiPValue":9.1288487579657636e-05,"NNeighbors":204,"Gi_Bin":-3}},{"type":"Feature","id":1187,"geometry":{"type":"Point","coordinates":[76.447868000000085,26.086760000000027]},"properties":{"OBJECTID":1187,"SOURCE_ID":1187,"gbifID":2611348120,"GiZScore":-3.5625493496003595,"GiPValue":0.00036727083972582495,"NNeighbors":209,"Gi_Bin":-3}},{"type":"Feature","id":1188,"geometry":{"type":"Point","coordinates":[76.555252000000053,26.161242000000072]},"properties":{"OBJECTID":1188,"SOURCE_ID":1188,"gbifID":4978443095,"GiZScore":-4.1915821962463156,"GiPValue":2.7701578943596915e-05,"NNeighbors":191,"Gi_Bin":-3}},{"type":"Feature","id":1189,"geometry":{"type":"Point","coordinates":[76.496328000000062,25.980998000000056]},"properties":{"OBJECTID":1189,"SOURCE_ID":1189,"gbifID":5167737367,"GiZScore":-2.7496759279912872,"GiPValue":0.0059654230350547699,"NNeighbors":220,"Gi_Bin":-2}},{"type":"Feature","id":1190,"geometry":{"type":"Point","coordinates":[76.555692000000079,25.866310000000055]},"properties":{"OBJECTID":1190,"SOURCE_ID":1190,"gbifID":5167891201,"GiZScore":1.3045766721758556,"GiPValue":0.19203703596666746,"NNeighbors":133,"Gi_Bin":0}},{"type":"Feature","id":1191,"geometry":{"type":"Point","coordinates":[76.476529000000085,26.106381000000056]},"properties":{"OBJECTID":1191,"SOURCE_ID":1191,"gbifID":891039412,"GiZScore":-3.5681800931546994,"GiPValue":0.00035946940150878982,"NNeighbors":205,"Gi_Bin":-3}},{"type":"Feature","id":1192,"geometry":{"type":"Point","coordinates":[93.315701000000047,26.643361000000027]},"properties":{"OBJECTID":1192,"SOURCE_ID":1192,"gbifID":2563590721,"GiZScore":-2.0856836657623576,"GiPValue":0.037007287004909011,"NNeighbors":15,"Gi_Bin":0}},{"type":"Feature","id":1193,"geometry":{"type":"Point","coordinates":[76.478911000000039,26.151748000000055]},"properties":{"OBJECTID":1193,"SOURCE_ID":1193,"gbifID":2596439175,"GiZScore":-4.328990204637007,"GiPValue":1.497945953171682e-05,"NNeighbors":196,"Gi_Bin":-3}},{"type":"Feature","id":1194,"geometry":{"type":"Point","coordinates":[79.279304000000081,20.32302100000004]},"properties":{"OBJECTID":1194,"SOURCE_ID":1194,"gbifID":3059129765,"GiZScore":2.9392215281431544,"GiPValue":0.0032903780203974546,"NNeighbors":242,"Gi_Bin":2}},{"type":"Feature","id":1195,"geometry":{"type":"Point","coordinates":[79.326523000000066,20.363222000000064]},"properties":{"OBJECTID":1195,"SOURCE_ID":1195,"gbifID":3061587267,"GiZScore":2.8250034988274368,"GiPValue":0.004728009974758432,"NNeighbors":237,"Gi_Bin":2}},{"type":"Feature","id":1196,"geometry":{"type":"Point","coordinates":[79.25457300000005,20.379794000000061]},"properties":{"OBJECTID":1196,"SOURCE_ID":1196,"gbifID":3061617031,"GiZScore":2.6863155971812489,"GiPValue":0.0072244814160111635,"NNeighbors":227,"Gi_Bin":2}},{"type":"Feature","id":1197,"geometry":{"type":"Point","coordinates":[76.566963000000044,26.008359000000041]},"properties":{"OBJECTID":1197,"SOURCE_ID":1197,"gbifID":2850540002,"GiZScore":-2.5653589669269743,"GiPValue":0.010306911248290725,"NNeighbors":213,"Gi_Bin":-2}},{"type":"Feature","id":1198,"geometry":{"type":"Point","coordinates":[76.423109000000068,26.070984000000067]},"properties":{"OBJECTID":1198,"SOURCE_ID":1198,"gbifID":2850619023,"GiZScore":-3.6491928723661879,"GiPValue":0.00026306554451633972,"NNeighbors":213,"Gi_Bin":-3}},{"type":"Feature","id":1199,"geometry":{"type":"Point","coordinates":[76.505806000000064,26.060840000000042]},"properties":{"OBJECTID":1199,"SOURCE_ID":1199,"gbifID":2850709880,"GiZScore":-3.1933228317503022,"GiPValue":0.0014064561265148996,"NNeighbors":212,"Gi_Bin":-2}},{"type":"Feature","id":1200,"geometry":{"type":"Point","coordinates":[76.537355000000048,26.179837000000077]},"properties":{"OBJECTID":1200,"SOURCE_ID":1200,"gbifID":2850740874,"GiZScore":-4.4890949883159248,"GiPValue":7.152639982492118e-06,"NNeighbors":188,"Gi_Bin":-3}},{"type":"Feature","id":1201,"geometry":{"type":"Point","coordinates":[76.52539500000006,26.129320000000064]},"properties":{"OBJECTID":1201,"SOURCE_ID":1201,"gbifID":2851055808,"GiZScore":-3.9208939567062573,"GiPValue":8.8221081475120888e-05,"NNeighbors":198,"Gi_Bin":-3}},{"type":"Feature","id":1202,"geometry":{"type":"Point","coordinates":[76.539779000000067,26.163871000000029]},"properties":{"OBJECTID":1202,"SOURCE_ID":1202,"gbifID":2851112814,"GiZScore":-4.379182188255089,"GiPValue":1.1912551129209807e-05,"NNeighbors":193,"Gi_Bin":-3}},{"type":"Feature","id":1203,"geometry":{"type":"Point","coordinates":[76.414751000000081,26.044391000000076]},"properties":{"OBJECTID":1203,"SOURCE_ID":1203,"gbifID":2851200829,"GiZScore":-3.4473091866918431,"GiPValue":0.00056620020545840831,"NNeighbors":222,"Gi_Bin":-3}},{"type":"Feature","id":1204,"geometry":{"type":"Point","coordinates":[80.557734000000039,22.389280000000042]},"properties":{"OBJECTID":1204,"SOURCE_ID":1204,"gbifID":4891782938,"GiZScore":-1.964959386878524,"GiPValue":0.049418938321258786,"NNeighbors":89,"Gi_Bin":0}},{"type":"Feature","id":1205,"geometry":{"type":"Point","coordinates":[80.52034100000003,22.238109000000065]},"properties":{"OBJECTID":1205,"SOURCE_ID":1205,"gbifID":4892069480,"GiZScore":-0.60505510538713403,"GiPValue":0.54514238607678922,"NNeighbors":93,"Gi_Bin":0}},{"type":"Feature","id":1206,"geometry":{"type":"Point","coordinates":[76.423733000000084,26.179709000000059]},"properties":{"OBJECTID":1206,"SOURCE_ID":1206,"gbifID":5087571883,"GiZScore":-5.1719639012169667,"GiPValue":2.3164634300754252e-07,"NNeighbors":190,"Gi_Bin":-3}},{"type":"Feature","id":1207,"geometry":{"type":"Point","coordinates":[76.569791000000066,25.809704000000067]},"properties":{"OBJECTID":1207,"SOURCE_ID":1207,"gbifID":5063484376,"GiZScore":3.2989181028669274,"GiPValue":0.00097058223047408361,"NNeighbors":88,"Gi_Bin":2}},{"type":"Feature","id":1208,"geometry":{"type":"Point","coordinates":[76.592155000000048,26.089065000000062]},"properties":{"OBJECTID":1208,"SOURCE_ID":1208,"gbifID":4177537798,"GiZScore":-3.4264230258593007,"GiPValue":0.00061158707743491593,"NNeighbors":200,"Gi_Bin":-3}},{"type":"Feature","id":1209,"geometry":{"type":"Point","coordinates":[80.52891500000004,22.33466500000003]},"properties":{"OBJECTID":1209,"SOURCE_ID":1209,"gbifID":4863904310,"GiZScore":-1.3289969760462657,"GiPValue":0.18384896754160235,"NNeighbors":86,"Gi_Bin":0}},{"type":"Feature","id":1210,"geometry":{"type":"Point","coordinates":[81.013351000000057,23.663864000000046]},"properties":{"OBJECTID":1210,"SOURCE_ID":1210,"gbifID":5022542651,"GiZScore":0.91165165228676592,"GiPValue":0.36195213292050099,"NNeighbors":208,"Gi_Bin":0}},{"type":"Feature","id":1211,"geometry":{"type":"Point","coordinates":[79.30414600000006,21.715522000000078]},"properties":{"OBJECTID":1211,"SOURCE_ID":1211,"gbifID":3887846191,"GiZScore":0.041631534133235851,"GiPValue":0.96679243442094409,"NNeighbors":96,"Gi_Bin":0}},{"type":"Feature","id":1212,"geometry":{"type":"Point","coordinates":[79.400000000000034,20.266660000000059]},"properties":{"OBJECTID":1212,"SOURCE_ID":1212,"gbifID":3887845740,"GiZScore":2.9527918577652663,"GiPValue":0.0031491422120901152,"NNeighbors":250,"Gi_Bin":2}},{"type":"Feature","id":1213,"geometry":{"type":"Point","coordinates":[84.138352000000054,27.414716000000055]},"properties":{"OBJECTID":1213,"SOURCE_ID":1213,"gbifID":3887846293,"GiZScore":0.36296350189207033,"GiPValue":0.71663214971270683,"NNeighbors":3,"Gi_Bin":0}},{"type":"Feature","id":1214,"geometry":{"type":"Point","coordinates":[88.867629000000079,21.904322000000036]},"properties":{"OBJECTID":1214,"SOURCE_ID":1214,"gbifID":3887846488,"GiZScore":1.6024239430859355,"GiPValue":0.10906189373731043,"NNeighbors":51,"Gi_Bin":0}},{"type":"Feature","id":1215,"geometry":{"type":"Point","coordinates":[81.037218000000053,23.716134000000068]},"properties":{"OBJECTID":1215,"SOURCE_ID":1215,"gbifID":2851180819,"GiZScore":1.0698277593946119,"GiPValue":0.28469686086081714,"NNeighbors":205,"Gi_Bin":0}},{"type":"Feature","id":1216,"geometry":{"type":"Point","coordinates":[81.060484000000031,23.688804000000061]},"properties":{"OBJECTID":1216,"SOURCE_ID":1216,"gbifID":3902149833,"GiZScore":1.3536252846707888,"GiPValue":0.17585595596882847,"NNeighbors":201,"Gi_Bin":0}},{"type":"Feature","id":1217,"geometry":{"type":"Point","coordinates":[76.58214600000008,11.73877200000004]},"properties":{"OBJECTID":1217,"SOURCE_ID":1217,"gbifID":1935612487,"GiZScore":-0.8973583638107564,"GiPValue":0.36952773230832936,"NNeighbors":18,"Gi_Bin":0}},{"type":"Feature","id":1218,"geometry":{"type":"Point","coordinates":[80.792048000000079,22.225210000000061]},"properties":{"OBJECTID":1218,"SOURCE_ID":1218,"gbifID":3032057874,"GiZScore":-2.4315115865102408,"GiPValue":0.015035967403941095,"NNeighbors":76,"Gi_Bin":-2}},{"type":"Feature","id":1219,"geometry":{"type":"Point","coordinates":[76.45384800000005,26.009602000000029]},"properties":{"OBJECTID":1219,"SOURCE_ID":1219,"gbifID":3032073957,"GiZScore":-3.1328091519578463,"GiPValue":0.0017314198241074692,"NNeighbors":224,"Gi_Bin":-2}},{"type":"Feature","id":1220,"geometry":{"type":"Point","coordinates":[78.854408000000035,29.552981000000045]},"properties":{"OBJECTID":1220,"SOURCE_ID":1220,"gbifID":3061669483,"GiZScore":-1.2198262083845834,"GiPValue":0.22253078668332704,"NNeighbors":100,"Gi_Bin":0}},{"type":"Feature","id":1221,"geometry":{"type":"Point","coordinates":[75.638184000000081,11.955014000000062]},"properties":{"OBJECTID":1221,"SOURCE_ID":1221,"gbifID":3333308441,"GiZScore":-0.43757939367259757,"GiPValue":0.66169121280114984,"NNeighbors":1,"Gi_Bin":0}},{"type":"Feature","id":1222,"geometry":{"type":"Point","coordinates":[76.51987500000007,26.101154000000065]},"properties":{"OBJECTID":1222,"SOURCE_ID":1222,"gbifID":4075601043,"GiZScore":-3.7042147910915859,"GiPValue":0.00021204653284509993,"NNeighbors":204,"Gi_Bin":-3}},{"type":"Feature","id":1223,"geometry":{"type":"Point","coordinates":[80.551424000000054,22.369661000000065]},"properties":{"OBJECTID":1223,"SOURCE_ID":1223,"gbifID":891090664,"GiZScore":-1.5830771532757659,"GiPValue":0.11340388024927743,"NNeighbors":87,"Gi_Bin":0}},{"type":"Feature","id":1224,"geometry":{"type":"Point","coordinates":[80.506919000000039,22.377871000000027]},"properties":{"OBJECTID":1224,"SOURCE_ID":1224,"gbifID":891090702,"GiZScore":-0.91072681216129248,"GiPValue":0.36243934356198493,"NNeighbors":72,"Gi_Bin":0}},{"type":"Feature","id":1225,"geometry":{"type":"Point","coordinates":[80.548531000000082,22.286437000000035]},"properties":{"OBJECTID":1225,"SOURCE_ID":1225,"gbifID":891090722,"GiZScore":-1.2413713718153601,"GiPValue":0.21446861363192027,"NNeighbors":95,"Gi_Bin":0}},{"type":"Feature","id":1226,"geometry":{"type":"Point","coordinates":[80.428882000000044,22.37243600000005]},"properties":{"OBJECTID":1226,"SOURCE_ID":1226,"gbifID":891090732,"GiZScore":-0.08812141269514083,"GiPValue":0.92978017771680355,"NNeighbors":49,"Gi_Bin":0}},{"type":"Feature","id":1227,"geometry":{"type":"Point","coordinates":[80.529767000000049,22.247561000000076]},"properties":{"OBJECTID":1227,"SOURCE_ID":1227,"gbifID":891090735,"GiZScore":-0.89197839351517505,"GiPValue":0.37240452334180474,"NNeighbors":91,"Gi_Bin":0}},{"type":"Feature","id":1228,"geometry":{"type":"Point","coordinates":[76.437501000000054,26.156464000000028]},"properties":{"OBJECTID":1228,"SOURCE_ID":1228,"gbifID":891090744,"GiZScore":-4.7016226452312608,"GiPValue":2.5810216104069961e-06,"NNeighbors":198,"Gi_Bin":-3}},{"type":"Feature","id":1229,"geometry":{"type":"Point","coordinates":[80.557574000000045,22.272353000000066]},"properties":{"OBJECTID":1229,"SOURCE_ID":1229,"gbifID":891090750,"GiZScore":-1.5498266744827354,"GiPValue":0.12118312283213743,"NNeighbors":96,"Gi_Bin":0}},{"type":"Feature","id":1230,"geometry":{"type":"Point","coordinates":[76.453471000000036,26.086677000000066]},"properties":{"OBJECTID":1230,"SOURCE_ID":1230,"gbifID":891090756,"GiZScore":-3.5625493496003595,"GiPValue":0.00036727083972582495,"NNeighbors":209,"Gi_Bin":-3}},{"type":"Feature","id":1231,"geometry":{"type":"Point","coordinates":[76.435718000000065,26.070456000000036]},"properties":{"OBJECTID":1231,"SOURCE_ID":1231,"gbifID":891090761,"GiZScore":-3.773511188609886,"GiPValue":0.00016096599702757332,"NNeighbors":211,"Gi_Bin":-3}},{"type":"Feature","id":1232,"geometry":{"type":"Point","coordinates":[76.579006000000049,26.141612000000066]},"properties":{"OBJECTID":1232,"SOURCE_ID":1232,"gbifID":891090763,"GiZScore":-4.0240349729368221,"GiPValue":5.7209415900248588e-05,"NNeighbors":194,"Gi_Bin":-3}},{"type":"Feature","id":1233,"geometry":{"type":"Point","coordinates":[80.58859700000005,22.312486000000035]},"properties":{"OBJECTID":1233,"SOURCE_ID":1233,"gbifID":1571055895,"GiZScore":-1.7164911898563961,"GiPValue":0.086072179094191986,"NNeighbors":100,"Gi_Bin":0}},{"type":"Feature","id":1234,"geometry":{"type":"Point","coordinates":[79.002341000000058,29.432963000000029]},"properties":{"OBJECTID":1234,"SOURCE_ID":1234,"gbifID":2862495985,"GiZScore":0.24946276681833032,"GiPValue":0.80300283863475608,"NNeighbors":83,"Gi_Bin":0}},{"type":"Feature","id":1235,"geometry":{"type":"Point","coordinates":[80.499638000000061,22.358867000000032]},"properties":{"OBJECTID":1235,"SOURCE_ID":1235,"gbifID":3759088301,"GiZScore":-1.0521280939982691,"GiPValue":0.29274079958662413,"NNeighbors":72,"Gi_Bin":0}},{"type":"Feature","id":1236,"geometry":{"type":"Point","coordinates":[80.925720000000069,23.665731000000051]},"properties":{"OBJECTID":1236,"SOURCE_ID":1236,"gbifID":4852566044,"GiZScore":0.90935629015721886,"GiPValue":0.36316209670746258,"NNeighbors":193,"Gi_Bin":0}},{"type":"Feature","id":1237,"geometry":{"type":"Point","coordinates":[80.988599000000079,23.613325000000032]},"properties":{"OBJECTID":1237,"SOURCE_ID":1237,"gbifID":4852604910,"GiZScore":0.97571069806514066,"GiPValue":0.32920786177628458,"NNeighbors":206,"Gi_Bin":0}},{"type":"Feature","id":1238,"geometry":{"type":"Point","coordinates":[80.677088000000083,22.297487000000046]},"properties":{"OBJECTID":1238,"SOURCE_ID":1238,"gbifID":2826524143,"GiZScore":-1.8458622797802118,"GiPValue":0.064912204827910935,"NNeighbors":101,"Gi_Bin":0}},{"type":"Feature","id":1239,"geometry":{"type":"Point","coordinates":[79.251782000000048,20.217989000000046]},"properties":{"OBJECTID":1239,"SOURCE_ID":1239,"gbifID":2850674116,"GiZScore":2.8665113562077638,"GiPValue":0.004150232689132013,"NNeighbors":241,"Gi_Bin":2}},{"type":"Feature","id":1240,"geometry":{"type":"Point","coordinates":[79.228922000000068,20.254756000000043]},"properties":{"OBJECTID":1240,"SOURCE_ID":1240,"gbifID":2850707999,"GiZScore":3.1179113259896014,"GiPValue":0.0018213759435200497,"NNeighbors":236,"Gi_Bin":2}},{"type":"Feature","id":1241,"geometry":{"type":"Point","coordinates":[79.272192000000075,20.331929000000059]},"properties":{"OBJECTID":1241,"SOURCE_ID":1241,"gbifID":2850769977,"GiZScore":2.9392215281431544,"GiPValue":0.0032903780203974546,"NNeighbors":242,"Gi_Bin":2}},{"type":"Feature","id":1242,"geometry":{"type":"Point","coordinates":[79.265882000000033,20.282722000000035]},"properties":{"OBJECTID":1242,"SOURCE_ID":1242,"gbifID":2850772806,"GiZScore":3.0651529074091552,"GiPValue":0.0021755873771284514,"NNeighbors":243,"Gi_Bin":2}},{"type":"Feature","id":1243,"geometry":{"type":"Point","coordinates":[79.397688000000073,20.301661000000024]},"properties":{"OBJECTID":1243,"SOURCE_ID":1243,"gbifID":2850861016,"GiZScore":2.9527918577652663,"GiPValue":0.0031491422120901152,"NNeighbors":250,"Gi_Bin":2}},{"type":"Feature","id":1244,"geometry":{"type":"Point","coordinates":[80.737400000000036,22.330878000000041]},"properties":{"OBJECTID":1244,"SOURCE_ID":1244,"gbifID":2856512776,"GiZScore":-2.3914404120652684,"GiPValue":0.016782407949095791,"NNeighbors":92,"Gi_Bin":-1}},{"type":"Feature","id":1245,"geometry":{"type":"Point","coordinates":[80.673901000000058,22.214429000000052]},"properties":{"OBJECTID":1245,"SOURCE_ID":1245,"gbifID":2856551796,"GiZScore":-1.6915165527564491,"GiPValue":0.090738189086357737,"NNeighbors":98,"Gi_Bin":0}},{"type":"Feature","id":1246,"geometry":{"type":"Point","coordinates":[80.797251000000074,22.384677000000067]},"properties":{"OBJECTID":1246,"SOURCE_ID":1246,"gbifID":3499703428,"GiZScore":-1.8822025377432401,"GiPValue":0.059808521240038999,"NNeighbors":67,"Gi_Bin":0}},{"type":"Feature","id":1247,"geometry":{"type":"Point","coordinates":[80.642336000000057,22.240734000000032]},"properties":{"OBJECTID":1247,"SOURCE_ID":1247,"gbifID":4405429379,"GiZScore":-1.3018644179017176,"GiPValue":0.19296273796764299,"NNeighbors":104,"Gi_Bin":0}},{"type":"Feature","id":1248,"geometry":{"type":"Point","coordinates":[80.582789000000048,23.630025000000046]},"properties":{"OBJECTID":1248,"SOURCE_ID":1248,"gbifID":1132401626,"GiZScore":-2.7721743460579145,"GiPValue":0.0055683203939371258,"NNeighbors":6,"Gi_Bin":-2}},{"type":"Feature","id":1249,"geometry":{"type":"Point","coordinates":[81.052770000000066,23.677819000000056]},"properties":{"OBJECTID":1249,"SOURCE_ID":1249,"gbifID":2826223225,"GiZScore":1.0983220962267553,"GiPValue":0.27206388387215552,"NNeighbors":202,"Gi_Bin":0}},{"type":"Feature","id":1250,"geometry":{"type":"Point","coordinates":[76.45960400000007,11.647809000000052]},"properties":{"OBJECTID":1250,"SOURCE_ID":1250,"gbifID":2850617940,"GiZScore":-1.4374774461700246,"GiPValue":0.15058237684961692,"NNeighbors":14,"Gi_Bin":0}},{"type":"Feature","id":1251,"geometry":{"type":"Point","coordinates":[80.779123000000084,22.338575000000048]},"properties":{"OBJECTID":1251,"SOURCE_ID":1251,"gbifID":2850863813,"GiZScore":-2.6195198177929302,"GiPValue":0.0088053656260299127,"NNeighbors":82,"Gi_Bin":-2}},{"type":"Feature","id":1252,"geometry":{"type":"Point","coordinates":[80.702958000000081,22.29627000000005]},"properties":{"OBJECTID":1252,"SOURCE_ID":1252,"gbifID":2851030823,"GiZScore":-1.6772142502054264,"GiPValue":0.093500593441667418,"NNeighbors":100,"Gi_Bin":0}},{"type":"Feature","id":1253,"geometry":{"type":"Point","coordinates":[80.692863000000045,22.218377000000032]},"properties":{"OBJECTID":1253,"SOURCE_ID":1253,"gbifID":2851128832,"GiZScore":-1.6579196783928802,"GiPValue":0.097333679668998127,"NNeighbors":96,"Gi_Bin":0}},{"type":"Feature","id":1254,"geometry":{"type":"Point","coordinates":[80.909550000000081,23.747197000000028]},"properties":{"OBJECTID":1254,"SOURCE_ID":1254,"gbifID":2856539054,"GiZScore":0.39498618042586531,"GiPValue":0.69285308785918853,"NNeighbors":183,"Gi_Bin":0}},{"type":"Feature","id":1255,"geometry":{"type":"Point","coordinates":[76.416234000000031,11.760912000000076]},"properties":{"OBJECTID":1255,"SOURCE_ID":1255,"gbifID":4527996981,"GiZScore":-0.73518509174879954,"GiPValue":0.46222678285205698,"NNeighbors":21,"Gi_Bin":0}},{"type":"Feature","id":1256,"geometry":{"type":"Point","coordinates":[78.952310000000068,29.458704000000068]},"properties":{"OBJECTID":1256,"SOURCE_ID":1256,"gbifID":5006855233,"GiZScore":-0.31635580937258967,"GiPValue":0.75173245526835708,"NNeighbors":90,"Gi_Bin":0}},{"type":"Feature","id":1257,"geometry":{"type":"Point","coordinates":[80.754447000000084,22.328103000000056]},"properties":{"OBJECTID":1257,"SOURCE_ID":1257,"gbifID":2826229256,"GiZScore":-2.226489382082224,"GiPValue":0.025981419411147469,"NNeighbors":89,"Gi_Bin":-1}},{"type":"Feature","id":1258,"geometry":{"type":"Point","coordinates":[76.594768000000045,11.644287000000077]},"properties":{"OBJECTID":1258,"SOURCE_ID":1258,"gbifID":5168431777,"GiZScore":-1.5074288595080321,"GiPValue":0.13170076604450467,"NNeighbors":18,"Gi_Bin":0}},{"type":"Feature","id":1259,"geometry":{"type":"Point","coordinates":[80.968638000000055,23.666129000000069]},"properties":{"OBJECTID":1259,"SOURCE_ID":1259,"gbifID":5062978671,"GiZScore":1.021300697982737,"GiPValue":0.30711201003097366,"NNeighbors":208,"Gi_Bin":0}},{"type":"Feature","id":1260,"geometry":{"type":"Point","coordinates":[80.799976000000072,22.345144000000062]},"properties":{"OBJECTID":1260,"SOURCE_ID":1260,"gbifID":5063003507,"GiZScore":-1.7643484124180548,"GiPValue":0.077673337835090478,"NNeighbors":72,"Gi_Bin":0}},{"type":"Feature","id":1261,"geometry":{"type":"Point","coordinates":[79.400000000000034,20.266660000000059]},"properties":{"OBJECTID":1261,"SOURCE_ID":1261,"gbifID":3887846453,"GiZScore":2.9527918577652663,"GiPValue":0.0031491422120901152,"NNeighbors":250,"Gi_Bin":2}},{"type":"Feature","id":1262,"geometry":{"type":"Point","coordinates":[76.531249000000059,26.04024000000004]},"properties":{"OBJECTID":1262,"SOURCE_ID":1262,"gbifID":4172202564,"GiZScore":-3.1469654322756759,"GiPValue":0.0016497446444595047,"NNeighbors":213,"Gi_Bin":-2}},{"type":"Feature","id":1263,"geometry":{"type":"Point","coordinates":[81.160450000000083,23.673910000000035]},"properties":{"OBJECTID":1263,"SOURCE_ID":1263,"gbifID":5920090546,"GiZScore":2.0056199685963021,"GiPValue":0.044896809757420338,"NNeighbors":174,"Gi_Bin":0}},{"type":"Feature","id":1264,"geometry":{"type":"Point","coordinates":[81.017718000000059,23.722092000000032]},"properties":{"OBJECTID":1264,"SOURCE_ID":1264,"gbifID":3887846029,"GiZScore":1.021300697982737,"GiPValue":0.30711201003097366,"NNeighbors":208,"Gi_Bin":0}},{"type":"Feature","id":1265,"geometry":{"type":"Point","coordinates":[80.74099300000006,22.258927000000028]},"properties":{"OBJECTID":1265,"SOURCE_ID":1265,"gbifID":4399929943,"GiZScore":-2.0153383456873835,"GiPValue":0.043869209705775097,"NNeighbors":92,"Gi_Bin":0}},{"type":"Feature","id":1266,"geometry":{"type":"Point","coordinates":[80.526856000000066,22.320109000000059]},"properties":{"OBJECTID":1266,"SOURCE_ID":1266,"gbifID":4413408619,"GiZScore":-1.2315827320485846,"GiPValue":0.21810501799561477,"NNeighbors":87,"Gi_Bin":0}},{"type":"Feature","id":1267,"geometry":{"type":"Point","coordinates":[80.620062000000075,22.277445000000057]},"properties":{"OBJECTID":1267,"SOURCE_ID":1267,"gbifID":4867860723,"GiZScore":-1.6407079556165085,"GiPValue":0.1008580526945444,"NNeighbors":104,"Gi_Bin":0}},{"type":"Feature","id":1268,"geometry":{"type":"Point","coordinates":[80.493900000000053,22.245620000000031]},"properties":{"OBJECTID":1268,"SOURCE_ID":1268,"gbifID":4901145391,"GiZScore":-0.48701519263544474,"GiPValue":0.6262475662630469,"NNeighbors":80,"Gi_Bin":0}},{"type":"Feature","id":1269,"geometry":{"type":"Point","coordinates":[76.445765000000051,26.179711000000054]},"properties":{"OBJECTID":1269,"SOURCE_ID":1269,"gbifID":1932321538,"GiZScore":-4.9150214266200285,"GiPValue":8.8772750058417576e-07,"NNeighbors":192,"Gi_Bin":-3}},{"type":"Feature","id":1270,"geometry":{"type":"Point","coordinates":[93.391121000000055,26.625514000000067]},"properties":{"OBJECTID":1270,"SOURCE_ID":1270,"gbifID":2850567993,"GiZScore":-2.2133514777087333,"GiPValue":0.026873423159017484,"NNeighbors":15,"Gi_Bin":-1}},{"type":"Feature","id":1271,"geometry":{"type":"Point","coordinates":[79.231793000000039,20.347149000000059]},"properties":{"OBJECTID":1271,"SOURCE_ID":1271,"gbifID":2597892052,"GiZScore":2.7085677907044707,"GiPValue":0.0067574305601753445,"NNeighbors":228,"Gi_Bin":2}},{"type":"Feature","id":1272,"geometry":{"type":"Point","coordinates":[79.29092200000008,20.329582000000073]},"properties":{"OBJECTID":1272,"SOURCE_ID":1272,"gbifID":2597905045,"GiZScore":2.841604957454329,"GiPValue":0.0044887073980222876,"NNeighbors":241,"Gi_Bin":2}},{"type":"Feature","id":1273,"geometry":{"type":"Point","coordinates":[79.202403000000061,20.314069000000075]},"properties":{"OBJECTID":1273,"SOURCE_ID":1273,"gbifID":2597913024,"GiZScore":2.9470674906001433,"GiPValue":0.0032080317768063437,"NNeighbors":227,"Gi_Bin":2}},{"type":"Feature","id":1274,"geometry":{"type":"Point","coordinates":[81.086119000000053,23.753334000000052]},"properties":{"OBJECTID":1274,"SOURCE_ID":1274,"gbifID":2826526166,"GiZScore":1.4669589186906109,"GiPValue":0.14238723110984733,"NNeighbors":194,"Gi_Bin":0}},{"type":"Feature","id":1275,"geometry":{"type":"Point","coordinates":[80.954745000000059,23.416145000000029]},"properties":{"OBJECTID":1275,"SOURCE_ID":1275,"gbifID":2850703792,"GiZScore":0.017707148163754578,"GiPValue":0.9858724781312278,"NNeighbors":15,"Gi_Bin":0}},{"type":"Feature","id":1276,"geometry":{"type":"Point","coordinates":[81.078279000000066,23.630056000000025]},"properties":{"OBJECTID":1276,"SOURCE_ID":1276,"gbifID":2850769806,"GiZScore":1.4507962050389753,"GiPValue":0.14683661672026013,"NNeighbors":193,"Gi_Bin":0}},{"type":"Feature","id":1277,"geometry":{"type":"Point","coordinates":[81.096047000000056,23.672531000000049]},"properties":{"OBJECTID":1277,"SOURCE_ID":1277,"gbifID":2851042784,"GiZScore":1.6270186466774019,"GiPValue":0.10373313757737561,"NNeighbors":192,"Gi_Bin":0}},{"type":"Feature","id":1278,"geometry":{"type":"Point","coordinates":[81.188332000000059,23.687317000000064]},"properties":{"OBJECTID":1278,"SOURCE_ID":1278,"gbifID":2851044775,"GiZScore":2.0374309812933391,"GiPValue":0.041606871831679701,"NNeighbors":167,"Gi_Bin":0}},{"type":"Feature","id":1279,"geometry":{"type":"Point","coordinates":[81.089754000000084,23.64599400000003]},"properties":{"OBJECTID":1279,"SOURCE_ID":1279,"gbifID":2851089781,"GiZScore":1.5529602724778959,"GiPValue":0.12043262593945472,"NNeighbors":192,"Gi_Bin":0}},{"type":"Feature","id":1280,"geometry":{"type":"Point","coordinates":[80.862766000000079,23.693542000000036]},"properties":{"OBJECTID":1280,"SOURCE_ID":1280,"gbifID":2856475012,"GiZScore":0.33704414444964403,"GiPValue":0.73608362310697384,"NNeighbors":168,"Gi_Bin":0}},{"type":"Feature","id":1281,"geometry":{"type":"Point","coordinates":[80.86715600000008,23.79180800000006]},"properties":{"OBJECTID":1281,"SOURCE_ID":1281,"gbifID":2862294179,"GiZScore":0.87730125299640771,"GiPValue":0.38032304119371341,"NNeighbors":164,"Gi_Bin":0}},{"type":"Feature","id":1282,"geometry":{"type":"Point","coordinates":[76.462588000000039,26.006496000000027]},"properties":{"OBJECTID":1282,"SOURCE_ID":1282,"gbifID":3018149173,"GiZScore":-3.0528498447263419,"GiPValue":0.0022667933289072114,"NNeighbors":223,"Gi_Bin":-2}},{"type":"Feature","id":1283,"geometry":{"type":"Point","coordinates":[78.842151000000058,29.544092000000035]},"properties":{"OBJECTID":1283,"SOURCE_ID":1283,"gbifID":2423106114,"GiZScore":-1.1531924649399123,"GiPValue":0.24883141526874986,"NNeighbors":99,"Gi_Bin":0}},{"type":"Feature","id":1284,"geometry":{"type":"Point","coordinates":[79.374928000000068,20.388259000000062]},"properties":{"OBJECTID":1284,"SOURCE_ID":1284,"gbifID":2540821188,"GiZScore":2.6863241969112561,"GiPValue":0.0072242954549245749,"NNeighbors":234,"Gi_Bin":2}},{"type":"Feature","id":1285,"geometry":{"type":"Point","coordinates":[81.101782000000071,23.620756000000029]},"properties":{"OBJECTID":1285,"SOURCE_ID":1285,"gbifID":2826468244,"GiZScore":1.705789998086322,"GiPValue":0.088047186002082431,"NNeighbors":188,"Gi_Bin":0}},{"type":"Feature","id":1286,"geometry":{"type":"Point","coordinates":[80.813608000000045,23.706108000000029]},"properties":{"OBJECTID":1286,"SOURCE_ID":1286,"gbifID":2856636012,"GiZScore":0.89693368470268808,"GiPValue":0.36975431431454897,"NNeighbors":148,"Gi_Bin":0}},{"type":"Feature","id":1287,"geometry":{"type":"Point","coordinates":[80.98622800000004,23.640039000000058]},"properties":{"OBJECTID":1287,"SOURCE_ID":1287,"gbifID":2856654052,"GiZScore":0.83539838900532926,"GiPValue":0.40349344472811699,"NNeighbors":209,"Gi_Bin":0}},{"type":"Feature","id":1288,"geometry":{"type":"Point","coordinates":[80.76115800000008,22.315863000000036]},"properties":{"OBJECTID":1288,"SOURCE_ID":1288,"gbifID":2826256235,"GiZScore":-1.936520485135159,"GiPValue":0.052803986088946347,"NNeighbors":88,"Gi_Bin":0}},{"type":"Feature","id":1289,"geometry":{"type":"Point","coordinates":[81.146955000000048,23.789095000000032]},"properties":{"OBJECTID":1289,"SOURCE_ID":1289,"gbifID":2826526167,"GiZScore":1.7019400602409582,"GiPValue":0.088766605106418456,"NNeighbors":178,"Gi_Bin":0}},{"type":"Feature","id":1290,"geometry":{"type":"Point","coordinates":[80.805732000000035,23.787903000000028]},"properties":{"OBJECTID":1290,"SOURCE_ID":1290,"gbifID":2856628041,"GiZScore":0.8047059269001382,"GiPValue":0.42098940590935507,"NNeighbors":138,"Gi_Bin":0}},{"type":"Feature","id":1291,"geometry":{"type":"Point","coordinates":[80.495559000000071,22.39580600000005]},"properties":{"OBJECTID":1291,"SOURCE_ID":1291,"gbifID":2597861566,"GiZScore":-0.28228192793763107,"GiPValue":0.77772734210361794,"NNeighbors":65,"Gi_Bin":0}},{"type":"Feature","id":1292,"geometry":{"type":"Point","coordinates":[93.454127000000085,26.667443000000048]},"properties":{"OBJECTID":1292,"SOURCE_ID":1292,"gbifID":2626426952,"GiZScore":-2.3464431787305022,"GiPValue":0.018953555916428881,"NNeighbors":14,"Gi_Bin":-1}},{"type":"Feature","id":1293,"geometry":{"type":"Point","coordinates":[80.793492000000072,22.102341000000024]},"properties":{"OBJECTID":1293,"SOURCE_ID":1293,"gbifID":4400410866,"GiZScore":0.077038518992856256,"GiPValue":0.9385929022812648,"NNeighbors":90,"Gi_Bin":0}},{"type":"Feature","id":1294,"geometry":{"type":"Point","coordinates":[78.964590000000044,29.411190000000033]},"properties":{"OBJECTID":1294,"SOURCE_ID":1294,"gbifID":4851780269,"GiZScore":0.077451958910408292,"GiPValue":0.93826400765049078,"NNeighbors":83,"Gi_Bin":0}},{"type":"Feature","id":1295,"geometry":{"type":"Point","coordinates":[93.460525000000075,26.375851000000068]},"properties":{"OBJECTID":1295,"SOURCE_ID":1295,"gbifID":3887847064,"GiZScore":0.66433364137290907,"GiPValue":0.50647679831172265,"NNeighbors":10,"Gi_Bin":0}},{"type":"Feature","id":1296,"geometry":{"type":"Point","coordinates":[80.831879000000072,23.648702000000071]},"properties":{"OBJECTID":1296,"SOURCE_ID":1296,"gbifID":4177249505,"GiZScore":0.48196439837290167,"GiPValue":0.62983123889411641,"NNeighbors":152,"Gi_Bin":0}},{"type":"Feature","id":1297,"geometry":{"type":"Point","coordinates":[80.926347000000078,23.797175000000038]},"properties":{"OBJECTID":1297,"SOURCE_ID":1297,"gbifID":4177374942,"GiZScore":0.79488185682253565,"GiPValue":0.42668223611471845,"NNeighbors":183,"Gi_Bin":0}},{"type":"Feature","id":1298,"geometry":{"type":"Point","coordinates":[80.801377000000059,23.750296000000048]},"properties":{"OBJECTID":1298,"SOURCE_ID":1298,"gbifID":4177387018,"GiZScore":1.1751813154926412,"GiPValue":0.23992220443372103,"NNeighbors":146,"Gi_Bin":0}},{"type":"Feature","id":1299,"geometry":{"type":"Point","coordinates":[80.86136300000004,23.702360000000056]},"properties":{"OBJECTID":1299,"SOURCE_ID":1299,"gbifID":4177419264,"GiZScore":0.32331449867215428,"GiPValue":0.74645707532137751,"NNeighbors":167,"Gi_Bin":0}},{"type":"Feature","id":1300,"geometry":{"type":"Point","coordinates":[80.825121000000081,23.688683000000026]},"properties":{"OBJECTID":1300,"SOURCE_ID":1300,"gbifID":4458687822,"GiZScore":0.86109207244843067,"GiPValue":0.38918734390686938,"NNeighbors":153,"Gi_Bin":0}},{"type":"Feature","id":1301,"geometry":{"type":"Point","coordinates":[80.935967000000062,23.753644000000065]},"properties":{"OBJECTID":1301,"SOURCE_ID":1301,"gbifID":4851773829,"GiZScore":0.68962896918028915,"GiPValue":0.49042754960993318,"NNeighbors":196,"Gi_Bin":0}},{"type":"Feature","id":1302,"geometry":{"type":"Point","coordinates":[80.986656000000039,23.982866000000058]},"properties":{"OBJECTID":1302,"SOURCE_ID":1302,"gbifID":4851996384,"GiZScore":1.1866132601092039,"GiPValue":0.23538022428895289,"NNeighbors":17,"Gi_Bin":0}},{"type":"Feature","id":1303,"geometry":{"type":"Point","coordinates":[80.914764000000048,23.943775000000073]},"properties":{"OBJECTID":1303,"SOURCE_ID":1303,"gbifID":4852957193,"GiZScore":0.78233031161947364,"GiPValue":0.43402048414824412,"NNeighbors":39,"Gi_Bin":0}},{"type":"Feature","id":1304,"geometry":{"type":"Point","coordinates":[80.928537000000063,23.875075000000038]},"properties":{"OBJECTID":1304,"SOURCE_ID":1304,"gbifID":4853082433,"GiZScore":0.51729558663860409,"GiPValue":0.60494983647729239,"NNeighbors":150,"Gi_Bin":0}},{"type":"Feature","id":1305,"geometry":{"type":"Point","coordinates":[76.488799000000029,11.50999900000005]},"properties":{"OBJECTID":1305,"SOURCE_ID":1305,"gbifID":2311347987,"GiZScore":-1.3421712518872593,"GiPValue":0.17954047544732604,"NNeighbors":7,"Gi_Bin":0}},{"type":"Feature","id":1306,"geometry":{"type":"Point","coordinates":[81.11594400000007,23.672300000000064]},"properties":{"OBJECTID":1306,"SOURCE_ID":1306,"gbifID":4076072731,"GiZScore":1.7816082597495433,"GiPValue":0.074813136547330142,"NNeighbors":188,"Gi_Bin":0}},{"type":"Feature","id":1307,"geometry":{"type":"Point","coordinates":[81.18540900000005,23.743670000000066]},"properties":{"OBJECTID":1307,"SOURCE_ID":1307,"gbifID":4076100898,"GiZScore":1.8457630692263947,"GiPValue":0.064926615093367307,"NNeighbors":168,"Gi_Bin":0}},{"type":"Feature","id":1308,"geometry":{"type":"Point","coordinates":[76.477660000000071,25.902323000000024]},"properties":{"OBJECTID":1308,"SOURCE_ID":1308,"gbifID":5935212507,"GiZScore":-1.5139962995626266,"GiPValue":0.13002677802068116,"NNeighbors":184,"Gi_Bin":0}},{"type":"Feature","id":1309,"geometry":{"type":"Point","coordinates":[80.794905000000085,22.279322000000036]},"properties":{"OBJECTID":1309,"SOURCE_ID":1309,"gbifID":891133763,"GiZScore":-1.8151477389721966,"GiPValue":0.069501208485155383,"NNeighbors":81,"Gi_Bin":0}},{"type":"Feature","id":1310,"geometry":{"type":"Point","coordinates":[88.775213000000065,21.999580000000037]},"properties":{"OBJECTID":1310,"SOURCE_ID":1310,"gbifID":3887845414,"GiZScore":1.42137303640734,"GiPValue":0.15520834090559962,"NNeighbors":53,"Gi_Bin":0}},{"type":"Feature","id":1311,"geometry":{"type":"Point","coordinates":[81.088968000000079,23.704949000000056]},"properties":{"OBJECTID":1311,"SOURCE_ID":1311,"gbifID":2826267223,"GiZScore":1.4579319729690894,"GiPValue":0.14485929465758884,"NNeighbors":193,"Gi_Bin":0}},{"type":"Feature","id":1312,"geometry":{"type":"Point","coordinates":[80.996014000000059,23.723740000000078]},"properties":{"OBJECTID":1312,"SOURCE_ID":1312,"gbifID":2856478046,"GiZScore":1.021300697982737,"GiPValue":0.30711201003097366,"NNeighbors":208,"Gi_Bin":0}},{"type":"Feature","id":1313,"geometry":{"type":"Point","coordinates":[80.91531800000007,23.742603000000031]},"properties":{"OBJECTID":1313,"SOURCE_ID":1313,"gbifID":2856520009,"GiZScore":0.5945923599772398,"GiPValue":0.55211599130824185,"NNeighbors":186,"Gi_Bin":0}},{"type":"Feature","id":1314,"geometry":{"type":"Point","coordinates":[79.373626000000058,20.201740000000029]},"properties":{"OBJECTID":1314,"SOURCE_ID":1314,"gbifID":2901779699,"GiZScore":3.2498010569344631,"GiPValue":0.0011548576759380503,"NNeighbors":245,"Gi_Bin":2}},{"type":"Feature","id":1315,"geometry":{"type":"Point","coordinates":[80.642733000000078,21.939914000000044]},"properties":{"OBJECTID":1315,"SOURCE_ID":1315,"gbifID":3887847013,"GiZScore":1.8110436804545853,"GiPValue":0.070134090409702574,"NNeighbors":61,"Gi_Bin":0}},{"type":"Feature","id":1316,"geometry":{"type":"Point","coordinates":[79.217384000000038,20.357617000000062]},"properties":{"OBJECTID":1316,"SOURCE_ID":1316,"gbifID":2850549047,"GiZScore":2.675921278512905,"GiPValue":0.0074524147338703318,"NNeighbors":226,"Gi_Bin":2}},{"type":"Feature","id":1317,"geometry":{"type":"Point","coordinates":[79.499418000000048,22.118240000000071]},"properties":{"OBJECTID":1317,"SOURCE_ID":1317,"gbifID":2851023001,"GiZScore":-1.0226045692266763,"GiPValue":0.30649486257966596,"NNeighbors":3,"Gi_Bin":0}},{"type":"Feature","id":1318,"geometry":{"type":"Point","coordinates":[80.593045000000075,22.22736100000003]},"properties":{"OBJECTID":1318,"SOURCE_ID":1318,"gbifID":4400445963,"GiZScore":-1.3439151286669291,"GiPValue":0.17897583328369712,"NNeighbors":101,"Gi_Bin":0}},{"type":"Feature","id":1319,"geometry":{"type":"Point","coordinates":[79.049130000000048,29.577274000000045]},"properties":{"OBJECTID":1319,"SOURCE_ID":1319,"gbifID":2574157081,"GiZScore":-0.49519950893441084,"GiPValue":0.62045929904056552,"NNeighbors":88,"Gi_Bin":0}},{"type":"Feature","id":1320,"geometry":{"type":"Point","coordinates":[79.198966000000041,29.551684000000023]},"properties":{"OBJECTID":1320,"SOURCE_ID":1320,"gbifID":2611018407,"GiZScore":-0.93412168709872168,"GiPValue":0.35024113727862138,"NNeighbors":42,"Gi_Bin":0}},{"type":"Feature","id":1321,"geometry":{"type":"Point","coordinates":[79.044988000000046,29.597484000000065]},"properties":{"OBJECTID":1321,"SOURCE_ID":1321,"gbifID":2813864468,"GiZScore":-0.70968224318838857,"GiPValue":0.47790121107173178,"NNeighbors":91,"Gi_Bin":0}},{"type":"Feature","id":1322,"geometry":{"type":"Point","coordinates":[80.706478000000061,22.269101000000035]},"properties":{"OBJECTID":1322,"SOURCE_ID":1322,"gbifID":2826528221,"GiZScore":-2.0269718247827355,"GiPValue":0.042665294189733208,"NNeighbors":96,"Gi_Bin":0}},{"type":"Feature","id":1323,"geometry":{"type":"Point","coordinates":[81.023449000000085,23.725068000000078]},"properties":{"OBJECTID":1323,"SOURCE_ID":1323,"gbifID":3887846047,"GiZScore":0.91551857513806412,"GiPValue":0.35991946603810143,"NNeighbors":207,"Gi_Bin":0}},{"type":"Feature","id":1324,"geometry":{"type":"Point","coordinates":[76.516331000000037,26.120930000000044]},"properties":{"OBJECTID":1324,"SOURCE_ID":1324,"gbifID":4535628197,"GiZScore":-3.6532915793139762,"GiPValue":0.00025889994916188845,"NNeighbors":201,"Gi_Bin":-3}},{"type":"Feature","id":1325,"geometry":{"type":"Point","coordinates":[78.908383000000072,29.535258000000056]},"properties":{"OBJECTID":1325,"SOURCE_ID":1325,"gbifID":4535687685,"GiZScore":-0.92884709863002946,"GiPValue":0.35296834290435808,"NNeighbors":98,"Gi_Bin":0}},{"type":"Feature","id":1326,"geometry":{"type":"Point","coordinates":[78.895740000000046,29.530832000000032]},"properties":{"OBJECTID":1326,"SOURCE_ID":1326,"gbifID":4535944736,"GiZScore":-1.059498887118449,"GiPValue":0.28937265147370661,"NNeighbors":99,"Gi_Bin":0}},{"type":"Feature","id":1327,"geometry":{"type":"Point","coordinates":[81.013351000000057,23.663864000000046]},"properties":{"OBJECTID":1327,"SOURCE_ID":1327,"gbifID":5016031526,"GiZScore":0.91165165228676592,"GiPValue":0.36195213292050099,"NNeighbors":208,"Gi_Bin":0}},{"type":"Feature","id":1328,"geometry":{"type":"Point","coordinates":[81.013351000000057,23.663864000000046]},"properties":{"OBJECTID":1328,"SOURCE_ID":1328,"gbifID":5018348785,"GiZScore":0.91165165228676592,"GiPValue":0.36195213292050099,"NNeighbors":208,"Gi_Bin":0}},{"type":"Feature","id":1329,"geometry":{"type":"Point","coordinates":[81.013351000000057,23.663864000000046]},"properties":{"OBJECTID":1329,"SOURCE_ID":1329,"gbifID":5027725196,"GiZScore":0.91165165228676592,"GiPValue":0.36195213292050099,"NNeighbors":208,"Gi_Bin":0}},{"type":"Feature","id":1330,"geometry":{"type":"Point","coordinates":[80.613284000000078,22.324922000000072]},"properties":{"OBJECTID":1330,"SOURCE_ID":1330,"gbifID":5087239597,"GiZScore":-1.7425552152086008,"GiPValue":0.081411338680647025,"NNeighbors":100,"Gi_Bin":0}},{"type":"Feature","id":1331,"geometry":{"type":"Point","coordinates":[76.475468000000035,26.024514000000067]},"properties":{"OBJECTID":1331,"SOURCE_ID":1331,"gbifID":1837777662,"GiZScore":-3.1057614059489556,"GiPValue":0.001897897856263704,"NNeighbors":220,"Gi_Bin":-2}},{"type":"Feature","id":1332,"geometry":{"type":"Point","coordinates":[80.778567000000066,22.267107000000067]},"properties":{"OBJECTID":1332,"SOURCE_ID":1332,"gbifID":2826248273,"GiZScore":-1.9892151761576016,"GiPValue":0.046677457512321087,"NNeighbors":84,"Gi_Bin":0}},{"type":"Feature","id":1333,"geometry":{"type":"Point","coordinates":[80.601818000000037,22.311913000000061]},"properties":{"OBJECTID":1333,"SOURCE_ID":1333,"gbifID":2826529199,"GiZScore":-1.7164911898563961,"GiPValue":0.086072179094191986,"NNeighbors":100,"Gi_Bin":0}},{"type":"Feature","id":1334,"geometry":{"type":"Point","coordinates":[81.169640000000072,23.660285000000044]},"properties":{"OBJECTID":1334,"SOURCE_ID":1334,"gbifID":2826544133,"GiZScore":1.9879343374480107,"GiPValue":0.046818952522381399,"NNeighbors":172,"Gi_Bin":0}},{"type":"Feature","id":1335,"geometry":{"type":"Point","coordinates":[80.82440900000006,23.635714000000064]},"properties":{"OBJECTID":1335,"SOURCE_ID":1335,"gbifID":2856488032,"GiZScore":0.25006322987734514,"GiPValue":0.80253845130128665,"NNeighbors":148,"Gi_Bin":0}},{"type":"Feature","id":1336,"geometry":{"type":"Point","coordinates":[80.811149000000057,23.680864000000042]},"properties":{"OBJECTID":1336,"SOURCE_ID":1336,"gbifID":2856496036,"GiZScore":0.33565421153457559,"GiPValue":0.73713163891291633,"NNeighbors":146,"Gi_Bin":0}},{"type":"Feature","id":1337,"geometry":{"type":"Point","coordinates":[80.816725000000076,23.739932000000067]},"properties":{"OBJECTID":1337,"SOURCE_ID":1337,"gbifID":2856513065,"GiZScore":1.1085720808710682,"GiPValue":0.26761484552485881,"NNeighbors":149,"Gi_Bin":0}},{"type":"Feature","id":1338,"geometry":{"type":"Point","coordinates":[80.988900000000058,23.688588000000038]},"properties":{"OBJECTID":1338,"SOURCE_ID":1338,"gbifID":2856535067,"GiZScore":1.021300697982737,"GiPValue":0.30711201003097366,"NNeighbors":208,"Gi_Bin":0}},{"type":"Feature","id":1339,"geometry":{"type":"Point","coordinates":[80.855070000000069,23.738134000000059]},"properties":{"OBJECTID":1339,"SOURCE_ID":1339,"gbifID":2856555047,"GiZScore":0.65406869312777072,"GiPValue":0.51306755427540329,"NNeighbors":163,"Gi_Bin":0}},{"type":"Feature","id":1340,"geometry":{"type":"Point","coordinates":[80.969094000000041,23.755660000000034]},"properties":{"OBJECTID":1340,"SOURCE_ID":1340,"gbifID":2856560041,"GiZScore":0.95167511718987219,"GiPValue":0.3412617842210437,"NNeighbors":204,"Gi_Bin":0}},{"type":"Feature","id":1341,"geometry":{"type":"Point","coordinates":[80.932738000000029,23.767258000000027]},"properties":{"OBJECTID":1341,"SOURCE_ID":1341,"gbifID":2856562043,"GiZScore":0.61277260974609082,"GiPValue":0.54002670746547143,"NNeighbors":188,"Gi_Bin":0}},{"type":"Feature","id":1342,"geometry":{"type":"Point","coordinates":[80.952427000000057,23.766048000000069]},"properties":{"OBJECTID":1342,"SOURCE_ID":1342,"gbifID":2856657035,"GiZScore":0.80091559842869142,"GiPValue":0.42318051645370813,"NNeighbors":197,"Gi_Bin":0}},{"type":"Feature","id":1343,"geometry":{"type":"Point","coordinates":[80.973050000000057,23.695640000000026]},"properties":{"OBJECTID":1343,"SOURCE_ID":1343,"gbifID":2856695047,"GiZScore":1.021300697982737,"GiPValue":0.30711201003097366,"NNeighbors":208,"Gi_Bin":0}},{"type":"Feature","id":1344,"geometry":{"type":"Point","coordinates":[80.985329000000036,23.634911000000045]},"properties":{"OBJECTID":1344,"SOURCE_ID":1344,"gbifID":2856697003,"GiZScore":0.83488056477866934,"GiPValue":0.4037849667286143,"NNeighbors":209,"Gi_Bin":0}},{"type":"Feature","id":1345,"geometry":{"type":"Point","coordinates":[80.954899000000069,23.704680000000053]},"properties":{"OBJECTID":1345,"SOURCE_ID":1345,"gbifID":2856719009,"GiZScore":0.87567776626909355,"GiPValue":0.38120524495688601,"NNeighbors":205,"Gi_Bin":0}},{"type":"Feature","id":1346,"geometry":{"type":"Point","coordinates":[79.356892000000073,20.291409000000044]},"properties":{"OBJECTID":1346,"SOURCE_ID":1346,"gbifID":2850996996,"GiZScore":3.0391738759537721,"GiPValue":0.0023722789339512707,"NNeighbors":250,"Gi_Bin":2}},{"type":"Feature","id":1347,"geometry":{"type":"Point","coordinates":[76.307387000000062,26.09516700000006]},"properties":{"OBJECTID":1347,"SOURCE_ID":1347,"gbifID":2311315574,"GiZScore":-4.2199140257668244,"GiPValue":2.4439550269347304e-05,"NNeighbors":175,"Gi_Bin":-3}},{"type":"Feature","id":1348,"geometry":{"type":"Point","coordinates":[79.400000000000034,20.266660000000059]},"properties":{"OBJECTID":1348,"SOURCE_ID":1348,"gbifID":3887847125,"GiZScore":2.9527918577652663,"GiPValue":0.0031491422120901152,"NNeighbors":250,"Gi_Bin":2}},{"type":"Feature","id":1349,"geometry":{"type":"Point","coordinates":[76.492310000000032,25.996317000000033]},"properties":{"OBJECTID":1349,"SOURCE_ID":1349,"gbifID":5015960645,"GiZScore":-2.7774700691077578,"GiPValue":0.0054783885461940187,"NNeighbors":220,"Gi_Bin":-2}},{"type":"Feature","id":1350,"geometry":{"type":"Point","coordinates":[76.515030000000081,26.07061200000004]},"properties":{"OBJECTID":1350,"SOURCE_ID":1350,"gbifID":2543035259,"GiZScore":-3.2861187472711104,"GiPValue":0.0010157817805627504,"NNeighbors":210,"Gi_Bin":-2}},{"type":"Feature","id":1351,"geometry":{"type":"Point","coordinates":[80.905539000000033,23.741149000000064]},"properties":{"OBJECTID":1351,"SOURCE_ID":1351,"gbifID":4177309407,"GiZScore":0.65805130187968963,"GiPValue":0.51050517058912315,"NNeighbors":182,"Gi_Bin":0}},{"type":"Feature","id":1352,"geometry":{"type":"Point","coordinates":[76.412978000000066,26.075486000000069]},"properties":{"OBJECTID":1352,"SOURCE_ID":1352,"gbifID":2429222100,"GiZScore":-4.0301397964678989,"GiPValue":5.5743690378757984e-05,"NNeighbors":213,"Gi_Bin":-3}},{"type":"Feature","id":1353,"geometry":{"type":"Point","coordinates":[81.13731000000007,23.680560000000071]},"properties":{"OBJECTID":1353,"SOURCE_ID":1353,"gbifID":2826475218,"GiZScore":1.9913159365130186,"GiPValue":0.046446164506149475,"NNeighbors":184,"Gi_Bin":0}},{"type":"Feature","id":1354,"geometry":{"type":"Point","coordinates":[81.070504000000085,23.662295000000029]},"properties":{"OBJECTID":1354,"SOURCE_ID":1354,"gbifID":2826515111,"GiZScore":1.4034943074703734,"GiPValue":0.16046948830057819,"NNeighbors":196,"Gi_Bin":0}},{"type":"Feature","id":1355,"geometry":{"type":"Point","coordinates":[80.897375000000068,23.753574000000071]},"properties":{"OBJECTID":1355,"SOURCE_ID":1355,"gbifID":2856770008,"GiZScore":0.73318774836314227,"GiPValue":0.46344393238352966,"NNeighbors":176,"Gi_Bin":0}},{"type":"Feature","id":1356,"geometry":{"type":"Point","coordinates":[80.917989000000034,23.713063000000034]},"properties":{"OBJECTID":1356,"SOURCE_ID":1356,"gbifID":2856773050,"GiZScore":0.59396914498619924,"GiPValue":0.55253275332568674,"NNeighbors":191,"Gi_Bin":0}},{"type":"Feature","id":1357,"geometry":{"type":"Point","coordinates":[80.531826000000081,22.339730000000031]},"properties":{"OBJECTID":1357,"SOURCE_ID":1357,"gbifID":4527936043,"GiZScore":-1.3289969760462657,"GiPValue":0.18384896754160235,"NNeighbors":86,"Gi_Bin":0}},{"type":"Feature","id":1358,"geometry":{"type":"Point","coordinates":[92.824115000000063,26.543535000000077]},"properties":{"OBJECTID":1358,"SOURCE_ID":1358,"gbifID":5759904755,"GiZScore":1.183370166701742,"GiPValue":0.23666249648245086,"NNeighbors":2,"Gi_Bin":0}},{"type":"Feature","id":1359,"geometry":{"type":"Point","coordinates":[88.867629000000079,21.904322000000036]},"properties":{"OBJECTID":1359,"SOURCE_ID":1359,"gbifID":3887845945,"GiZScore":1.6024239430859355,"GiPValue":0.10906189373731043,"NNeighbors":51,"Gi_Bin":0}},{"type":"Feature","id":1360,"geometry":{"type":"Point","coordinates":[93.290918000000033,26.56592500000005]},"properties":{"OBJECTID":1360,"SOURCE_ID":1360,"gbifID":3887847347,"GiZScore":-2.1076915908433516,"GiPValue":0.035057675165481937,"NNeighbors":14,"Gi_Bin":-1}},{"type":"Feature","id":1361,"geometry":{"type":"Point","coordinates":[81.127300000000048,23.74761600000005]},"properties":{"OBJECTID":1361,"SOURCE_ID":1361,"gbifID":4442576352,"GiZScore":1.7669881546003383,"GiPValue":0.077230212102066501,"NNeighbors":185,"Gi_Bin":0}},{"type":"Feature","id":1362,"geometry":{"type":"Point","coordinates":[78.963468000000034,29.581280000000049]},"properties":{"OBJECTID":1362,"SOURCE_ID":1362,"gbifID":4506230589,"GiZScore":-0.63630040162536694,"GiPValue":0.52458064698197027,"NNeighbors":97,"Gi_Bin":0}},{"type":"Feature","id":1363,"geometry":{"type":"Point","coordinates":[76.434290000000033,26.141717000000028]},"properties":{"OBJECTID":1363,"SOURCE_ID":1363,"gbifID":4506244602,"GiZScore":-4.4364252079868916,"GiPValue":9.1465093569071148e-06,"NNeighbors":200,"Gi_Bin":-3}},{"type":"Feature","id":1364,"geometry":{"type":"Point","coordinates":[76.556301000000076,26.019377000000077]},"properties":{"OBJECTID":1364,"SOURCE_ID":1364,"gbifID":4506384572,"GiZScore":-2.6346242783045284,"GiPValue":0.0084230462392310274,"NNeighbors":214,"Gi_Bin":-2}},{"type":"Feature","id":1365,"geometry":{"type":"Point","coordinates":[80.608063000000072,22.411030000000039]},"properties":{"OBJECTID":1365,"SOURCE_ID":1365,"gbifID":5018440116,"GiZScore":-2.249470977853985,"GiPValue":0.02448254726014109,"NNeighbors":92,"Gi_Bin":-1}},{"type":"Feature","id":1366,"geometry":{"type":"Point","coordinates":[80.608063000000072,22.411030000000039]},"properties":{"OBJECTID":1366,"SOURCE_ID":1366,"gbifID":5019171731,"GiZScore":-2.249470977853985,"GiPValue":0.02448254726014109,"NNeighbors":92,"Gi_Bin":-1}},{"type":"Feature","id":1367,"geometry":{"type":"Point","coordinates":[80.632188000000042,22.098048000000063]},"properties":{"OBJECTID":1367,"SOURCE_ID":1367,"gbifID":4075959339,"GiZScore":-0.4900568332792255,"GiPValue":0.6240936845191678,"NNeighbors":109,"Gi_Bin":0}},{"type":"Feature","id":1368,"geometry":{"type":"Point","coordinates":[81.069841000000054,23.790218000000039]},"properties":{"OBJECTID":1368,"SOURCE_ID":1368,"gbifID":4075789332,"GiZScore":1.460301942496866,"GiPValue":0.1442071084339398,"NNeighbors":195,"Gi_Bin":0}},{"type":"Feature","id":1369,"geometry":{"type":"Point","coordinates":[81.112741000000085,23.616377000000057]},"properties":{"OBJECTID":1369,"SOURCE_ID":1369,"gbifID":4076335331,"GiZScore":1.7225380003304975,"GiPValue":0.084972105209384363,"NNeighbors":184,"Gi_Bin":0}},{"type":"Feature","id":1370,"geometry":{"type":"Point","coordinates":[80.701628000000085,22.376207000000022]},"properties":{"OBJECTID":1370,"SOURCE_ID":1370,"gbifID":2826506203,"GiZScore":-2.0121365311249657,"GiPValue":0.044205546726738251,"NNeighbors":92,"Gi_Bin":0}},{"type":"Feature","id":1371,"geometry":{"type":"Point","coordinates":[81.164605000000051,23.698435000000075]},"properties":{"OBJECTID":1371,"SOURCE_ID":1371,"gbifID":2851015001,"GiZScore":1.9012346378330789,"GiPValue":0.057271286030216383,"NNeighbors":173,"Gi_Bin":0}},{"type":"Feature","id":1372,"geometry":{"type":"Point","coordinates":[80.709805000000074,22.228536000000076]},"properties":{"OBJECTID":1372,"SOURCE_ID":1372,"gbifID":2862443003,"GiZScore":-1.6315007651325184,"GiPValue":0.10278469853438163,"NNeighbors":97,"Gi_Bin":0}},{"type":"Feature","id":1373,"geometry":{"type":"Point","coordinates":[79.604164000000083,22.039869000000067]},"properties":{"OBJECTID":1373,"SOURCE_ID":1373,"gbifID":2898418926,"GiZScore":-1.0226045692266763,"GiPValue":0.30649486257966596,"NNeighbors":3,"Gi_Bin":0}},{"type":"Feature","id":1374,"geometry":{"type":"Point","coordinates":[81.084433000000047,23.753745000000038]},"properties":{"OBJECTID":1374,"SOURCE_ID":1374,"gbifID":2826229255,"GiZScore":1.4669589186906109,"GiPValue":0.14238723110984733,"NNeighbors":194,"Gi_Bin":0}},{"type":"Feature","id":1375,"geometry":{"type":"Point","coordinates":[80.830447000000049,23.75050600000003]},"properties":{"OBJECTID":1375,"SOURCE_ID":1375,"gbifID":2862501016,"GiZScore":0.94704963043217638,"GiPValue":0.34361350109282063,"NNeighbors":155,"Gi_Bin":0}},{"type":"Feature","id":1376,"geometry":{"type":"Point","coordinates":[81.017718000000059,23.722092000000032]},"properties":{"OBJECTID":1376,"SOURCE_ID":1376,"gbifID":3887846089,"GiZScore":1.021300697982737,"GiPValue":0.30711201003097366,"NNeighbors":208,"Gi_Bin":0}},{"type":"Feature","id":1377,"geometry":{"type":"Point","coordinates":[77.003246000000047,11.903795000000059]},"properties":{"OBJECTID":1377,"SOURCE_ID":1377,"gbifID":4519061009,"GiZScore":0.94585623367629745,"GiPValue":0.34422193052521444,"NNeighbors":1,"Gi_Bin":0}},{"type":"Feature","id":1378,"geometry":{"type":"Point","coordinates":[80.477945000000034,22.374312000000032]},"properties":{"OBJECTID":1378,"SOURCE_ID":1378,"gbifID":5108190259,"GiZScore":-0.30680653585253337,"GiPValue":0.75899063359144725,"NNeighbors":64,"Gi_Bin":0}},{"type":"Feature","id":1379,"geometry":{"type":"Point","coordinates":[81.128219000000058,23.744180000000028]},"properties":{"OBJECTID":1379,"SOURCE_ID":1379,"gbifID":5903711600,"GiZScore":1.6655147779618102,"GiPValue":0.095810097803514072,"NNeighbors":184,"Gi_Bin":0}},{"type":"Feature","id":1380,"geometry":{"type":"Point","coordinates":[80.200212000000079,23.411507000000029]},"properties":{"OBJECTID":1380,"SOURCE_ID":1380,"gbifID":1143565695,"GiZScore":-2.9923856924730421,"GiPValue":0.0027680630612375522,"NNeighbors":1,"Gi_Bin":-2}},{"type":"Feature","id":1381,"geometry":{"type":"Point","coordinates":[76.533240000000035,26.10663100000005]},"properties":{"OBJECTID":1381,"SOURCE_ID":1381,"gbifID":4516832624,"GiZScore":-3.6894064125571764,"GiPValue":0.00022477789589020534,"NNeighbors":203,"Gi_Bin":-3}},{"type":"Feature","id":1382,"geometry":{"type":"Point","coordinates":[76.571105000000045,26.03420600000004]},"properties":{"OBJECTID":1382,"SOURCE_ID":1382,"gbifID":4516908960,"GiZScore":-2.8088864984497159,"GiPValue":0.0049713169847471553,"NNeighbors":212,"Gi_Bin":-2}},{"type":"Feature","id":1383,"geometry":{"type":"Point","coordinates":[76.492310000000032,25.996317000000033]},"properties":{"OBJECTID":1383,"SOURCE_ID":1383,"gbifID":5023805477,"GiZScore":-2.7774700691077578,"GiPValue":0.0054783885461940187,"NNeighbors":220,"Gi_Bin":-2}},{"type":"Feature","id":1384,"geometry":{"type":"Point","coordinates":[76.492310000000032,25.996317000000033]},"properties":{"OBJECTID":1384,"SOURCE_ID":1384,"gbifID":5027416222,"GiZScore":-2.7774700691077578,"GiPValue":0.0054783885461940187,"NNeighbors":220,"Gi_Bin":-2}},{"type":"Feature","id":1385,"geometry":{"type":"Point","coordinates":[78.788107000000082,29.661265000000071]},"properties":{"OBJECTID":1385,"SOURCE_ID":1385,"gbifID":3902108226,"GiZScore":-1.1763974002244504,"GiPValue":0.23943613086478432,"NNeighbors":63,"Gi_Bin":0}},{"type":"Feature","id":1386,"geometry":{"type":"Point","coordinates":[81.069108000000085,23.755708000000027]},"properties":{"OBJECTID":1386,"SOURCE_ID":1386,"gbifID":2826430885,"GiZScore":1.3876934503814213,"GiPValue":0.16523041128265056,"NNeighbors":195,"Gi_Bin":0}},{"type":"Feature","id":1387,"geometry":{"type":"Point","coordinates":[81.120528000000036,23.607384000000025]},"properties":{"OBJECTID":1387,"SOURCE_ID":1387,"gbifID":2826434847,"GiZScore":1.7787972991218164,"GiPValue":0.075273000162943485,"NNeighbors":181,"Gi_Bin":0}},{"type":"Feature","id":1388,"geometry":{"type":"Point","coordinates":[80.748793000000035,22.324401000000023]},"properties":{"OBJECTID":1388,"SOURCE_ID":1388,"gbifID":2826486851,"GiZScore":-2.226489382082224,"GiPValue":0.025981419411147469,"NNeighbors":89,"Gi_Bin":-1}},{"type":"Feature","id":1389,"geometry":{"type":"Point","coordinates":[80.683781000000067,22.238769000000048]},"properties":{"OBJECTID":1389,"SOURCE_ID":1389,"gbifID":2826491834,"GiZScore":-1.7647926524747066,"GiPValue":0.077598619974057897,"NNeighbors":100,"Gi_Bin":0}},{"type":"Feature","id":1390,"geometry":{"type":"Point","coordinates":[80.738112000000058,22.299296000000027]},"properties":{"OBJECTID":1390,"SOURCE_ID":1390,"gbifID":2826523872,"GiZScore":-1.96421410618589,"GiPValue":0.049505267624151958,"NNeighbors":94,"Gi_Bin":0}},{"type":"Feature","id":1391,"geometry":{"type":"Point","coordinates":[81.129015000000038,23.609706000000074]},"properties":{"OBJECTID":1391,"SOURCE_ID":1391,"gbifID":5008423545,"GiZScore":1.8444082616659223,"GiPValue":0.065123664201235845,"NNeighbors":178,"Gi_Bin":0}},{"type":"Feature","id":1392,"geometry":{"type":"Point","coordinates":[76.473052000000052,25.880803000000071]},"properties":{"OBJECTID":1392,"SOURCE_ID":1392,"gbifID":3455351725,"GiZScore":-1.4516443232704814,"GiPValue":0.14660052777912247,"NNeighbors":164,"Gi_Bin":0}},{"type":"Feature","id":1393,"geometry":{"type":"Point","coordinates":[80.546434000000033,23.431257000000073]},"properties":{"OBJECTID":1393,"SOURCE_ID":1393,"gbifID":1807324620,"GiZScore":-3.6947971567626592,"GiPValue":0.00022006239627254221,"NNeighbors":2,"Gi_Bin":-3}},{"type":"Feature","id":1397,"geometry":{"type":"Point","coordinates":[79.206511000000035,20.316839000000073]},"properties":{"OBJECTID":1397,"SOURCE_ID":1397,"gbifID":4176914803,"GiZScore":2.9470674906001433,"GiPValue":0.0032080317768063437,"NNeighbors":227,"Gi_Bin":2}},{"type":"Feature","id":1398,"geometry":{"type":"Point","coordinates":[76.497318000000064,26.167644000000053]},"properties":{"OBJECTID":1398,"SOURCE_ID":1398,"gbifID":2814180060,"GiZScore":-4.4267593345305407,"GiPValue":9.5659358207238025e-06,"NNeighbors":193,"Gi_Bin":-3}},{"type":"Feature","id":1400,"geometry":{"type":"Point","coordinates":[81.125558000000069,23.614130000000046]},"properties":{"OBJECTID":1400,"SOURCE_ID":1400,"gbifID":4103479518,"GiZScore":1.7787972991218164,"GiPValue":0.075273000162943485,"NNeighbors":181,"Gi_Bin":0}},{"type":"Feature","id":1401,"geometry":{"type":"Point","coordinates":[76.450112000000047,26.058560000000057]},"properties":{"OBJECTID":1401,"SOURCE_ID":1401,"gbifID":2563514585,"GiZScore":-3.6124585226903183,"GiPValue":0.00030330763307324129,"NNeighbors":215,"Gi_Bin":-3}},{"type":"Feature","id":1402,"geometry":{"type":"Point","coordinates":[76.492310000000032,25.996317000000033]},"properties":{"OBJECTID":1402,"SOURCE_ID":1402,"gbifID":5016479470,"GiZScore":-2.7774700691077578,"GiPValue":0.0054783885461940187,"NNeighbors":220,"Gi_Bin":-2}},{"type":"Feature","id":1403,"geometry":{"type":"Point","coordinates":[76.566409000000078,25.967155000000048]},"properties":{"OBJECTID":1403,"SOURCE_ID":1403,"gbifID":5087916458,"GiZScore":-2.5339174987316957,"GiPValue":0.011279528448716384,"NNeighbors":203,"Gi_Bin":-2}},{"type":"Feature","id":1404,"geometry":{"type":"Point","coordinates":[80.676355000000058,22.310438000000033]},"properties":{"OBJECTID":1404,"SOURCE_ID":1404,"gbifID":2826328652,"GiZScore":-1.9110777495704734,"GiPValue":0.055994590075291693,"NNeighbors":101,"Gi_Bin":0}},{"type":"Feature","id":1405,"geometry":{"type":"Point","coordinates":[80.613466000000074,22.229374000000064]},"properties":{"OBJECTID":1405,"SOURCE_ID":1405,"gbifID":2826447566,"GiZScore":-1.4888276925484698,"GiPValue":0.13653274806601698,"NNeighbors":103,"Gi_Bin":0}},{"type":"Feature","id":1406,"geometry":{"type":"Point","coordinates":[81.035044000000084,23.712399000000062]},"properties":{"OBJECTID":1406,"SOURCE_ID":1406,"gbifID":3859152002,"GiZScore":0.91551857513806412,"GiPValue":0.35991946603810143,"NNeighbors":207,"Gi_Bin":0}},{"type":"Feature","id":1407,"geometry":{"type":"Point","coordinates":[76.465803000000051,26.126940000000047]},"properties":{"OBJECTID":1407,"SOURCE_ID":1407,"gbifID":4925932644,"GiZScore":-3.7481614946920985,"GiPValue":0.000178135547313747,"NNeighbors":200,"Gi_Bin":-3}},{"type":"Feature","id":1408,"geometry":{"type":"Point","coordinates":[76.405326000000059,26.174034000000063]},"properties":{"OBJECTID":1408,"SOURCE_ID":1408,"gbifID":4925967423,"GiZScore":-5.1870899339424978,"GiPValue":2.1360559197901454e-07,"NNeighbors":191,"Gi_Bin":-3}},{"type":"Feature","id":1409,"geometry":{"type":"Point","coordinates":[76.545920000000081,26.080273000000034]},"properties":{"OBJECTID":1409,"SOURCE_ID":1409,"gbifID":4954722258,"GiZScore":-3.4037049937237187,"GiPValue":0.00066478509257076658,"NNeighbors":208,"Gi_Bin":-3}},{"type":"Feature","id":1410,"geometry":{"type":"Point","coordinates":[80.976048000000048,23.69907900000004]},"properties":{"OBJECTID":1410,"SOURCE_ID":1410,"gbifID":3887846638,"GiZScore":1.021300697982737,"GiPValue":0.30711201003097366,"NNeighbors":208,"Gi_Bin":0}},{"type":"Feature","id":1411,"geometry":{"type":"Point","coordinates":[93.290918000000033,26.56592500000005]},"properties":{"OBJECTID":1411,"SOURCE_ID":1411,"gbifID":3887847324,"GiZScore":-2.1076915908433516,"GiPValue":0.035057675165481937,"NNeighbors":14,"Gi_Bin":-1}}]}