{"type":"FeatureCollection","features":[{"type":"Feature","id":1,"geometry":{"type":"MultiPolygon","coordinates":[[[[76.42179870700005,11.949608802000057],[76.420761109000068,11.950736999000071],[76.421188355000083,11.946939468000039],[76.421043395000083,11.940696716000048],[76.412330628000063,11.928807258000063],[76.411598206000065,11.928325653000059],[76.407585144000052,11.92724323300007],[76.401809693000075,11.920209885000077],[76.379890442000033,11.919395447000056],[76.388763427000072,11.90638732900004],[76.399536132000037,11.907031059000076],[76.402297974000078,11.907485962000067],[76.401878356000054,11.903217316000053],[76.401176452000072,11.901483536000057],[76.389503479000041,11.889631272000031],[76.390609740000059,11.882492066000054],[76.390777588000049,11.875456811000049],[76.391250610000043,11.871696473000043],[76.390724182000042,11.867592812000055],[76.388824463000049,11.864238739000029],[76.386253357000044,11.86074829100005],[76.379829406000056,11.856616974000076],[76.371009826000034,11.856208802000026],[76.366271973000039,11.854190826000035],[76.36110687200005,11.852922440000043],[76.358726501000035,11.851875305000021],[76.358398437000062,11.852338791000022],[76.359100342000033,11.856555939000032],[76.349693298000034,11.857403755000064],[76.347160339000084,11.858478546000072],[76.346038819000057,11.859383582000021],[76.344367981000062,11.861761093000041],[76.343811036000034,11.863832474000048],[76.343521118000069,11.866877556000077],[76.343605042000036,11.873026847000062],[76.34297943100006,11.877659797000035],[76.337654114000031,11.88613033300004],[76.340980529000035,11.891132355000025],[76.348526000000049,11.90091896000007],[76.352088928000057,11.909853935000058],[76.353027344000054,11.911266327000021],[76.353752137000072,11.913866042000052],[76.344238282000049,11.919376373000034],[76.335960388000046,11.923634529000026],[76.329124450000052,11.923364639000056],[76.32435607900004,11.92367839800005],[76.321601868000073,11.934943199000031],[76.316482544000053,11.935971260000031],[76.315452576000041,11.935545921000028],[76.314514160000044,11.935583115000043],[76.314933777000078,11.934277535000035],[76.314147950000063,11.933191299000043],[76.315689087000067,11.931680679000067],[76.315765381000062,11.931373596000071],[76.315246583000032,11.930891991000067],[76.316406250000057,11.931312561000027],[76.316940308000085,11.930788994000068],[76.318099976000042,11.931067467000048],[76.319015504000049,11.930388450000066],[76.319091797000056,11.929832458000021],[76.31687164300007,11.925525665000066],[76.312576293000063,11.915425301000028],[76.309883118000073,11.914671897000062],[76.309501649000083,11.914119720000031],[76.309646606000058,11.901847840000073],[76.302062989000035,11.901242256000046],[76.295928955000079,11.902234078000049],[76.289276123000036,11.902880668000023],[76.286987306000071,11.903409959000044],[76.285057068000071,11.904523849000043],[76.282150268000066,11.904889106000041],[76.279800415000068,11.904458046000059],[76.26985931400003,11.900893211000039],[76.269416808000074,11.901252746000068],[76.268653870000037,11.903487206000023],[76.267623901000036,11.904268265000042],[76.25775146400008,11.907092095000053],[76.25387573200004,11.906994820000023],[76.251640320000035,11.909110069000064],[76.249038696000071,11.909746170000062],[76.247390748000043,11.909170151000069],[76.245971681000071,11.909219741000072],[76.241920472000061,11.908452987000032],[76.239204407000045,11.909052849000034],[76.236068727000031,11.908919335000064],[76.232269287000065,11.909603118000064],[76.231529236000029,11.908986091000031],[76.231513978000066,11.908319473000063],[76.232933045000038,11.906019211000057],[76.229850769000052,11.905252457000074],[76.228630066000051,11.906151772000044],[76.226634464000028,11.906660902000056],[76.226211548000038,11.906768799000076],[76.224983216000055,11.907685279000077],[76.223060608000083,11.907852173000038],[76.220512390000067,11.910053253000058],[76.218490601000042,11.910420417000068],[76.21729278600003,11.913338662000058],[76.21354675300006,11.91592311900007],[76.211410522000051,11.916072845000031],[76.209991455000079,11.915573120000033],[76.208755494000059,11.915589333000071],[76.208389283000031,11.915406227000062],[76.208419800000058,11.914821624000069],[76.21090698200004,11.911120415000028],[76.212257385000044,11.910320282000043],[76.213523864000081,11.908920287000058],[76.215759278000064,11.907969475000073],[76.216293335000046,11.904619217000061],[76.215797424000073,11.90401840100003],[76.21530914300007,11.902016640000056],[76.21374511700003,11.901066780000065],[76.213226318000068,11.89861488300005],[76.210243224000067,11.897515297000041],[76.209327698000038,11.896264077000069],[76.209289550000051,11.895163536000041],[76.210220338000056,11.893563270000072],[76.209220886000082,11.891813278000029],[76.20925903300008,11.889928818000044],[76.211524964000034,11.889328956000043],[76.213157654000042,11.889429092000057],[76.214126587000067,11.888594628000021],[76.216346741000052,11.887994767000066],[76.216560365000078,11.886660576000054],[76.217163087000074,11.886110307000024],[76.219741821000071,11.885927201000072],[76.221382141000049,11.88621044100006],[76.221481323000035,11.885577202000036],[76.219474792000085,11.884208679000039],[76.219375610000043,11.883492470000022],[76.222229004000042,11.881258011000057],[76.224449157000038,11.880257606000043],[76.225059510000051,11.879223824000064],[76.224777221000068,11.878107071000045],[76.224143981000054,11.877690316000042],[76.223159790000068,11.878856658000075],[76.222610473000032,11.879040719000045],[76.220893860000047,11.879223823000075],[76.217445373000032,11.878657340000075],[76.215293884000062,11.877690315000052],[76.214828491000048,11.876439095000023],[76.214492798000038,11.876255989000072],[76.211875915000064,11.875371934000043],[76.209175110000047,11.875104904000068],[76.20747375500008,11.874204635000069],[76.207420349000074,11.873420715000066],[76.208343506000062,11.872203826000032],[76.21319580100004,11.867586136000057],[76.212989807000042,11.867069244000049],[76.21159362700007,11.866835594000065],[76.21104431100008,11.866234778000035],[76.210556031000067,11.867452621000041],[76.210105896000073,11.867385864000028],[76.209304809000059,11.865959167000028],[76.210655213000052,11.863899231000062],[76.210571290000075,11.86386585300005],[76.211021423000034,11.863850593000052],[76.210289001000035,11.86238288900006],[76.211441040000068,11.861650467000061],[76.211608887000068,11.861200334000046],[76.20857238800005,11.861550332000036],[76.208290100000056,11.860683441000049],[76.208503723000035,11.85939312000005],[76.210075378000056,11.856268882000052],[76.211784363000049,11.845876694000026],[76.212608338000052,11.843204498000034],[76.212951660000044,11.842106820000026],[76.213920594000058,11.83897590600003],[76.212242126000035,11.826812745000041],[76.218750000000057,11.821506501000044],[76.221107483000083,11.811457634000021],[76.225341797000056,11.807304382000041],[76.23896789500003,11.803754806000029],[76.239700316000039,11.803687095000043],[76.245101928000054,11.803190232000077],[76.246963500000049,11.803018569000074],[76.251327515000071,11.802617073000022],[76.260078431000068,11.807119370000066],[76.272438050000062,11.807758332000049],[76.279029847000061,11.81089210500005],[76.28157806400003,11.808607102000053],[76.282112122000058,11.808127403000071],[76.290039063000052,11.793520928000021],[76.290733337000063,11.792243003000067],[76.301841736000029,11.785483361000047],[76.30713653600003,11.783573150000052],[76.308128357000044,11.781529427000066],[76.310310363000042,11.777012825000043],[76.316642762000072,11.755257607000033],[76.317321778000064,11.752930642000024],[76.317787170000031,11.751320839000073],[76.324890137000068,11.747849465000058],[76.331703186000084,11.746214866000059],[76.33516693200005,11.743597984000075],[76.341087341000048,11.739123345000053],[76.342391968000072,11.738137245000075],[76.348327636000079,11.738624573000038],[76.353691102000084,11.738032341000064],[76.358596801000033,11.741970062000064],[76.363517762000072,11.747460365000052],[76.379875182000035,11.743780135000065],[76.391334534000066,11.752630234000037],[76.398315430000082,11.750474930000053],[76.412040710000042,11.757480620000024],[76.413894654000046,11.759452820000035],[76.415313721000075,11.76096534800007],[76.418495178000057,11.75412368700006],[76.414268494000055,11.748282433000043],[76.413253784000062,11.740998268000055],[76.414405823000038,11.741168023000057],[76.418327333000036,11.741745949000062],[76.419662475000052,11.741942405000032],[76.422164917000032,11.738022805000071],[76.422264099000074,11.737944603000074],[76.42231750500008,11.737788200000068],[76.424987793000071,11.73359584800005],[76.426727295000035,11.729170800000077],[76.426689148000037,11.726972580000051],[76.426666260000047,11.725825310000062],[76.426643372000058,11.72475528700005],[76.42569732700008,11.721254349000048],[76.418807984000068,11.71761226600006],[76.416397094000047,11.71181583300006],[76.414001465000069,11.711254120000035],[76.413635253000052,11.711619377000034],[76.412361145000034,11.712887765000062],[76.41081237800006,11.714430810000067],[76.404083252000078,11.708718299000054],[76.410659790000068,11.707136154000068],[76.41029357900004,11.698554038000054],[76.410133361000078,11.694907189000048],[76.410110474000078,11.694363594000038],[76.410079956000061,11.693573952000065],[76.409957886000029,11.690780640000071],[76.410995484000068,11.688100815000041],[76.411018371000068,11.68804454800005],[76.411354065000069,11.68717670500007],[76.412528992000034,11.684139252000023],[76.413185120000037,11.682440758000041],[76.413574218000065,11.681439400000045],[76.415199280000081,11.677208901000029],[76.418037415000072,11.672258377000048],[76.419616699000073,11.672018051000066],[76.425430298000038,11.671131134000063],[76.428550720000032,11.668970108000053],[76.431350707000036,11.667032242000062],[76.431900025000061,11.666841507000072],[76.434623718000068,11.665896416000066],[76.435585022000055,11.665563583000051],[76.439208984000061,11.664305686000034],[76.459350586000085,11.662895203000062],[76.474632263000046,11.680109025000036],[76.481704713000056,11.685929298000076],[76.481712341000048,11.686208724000039],[76.481796265000071,11.692011834000027],[76.48250579900008,11.691781998000067],[76.487373353000066,11.690206528000033],[76.493377685000041,11.690184593000026],[76.495887756000059,11.693275452000023],[76.504142762000072,11.699612617000071],[76.507301331000065,11.702035905000059],[76.511657715000069,11.705377579000071],[76.512321473000043,11.705886841000051],[76.521217347000061,11.702058792000059],[76.532890319000046,11.693906784000035],[76.541206360000047,11.686933518000046],[76.543563843000072,11.684959412000069],[76.548721314000034,11.678444862000049],[76.549751282000045,11.675446510000029],[76.551177979000045,11.671314239000026],[76.551315307000039,11.670911790000048],[76.551391601000034,11.664430619000029],[76.552734376000046,11.659376145000067],[76.553024292000032,11.658273697000027],[76.553115845000036,11.657920837000063],[76.553543091000051,11.656319618000055],[76.553573609000068,11.656206130000044],[76.554328918000067,11.651153564000026],[76.555435180000075,11.643739701000072],[76.558082581000065,11.634947777000036],[76.561431885000047,11.627975463000041],[76.561653137000064,11.627515792000054],[76.561927795000031,11.623363495000035],[76.562088012000061,11.62091255200005],[76.568550110000047,11.618126869000037],[76.576507569000057,11.615780830000062],[76.577613831000065,11.615454673000045],[76.583374023000033,11.613757134000025],[76.583877563000044,11.614059449000024],[76.583946228000059,11.614101409000057],[76.589508057000046,11.617450714000029],[76.594741821000071,11.616052627000045],[76.596878052000079,11.612425804000054],[76.59740448000008,11.61236572200005],[76.605323791000046,11.611463547000028],[76.605903626000043,11.611202240000068],[76.610084533000077,11.609316825000064],[76.613342285000044,11.608924866000052],[76.615051269000048,11.608719826000026],[76.616546631000062,11.608539581000059],[76.634384156000067,11.611959458000058],[76.642486572000053,11.611683846000062],[76.673301697000056,11.613312721000057],[76.687965394000059,11.612377166000044],[76.702064514000085,11.61270141600005],[76.716514587000063,11.614234925000062],[76.729263306000064,11.613369942000077],[76.744529723000085,11.61357879600007],[76.750183105000076,11.614174843000058],[76.75263977000003,11.616410255000062],[76.755386352000073,11.618909835000068],[76.756446838000045,11.618128777000038],[76.760559082000043,11.615095138000072],[76.762863159000062,11.614764213000058],[76.767509460000042,11.614097596000022],[76.772979736000082,11.613313675000029],[76.783020019000048,11.611873626000033],[76.787223816000051,11.611957550000056],[76.790069581000068,11.612013817000047],[76.793586731000062,11.610660553000059],[76.800071716000048,11.608164787000021],[76.802879334000068,11.607609749000062],[76.816467285000044,11.604924203000053],[76.817687989000035,11.604682922000052],[76.81882476800007,11.604827881000062],[76.825912475000052,11.605729104000034],[76.827003479000041,11.604826927000033],[76.833038330000079,11.599836350000032],[76.839378357000044,11.598369599000023],[76.842041016000053,11.59631061500005],[76.84297943100006,11.595584870000039],[76.845466615000078,11.592591285000026],[76.846809387000064,11.583055496000043],[76.853279113000042,11.59461307600003],[76.856849671000077,11.597229958000071],[76.860412598000039,11.610424042000034],[76.857467651000036,11.612883568000029],[76.855369567000082,11.614634514000045],[76.855354309000063,11.615808488000027],[76.855285645000038,11.620211601000051],[76.851860047000059,11.621461869000029],[76.850982667000039,11.621781350000049],[76.848846435000041,11.623465538000062],[76.847679138000046,11.624385833000076],[76.847648621000076,11.624691010000049],[76.847396850000052,11.627314567000042],[76.848243713000045,11.631963730000052],[76.845222473000035,11.632944107000071],[76.844085694000057,11.633313180000073],[76.843139649000079,11.633620262000022],[76.842491150000058,11.633831025000063],[76.842414855000072,11.63392353100005],[76.83907318100006,11.637865066000074],[76.838577271000077,11.643492698000045],[76.837089539000033,11.646946907000029],[76.83780670200008,11.652628899000035],[76.839355469000054,11.657553673000052],[76.841644287000065,11.661163330000022],[76.844985962000067,11.664593696000054],[76.847717285000044,11.673188210000035],[76.850708007000037,11.678291321000074],[76.854057312000066,11.685898781000049],[76.855484009000065,11.69099998400003],[76.858421325000052,11.695751190000067],[76.865051270000038,11.70288086000005],[76.862854004000042,11.707311630000049],[76.872589111000082,11.717695236000054],[76.87246704100005,11.717697143000066],[76.870506287000069,11.717697143000066],[76.868217467000079,11.717697143000066],[76.867919922000056,11.717713356000047],[76.867942810000045,11.717736244000037],[76.859878540000068,11.718896866000023],[76.855850219000047,11.719017029000042],[76.854866027000071,11.718428612000025],[76.851654052000072,11.714957238000068],[76.849708557000042,11.711753845000032],[76.84510040300006,11.70847606600006],[76.843933105000076,11.705763817000047],[76.837196350000056,11.702959060000069],[76.834678651000047,11.702828407000027],[76.828895568000064,11.699097634000054],[76.826522827000076,11.69543552500005],[76.820495605000076,11.692803384000058],[76.815460205000079,11.69015693700004],[76.812072754000042,11.689579010000045],[76.809906006000062,11.688675880000062],[76.805603027000075,11.683048248000034],[76.807723999000075,11.678806305000023],[76.807708740000066,11.678052903000037],[76.807067872000061,11.677408218000039],[76.799888612000075,11.676504135000073],[76.795257569000057,11.674811362000071],[76.793556213000045,11.674599648000026],[76.788177491000056,11.675410270000043],[76.77799987800006,11.678091049000045],[76.776443481000058,11.678995132000068],[76.77376556400003,11.679231644000026],[76.765495300000055,11.67699527700006],[76.763954163000051,11.673637390000067],[76.762420655000085,11.672356606000051],[76.756179810000049,11.670232772000077],[76.751831054000036,11.669667245000028],[76.749366760000044,11.668642044000023],[76.748146057000042,11.667186737000065],[76.744003296000074,11.664883614000075],[76.743255615000066,11.663805008000054],[76.740043640000067,11.661223411000037],[76.738540649000072,11.659550667000076],[76.737670898000033,11.657155990000035],[76.736495971000068,11.65067958800006],[76.734931946000074,11.648601532000043],[76.733787537000069,11.647781372000054],[76.730506897000055,11.646437645000049],[76.720603942000082,11.642992019000076],[76.720214844000054,11.637455941000042],[76.699554443000068,11.63785266900004],[76.696098328000062,11.638253212000052],[76.693862915000068,11.637760163000053],[76.690498352000077,11.634573936000038],[76.687705993000066,11.632903099000032],[76.683792113000038,11.629005433000032],[76.68213653600003,11.626877785000033],[76.682067871000072,11.62637329100005],[76.683517456000061,11.622727393000048],[76.683265686000084,11.62139129600007],[76.682456970000032,11.620638848000056],[76.681404114000031,11.62065029200005],[76.676712036000083,11.622645379000062],[76.656791687000066,11.633319855000025],[76.657066346000079,11.642271995000044],[76.649055481000062,11.642389297000022],[76.643661499000075,11.640423775000045],[76.641914368000073,11.64031600900006],[76.641960145000041,11.641761779000035],[76.642578125000057,11.643920899000022],[76.64497375500008,11.647375106000027],[76.646575927000072,11.648580551000066],[76.647178650000058,11.649877548000063],[76.646286012000076,11.652037620000044],[76.643699646000073,11.654040336000037],[76.641891479000037,11.657360076000032],[76.641204834000064,11.659312248000049],[76.643905640000071,11.662686347000033],[76.648841859000072,11.667869568000071],[76.657211303000054,11.666999816000043],[76.660606385000051,11.665730477000068],[76.66843414300007,11.664443970000036],[76.670005798000034,11.664482117000034],[76.676757813000052,11.659651756000073],[76.680778504000045,11.659420967000074],[76.681182861000082,11.659747124000035],[76.681152344000054,11.660708428000021],[76.67943573000008,11.664987564000057],[76.675407410000048,11.665476799000032],[76.674438477000081,11.669636728000057],[76.674438477000081,11.673331260000054],[76.673011779000035,11.67548084200007],[76.668380738000053,11.681645394000043],[76.664581299000076,11.678689003000045],[76.65885925200007,11.677990913000031],[76.655166626000039,11.678242684000054],[76.650398254000038,11.679940224000063],[76.64466858000003,11.689314842000044],[76.641906738000046,11.691149712000026],[76.627304077000076,11.699522018000039],[76.611724853000055,11.707549095000047],[76.610542297000052,11.710343361000071],[76.600944520000041,11.712252617000047],[76.609138488000042,11.727449417000059],[76.609443665000072,11.728467941000076],[76.597366332000036,11.726657868000075],[76.590476989000081,11.725227356000062],[76.594238281000059,11.731539726000051],[76.583862304000036,11.740120888000035],[76.575805664000029,11.747976304000076],[76.572074891000057,11.750649453000051],[76.564193726000042,11.750707626000064],[76.560455322000053,11.750136376000057],[76.554100036000079,11.749796868000033],[76.553764344000058,11.751475334000077],[76.551559448000035,11.756737709000049],[76.55041503800004,11.761667251000063],[76.549095154000042,11.764690400000063],[76.548171996000065,11.766014099000074],[76.547210693000068,11.769170761000055],[76.547317504000034,11.769886017000033],[76.551002502000074,11.77218055700007],[76.550575257000048,11.77787971500004],[76.54912567100007,11.779246331000024],[76.544166565000069,11.781103134000034],[76.541419983000083,11.78776454900003],[76.541107178000061,11.789871215000062],[76.550849914000082,11.788349151000034],[76.551727295000035,11.789039611000021],[76.555023192000078,11.793201446000069],[76.556793212000059,11.79483699900004],[76.563011169000049,11.797352790000048],[76.564361572000053,11.797377587000028],[76.565620422000052,11.798628806000067],[76.567520142000035,11.799269676000051],[76.567367553000054,11.800215721000029],[76.56810760500008,11.802289009000049],[76.56810760500008,11.804279327000074],[76.564529419000053,11.807608604000052],[76.564079285000048,11.808900833000052],[76.565467835000049,11.815167427000063],[76.565971375000061,11.834138870000061],[76.565750122000054,11.839945793000027],[76.566528321000078,11.848103523000077],[76.566833496000072,11.859789849000038],[76.566276550000055,11.861516952000045],[76.561882018000063,11.859354019000023],[76.56034851000004,11.858819009000058],[76.560081482000044,11.859090805000051],[76.564132690000065,11.868260383000063],[76.56472778400007,11.875572204000036],[76.579216004000045,11.902826309000034],[76.595352173000038,11.935400964000053],[76.589874268000074,11.935187339000038],[76.588500977000081,11.935421944000041],[76.588043213000049,11.935029984000039],[76.57330322200005,11.939419747000045],[76.571861266000042,11.940143586000033],[76.570503235000047,11.928454398000042],[76.570915223000043,11.927989959000058],[76.572219848000032,11.927952766000033],[76.574569703000066,11.925507545000073],[76.576934815000072,11.923769951000054],[76.576004028000057,11.922221183000033],[76.562019349000082,11.91462421500006],[76.543716430000075,11.919207573000051],[76.543632507000041,11.917116165000039],[76.544914245000029,11.901331902000038],[76.534042358000079,11.889745712000035],[76.52181243900003,11.891595841000026],[76.521003723000035,11.891969681000035],[76.520057679000047,11.901952744000027],[76.518959045000031,11.903970719000029],[76.518608092000079,11.905845642000031],[76.517692566000051,11.916341783000064],[76.515975952000076,11.920925140000065],[76.515464783000084,11.925444603000074],[76.508636476000049,11.936898231000043],[76.508140565000076,11.936882019000052],[76.500648499000079,11.931135177000044],[76.500686646000077,11.930108071000063],[76.499725342000033,11.929390908000073],[76.50120544400005,11.927952766000033],[76.503799439000034,11.919930459000057],[76.501380921000077,11.905699730000038],[76.501525878000052,11.899920464000047],[76.500816345000032,11.898659706000046],[76.493110657000045,11.892452240000068],[76.48913574200003,11.889645576000021],[76.482826233000083,11.877559662000067],[76.474166870000033,11.879372597000042],[76.467422485000043,11.87676334400004],[76.464309692000029,11.873928070000034],[76.463615418000074,11.872919083000056],[76.459968567000033,11.871310234000077],[76.457466126000043,11.869806290000042],[76.456367493000073,11.869558334000033],[76.456748962000063,11.868722916000024],[76.454261779000035,11.867256164000025],[76.45149993900003,11.864602089000073],[76.445465088000049,11.861232758000028],[76.43796539300007,11.854095459000064],[76.447174072000053,11.820943833000058],[76.444908142000031,11.820695878000038],[76.444442749000075,11.820395470000051],[76.443893433000085,11.820899009000073],[76.443145752000078,11.820469857000035],[76.442161561000034,11.821034431000044],[76.441207886000029,11.82052993800005],[76.426963805000071,11.826650619000077],[76.422256470000036,11.830194474000052],[76.42055511500007,11.831013679000023],[76.420722961000081,11.832706452000025],[76.421386718000065,11.834390640000038],[76.421180726000046,11.835127830000033],[76.409477234000065,11.836714744000062],[76.409042359000068,11.837413789000038],[76.406776428000057,11.849862099000063],[76.40924072200005,11.855056762000061],[76.413040161000083,11.870152473000076],[76.41291046200007,11.870519638000076],[76.409095764000085,11.873386383000025],[76.412017823000042,11.886404037000034],[76.415870666000046,11.888541221000025],[76.421600342000033,11.890960693000068],[76.423377991000052,11.892022133000069],[76.425666809000063,11.892120361000025],[76.426185609000072,11.892623902000025],[76.42748260500008,11.896136284000022],[76.428962707000039,11.897230148000062],[76.429382325000063,11.897918702000027],[76.429397583000082,11.899679184000036],[76.428733825000052,11.90117454500006],[76.428947448000031,11.903387069000075],[76.428085327000076,11.905596734000028],[76.428550721000079,11.906846047000045],[76.430213929000047,11.908921242000076],[76.431495667000036,11.912140847000046],[76.431381225000052,11.913224220000075],[76.430007935000049,11.91488647500006],[76.429870605000076,11.915570259000049],[76.430549622000058,11.915841103000048],[76.433349609000061,11.915570258000059],[76.433929443000068,11.916909217000068],[76.43370056200007,11.918810845000053],[76.432159424000076,11.920330048000039],[76.432121276000032,11.920931816000063],[76.432434082000043,11.923360825000032],[76.433082580000075,11.923903465000024],[76.434577942000033,11.923999786000024],[76.434814453000058,11.924285888000043],[76.434349060000045,11.927693366000028],[76.434982300000058,11.930912018000072],[76.434097290000068,11.934529305000069],[76.434440613000049,11.939275741000074],[76.435249330000033,11.943014145000063],[76.436737061000031,11.947096824000027],[76.437072754000042,11.950105667000059],[76.428314209000064,11.947630882000055],[76.425148011000033,11.947270393000053],[76.42179870700005,11.949608802000057]],[[76.324699402000078,11.911494255000036],[76.32592773500005,11.909820557000046],[76.324157716000059,11.907389641000066],[76.322998047000056,11.906199456000024],[76.320724487000064,11.908001901000034],[76.320114136000029,11.907519340000022],[76.319854737000071,11.907406807000029],[76.319679261000033,11.90745544400005],[76.319648743000073,11.907695771000022],[76.319679261000033,11.908001900000045],[76.317939759000069,11.909644127000035],[76.318428039000082,11.910303116000023],[76.319694519000052,11.912299156000074],[76.320182799000065,11.912797928000032],[76.320602417000032,11.912990570000034],[76.321258545000035,11.913135529000044],[76.322494507000044,11.913281440000048],[76.323432923000041,11.912701607000031],[76.324699402000078,11.911494255000036]],[[76.327774047000048,11.913780213000052],[76.329948426000044,11.917675018000068],[76.333267212000067,11.915968895000049],[76.330978394000056,11.912266731000045],[76.327774047000048,11.913780213000052]]],[[[76.447552550000069,11.974759470000038],[76.447648964000052,11.975820019000025],[76.447456137000074,11.976012845000071],[76.446250968000072,11.976253879000069],[76.444611938000037,11.976687740000045],[76.443744217000074,11.977507256000024],[76.443262149000077,11.978326770000024],[76.443069322000042,11.979821179000055],[76.442924702000084,11.981508417000043],[76.443021115000079,11.982906412000034],[76.443406768000045,11.98420799400003],[76.443937043000062,11.985895231000029],[76.44412987000004,11.987293227000066],[76.443985249000036,11.987727088000042],[76.443358561000082,11.987775295000063],[76.442490840000062,11.987196813000025],[76.441840049000064,11.985750611000071],[76.441767740000046,11.984497235000049],[76.441382085000043,11.983484894000071],[76.441189257000076,11.983099239000069],[76.440851810000083,11.983051033000038],[76.44041795000004,11.982906412000034],[76.440032296000084,11.982279724000023],[76.439357401000052,11.980978142000026],[76.438875333000055,11.980014007000023],[76.438634300000047,11.979049872000076],[76.438489681000078,11.978037530000051],[76.438296852000065,11.977459048000071],[76.438152233000039,11.976687740000045],[76.43820043900007,11.975627192000047],[76.438055819000056,11.974132782000027],[76.437862992000078,11.973120441000049],[76.437838888000044,11.971674238000048],[76.43774247500005,11.969601347000037],[76.437646061000066,11.968492592000075],[76.437597855000035,11.968010524000022],[76.437163994000059,11.967914111000027],[76.436681927000052,11.96772128300006],[76.43629627200005,11.966949975000034],[76.435958825000057,11.966371495000033],[76.435524964000081,11.965793013000052],[76.435332136000056,11.964973499000052],[76.43542855000004,11.964105777000043],[76.435621377000075,11.963479089000032],[76.436055238000051,11.963045227000066],[76.436778340000046,11.962900608000041],[76.437549648000072,11.962997021000035],[76.437983509000048,11.963334469000074],[76.438417370000082,11.963671916000067],[76.439718952000078,11.963623708000057],[76.440634880000061,11.963430882000068],[76.441309775000036,11.963093435000076],[76.441502602000071,11.962225713000066],[76.441502602000071,11.961502611000071],[76.441840050000053,11.961020544000064],[76.441984669000078,11.960634891000041],[76.441671326000062,11.958995861000062],[76.441430291000074,11.958224552000047],[76.440707190000069,11.957646070000067],[76.440369743000076,11.956971176000025],[76.440369744000066,11.956296283000029],[76.440562570000054,11.955573181000034],[76.440900017000047,11.954078772000059],[76.441526705000058,11.952584361000049],[76.443479079000042,11.94636569000005],[76.443912940000075,11.944533833000037],[76.444732454000075,11.941352188000053],[76.445262729000035,11.937736680000057],[76.446106347000068,11.93262676300003],[76.446347381000066,11.931180561000076],[76.446974069000078,11.928722017000041],[76.447552550000069,11.925733197000056],[76.44817923800008,11.923033619000023],[76.448805925000045,11.920285834000026],[76.448685409000063,11.919369906000043],[76.44829975500005,11.918839631000026],[76.447190999000043,11.917104188000053],[76.446082244000081,11.915127711000025],[76.444780661000038,11.912813786000072],[76.443286251000075,11.910066000000029],[76.44133387800008,11.907173595000074],[76.440851810000083,11.905920220000041],[76.440273329000036,11.904956085000038],[76.439309194000032,11.903172434000055],[76.437959405000072,11.901003131000039],[76.437043476000042,11.89931589400004],[76.436657823000075,11.897821484000076],[76.436272168000073,11.896616315000074],[76.435597274000031,11.895314732000031],[76.435139309000078,11.893868530000077],[76.434223381000038,11.892325914000025],[76.432246904000067,11.889337096000077],[76.431523803000061,11.888421166000057],[76.430945322000071,11.888228339000023],[76.430174014000045,11.888228339000023],[76.43002939400003,11.88793909900005],[76.430077600000061,11.887746272000072],[76.43089711500005,11.887312411000039],[76.431957664000038,11.886974964000046],[76.433403866000049,11.886300070000061],[76.434609035000051,11.885576968000066],[76.436007031000031,11.88480566000004],[76.438995850000083,11.883407663000071],[76.44309342400004,11.881382980000069],[76.445021696000083,11.880467051000039],[76.445648384000037,11.880418845000065],[76.446202762000041,11.880708085000037],[76.446781243000032,11.88104553200003],[76.447793584000067,11.881624014000067],[76.449384408000071,11.882443529000057],[76.450734197000031,11.882973802000038],[76.45179474400004,11.883455870000034],[76.451987572000064,11.883841524000047],[76.451987572000064,11.88480566000004],[76.452035779000084,11.886203656000077],[76.452035778000038,11.887505239000063],[76.452083986000048,11.889915576000021],[76.451987573000054,11.892422328000066],[76.451987572000064,11.894832665000024],[76.452276812000036,11.895700387000034],[76.452951708000057,11.89623066200005],[76.453915842000072,11.896809142000052],[76.454976391000059,11.897773277000056],[76.455940526000063,11.898110725000038],[76.457145695000065,11.897821484000076],[76.45868831100006,11.897435830000063],[76.46008630700004,11.89700196900003],[76.460857615000066,11.896809143000041],[76.461580716000071,11.89618245500003],[76.462014578000037,11.895555767000076],[76.463171541000065,11.89420597700007],[76.464424915000052,11.893049015000031],[76.46553367100006,11.892084880000027],[76.465774705000058,11.892229500000042],[76.466015738000067,11.893290049000029],[76.466377288000047,11.894929078000075],[76.467100390000041,11.897484037000027],[76.467871698000067,11.900328236000064],[76.468643006000036,11.902545747000033],[76.468884041000081,11.902642161000074],[76.469317902000057,11.90244933300005],[76.470185623000077,11.901919059000022],[76.472113893000085,11.900617476000036],[76.473897543000078,11.899508720000028],[76.474861678000082,11.899171273000036],[76.475343746000078,11.899412307000034],[76.475729400000034,11.900038995000045],[76.476597122000044,11.901003130000049],[76.476789949000079,11.901388784000062],[76.476597122000044,11.901822645000038],[76.476356088000045,11.902834988000052],[76.476307882000071,11.903606295000031],[76.476693535000038,11.904329397000026],[76.476741743000048,11.904907878000074],[76.476500709000049,11.905582772000059],[76.475801710000042,11.907414630000062],[76.475319643000034,11.908764419000022],[76.475030402000073,11.910692690000076],[76.474644749000049,11.913199440000028],[76.474162681000053,11.915465158000075],[76.473535993000041,11.918502183000044],[76.473174442000072,11.920960728000068],[76.473029822000058,11.922358724000048],[76.472933408000074,11.925443956000038],[76.472885202000043,11.927613260000044],[76.472740581000039,11.929782565000039],[76.472499547000041,11.932337523000058],[76.472764685000072,11.934410413000023],[76.473102132000065,11.935278136000022],[76.473487786000078,11.936097650000022],[76.474018060000049,11.937447439000039],[76.474403714000061,11.938652608000041],[76.47517502200003,11.939761364000049],[76.475464263000049,11.940966533000051],[76.475608883000064,11.942123496000022],[76.47551246900008,11.943762524000022],[76.475078609000036,11.943907145000026],[76.473680612000067,11.944051764000051],[76.470595380000077,11.944244592000075],[76.467992216000084,11.944292800000028],[76.467124494000075,11.944726661000061],[76.466497806000064,11.94491948600006],[76.46543725600003,11.944967693000024],[76.464087468000059,11.945401555000046],[76.463075127000081,11.945931829000074],[76.461990474000061,11.946558516000039],[76.460255030000042,11.947088791000056],[76.458326760000034,11.947474445000068],[76.457651865000059,11.947860099000025],[76.456784144000039,11.948679614000071],[76.45596463000004,11.949402716000066],[76.455578975000037,11.950222230000065],[76.455627182000057,11.950752504000036],[76.455723595000052,11.951379193000037],[76.45591642200003,11.952246915000046],[76.456157457000074,11.953307463000044],[76.456494905000056,11.953741323000031],[76.456784144000039,11.953837738000061],[76.457073384000068,11.953644910000037],[76.457748278000054,11.953403876000039],[76.458278553000071,11.953596703000073],[76.459001655000066,11.953837738000061],[76.459676549000051,11.953982358000076],[76.460303238000051,11.953885944000035],[76.460881718000053,11.953644910000037],[76.461508407000053,11.953355669000075],[76.461990474000061,11.953500290000022],[76.462376129000063,11.953741323000031],[76.463051023000048,11.954560838000077],[76.463388470000041,11.955139320000058],[76.463966951000032,11.955910627000037],[76.464497226000049,11.956489109000074],[76.464738258000068,11.957212210000023],[76.464690053000083,11.958272759000067],[76.464786466000078,11.959044067000036],[76.465292637000061,11.960152823000044],[76.465196224000067,11.961020544000064],[76.464858776000085,11.962418540000044],[76.464521329000036,11.96318984800007],[76.463798227000041,11.964057570000023],[76.463412573000085,11.964877085000069],[76.46326795300007,11.965696599000069],[76.463316160000034,11.966419700000074],[76.463026920000061,11.967287423000073],[76.462689472000079,11.967769490000023],[76.462448438000081,11.968733625000027],[76.462303819000056,11.969456726000033],[76.461773544000039,11.970131621000064],[76.46095402900005,11.970710102000055],[76.460182721000081,11.970951137000043],[76.459073966000062,11.971143963000031],[76.458061624000038,11.970999343000074],[76.457338522000043,11.970661896000024],[76.456326180000076,11.969504933000053],[76.45560307900007,11.968878246000031],[76.455169217000048,11.968733625000027],[76.454349702000059,11.968733625000027],[76.452662467000039,11.968685419000053],[76.451746538000066,11.968444385000055],[76.450830610000082,11.968010525000068],[76.450589576000084,11.967335629000047],[76.450444956000069,11.966130461000034],[76.450203922000071,11.965696599000069],[76.449721854000074,11.965503774000069],[76.44866130500003,11.965551980000043],[76.448131031000059,11.965841220000073],[76.447986411000045,11.966467907000037],[76.447938205000071,11.968058730000052],[76.447793584000067,11.969697760000031],[76.447407929000065,11.971529617000044],[76.446877656000083,11.97287940700005],[76.44586531300007,11.973988162000069],[76.44557607400003,11.974229196000067],[76.44557607400003,11.974422023000045],[76.44586531300007,11.974614850000023],[76.446250968000072,11.97456664300006],[76.446974069000078,11.974325609000061],[76.447359722000044,11.974422023000045],[76.447552550000069,11.974759470000038]]]]},"properties":{"OBJECTID":1,"Reserve_Name_Std":"Bandipur National Park","FIRST_SitRecID":18203,"FIRST_Region":"Asia","Country":"India","FIRST_NatName":"Bandipur National Park","FIRST_IntName":"Bandipur National Park","FIRST_SitLat":11.7747651654,"FIRST_SitLong":76.489925014999997,"SUM_SitAreaKM2":948.93212213100003,"FIRST_KbaStatus":"confirmed","FIRST_KbaClass":"Global/Regional TBD","FIRST_IbaStatus":"confirmed","FIRST_LegacyKba":" ","FIRST_AzeStatus":" ","FIRST_LastUpdate":"2007","FIRST_Source":"Imported from CEPF Western Ghats Hotspot Profile in September 2015","FIRST_DelTxt":"The site includes Nugu Wildlife Sanctuary (3032 ha) which was mistakenly treated as a separate site in the CEPF 2007 KBA assessment of Western Ghats Hotspot.","Area_sqkm":948.7983411233505,"Reserve_ID":1,"Reserve_Name":"Bandipur National Park","State":"Karnataka","Reserve_ID_1":1,"Baseline_Year":2006,"Year_2006":68,"Year_2010":100,"Year_2014":120,"Year_2018":126,"Year_2022":150,"Abs_Change":82,"Pct_Change":120.58823529411799,"AAGR":5.0688301145709103,"Notes":"2006/2010 from Singh & Sen (2015); cross-validated vs NTCA 2014","OBJECTID_1":1,"Reserve_ID_12":null,"Reserve_Name_1":"Bandipur National Park","State_1":"Karnataka","Landscape":"Western Ghats","NP_Year":1974,"TR_Year":1974,"Area_sqkm_1":1784.47,"Forest_2021_sqkm":1497.6300000000001,"Forest_Pct":83.925759469198098,"Pop_2006":68,"Pop_2022":150,"Abs_Change_1":82,"Pct_Change_1":120.58823529411799,"AAGR_1":5.0688301145709103,"Density_2022":8.4058572012978701,"Rank_Growth":"2","Growth_Category":"High growth","Notes_1":"2006/2010 pop from Singh & Sen (2015)","OBJECTID_1_1":1,"OBJECTID_1_12":null,"VALUE":1,"COUNT":1053744,"AREA":948369600,"Elev_Min":384,"Elev_Max":1453,"RANGE":1069,"Elev_Mean":874.69870670675414,"Elev_StdDev":119.15813595088215,"SUM":921708514,"VARIETY":1070,"MAJORITY":806,"MAJORITY_COUNT":4298,"MAJORITY_PERCENT":0.407900006,"MINORITY":384,"MINORITY_COUNT":1,"MINORITY_PERCENT":9.99999975e-05,"MEDIAN":869,"PCT90":1016,"Terrain_Type":"Upland forest (\u003e800m)","Reserve_Name_Std_1":"Bandipur National Park","State_12":null,"TR_Area_sqkm":1784.47,"VDF_2021":126.72,"MDF_2021":1002.77,"OF_2021":368.13999999999999,"Total_Forest_2021":1497.6300000000001,"Pct_of_TR_2021":0.83930000000000005,"Forest_Change_sqkm":-43.350000000000001,"OBJECTID_1_12_13":null,"Forest_Per_100km":83.925759469198141,"Shape_Length":3.3967332697456305,"Shape_Area":0.078705383130287257}},{"type":"Feature","id":2,"geometry":{"type":"Polygon","coordinates":[[[78.852783652000085,29.455995467000037],[78.858436533000031,29.454282442000078],[78.87806663300006,29.450218493000079],[78.887756531000036,29.450599576000059],[78.895019642000079,29.448459525000032],[78.902458599000056,29.448160467000037],[78.908340657000053,29.446781526000052],[78.912673564000045,29.446781526000052],[78.932151582000074,29.450750425000024],[78.93528755300008,29.446781527000041],[78.919471632000068,29.442438586000037],[78.912734644000068,29.437299508000024],[78.912521659000049,29.436037444000078],[78.912643641000045,29.436000480000075],[78.914665583000044,29.43550850400004],[78.916114579000066,29.434997518000046],[78.918960646000073,29.433784565000053],[78.920822584000064,29.43359745500004],[78.921485652000058,29.433506453000064],[78.92298164500005,29.433298574000048],[78.92540755300007,29.433380599000031],[78.928535603000057,29.433799527000076],[78.93137357300003,29.434333572000071],[78.933616596000036,29.435222473000067],[78.935165572000074,29.435836429000062],[78.93635564200008,29.436439475000043],[78.93719455300004,29.436780424000062],[78.938606587000038,29.437202521000074],[78.939880618000075,29.437559489000023],[78.941703656000072,29.438245438000024],[78.942871549000074,29.437660524000023],[78.942512644000033,29.436857521000036],[78.942420587000072,29.436647530000073],[78.941810501000077,29.435813547000066],[78.941123495000056,29.435291471000028],[78.938720647000082,29.43375252900006],[78.938552547000029,29.43364357300004],[78.936302660000081,29.43275449500004],[78.935058551000054,29.431776529000047],[78.933380553000063,29.430969478000065],[78.932205620000047,29.430118597000046],[78.930351601000041,29.428432501000032],[78.929160650000085,29.427829458000076],[78.927932559000055,29.426538528000037],[78.927169513000081,29.425950445000069],[78.92642952500006,29.425050454000029],[78.925758537000036,29.424030595000033],[78.925331512000071,29.422454512000058],[78.924896567000076,29.42094250100007],[78.924583603000031,29.419931442000063],[78.92449154500008,29.418806498000038],[78.924064521000048,29.417230592000067],[78.923164530000065,29.416513486000042],[78.922584545000063,29.415182600000037],[78.92256958300004,29.414691504000075],[78.922553565000044,29.414245469000036],[78.922309602000041,29.41336255300007],[78.921424573000081,29.41233459700004],[78.92055556300005,29.410930485000051],[78.920211620000032,29.409109558000068],[78.920234502000085,29.406925503000025],[78.920059539000079,29.406106482000041],[78.91996765600004,29.405042442000024],[78.91900658600008,29.404136467000058],[78.918556504000037,29.403058520000059],[78.917442649000066,29.402334550000035],[78.915985557000056,29.401287583000055],[78.914565603000085,29.401174579000042],[78.913749575000054,29.400211574000025],[78.91287950800006,29.398994572000049],[78.912208520000036,29.397911520000036],[78.911895557000037,29.397026492000066],[78.911575552000045,29.396203599000046],[78.911155568000083,29.394378448000055],[78.910575583000082,29.392986483000072],[78.909858653000072,29.391462502000024],[78.909744592000038,29.389274574000069],[78.910850525000058,29.388500437000062],[78.911811594000085,29.387660470000071],[78.91326164700007,29.387210564000043],[78.914489563000075,29.386878590000038],[78.916015655000081,29.386430442000062],[78.916511504000084,29.386243509000053],[78.917976519000035,29.385686583000052],[78.919341553000038,29.385421497000038],[78.921295550000082,29.384988488000033],[78.923240571000065,29.384557590000043],[78.925010629000042,29.384992535000038],[78.926284660000078,29.385223474000043],[78.927879576000066,29.384716536000042],[78.928878491000035,29.384750508000025],[78.930580603000067,29.384994471000027],[78.932151582000074,29.384986551000054],[78.932914628000049,29.385511442000052],[78.934516586000029,29.386440476000075],[78.935844657000075,29.387172543000077],[78.93721761200004,29.388404506000029],[78.937889656000038,29.389303441000038],[78.939521537000076,29.391231563000076],[78.940330525000036,29.392194569000026],[78.940483486000062,29.392362491000029],[78.941352497000082,29.393352428000071],[78.942489586000079,29.393579493000061],[78.943618578000041,29.393867463000049],[78.945022513000083,29.394351518000065],[78.946723569000085,29.394659552000064],[78.948417586000062,29.395154520000062],[78.950469626000029,29.395662514000037],[78.952667588000054,29.396110484000076],[78.954437645000041,29.396482590000062],[78.955566637000061,29.396663539000031],[78.956420510000044,29.39680048200006],[78.95847360700003,29.397245461000068],[78.961303655000052,29.397840584000051],[78.963554599000076,29.398603454000067],[78.966682649000063,29.399084517000063],[78.968719552000039,29.39977856400003],[78.96996348600004,29.400224599000069],[78.970054488000073,29.400259451000068],[78.971404561000043,29.400493557000061],[78.972671552000065,29.400909492000039],[78.973586504000082,29.401252556000031],[78.974265590000073,29.400707598000054],[78.974624494000068,29.400415581000061],[78.974449531000062,29.399597440000036],[78.973594601000059,29.397882477000053],[78.973640543000045,29.396884444000079],[78.97419764700004,29.395530499000074],[78.974533491000045,29.394418581000025],[78.974319628000046,29.392850595000027],[78.973777486000074,29.392084555000054],[78.973167577000083,29.391439443000024],[78.973289560000069,29.390256588000057],[78.974113509000063,29.389411517000042],[78.975227539000059,29.388450447000025],[78.975555639000049,29.387399432000052],[78.97608950800003,29.386669478000044],[78.977027519000046,29.386512467000045],[78.979034498000033,29.386394534000033],[78.980667611000058,29.386512467000045],[78.982574612000064,29.387014476000047],[78.98476465300007,29.387649558000078],[78.986816517000079,29.388093480000066],[78.989013598000042,29.388479491000055],[78.990798617000053,29.388540570000032],[78.992156610000052,29.388460481000038],[78.994026647000055,29.388212469000052],[78.995178521000071,29.388126571000043],[78.996467515000063,29.38792045100007],[78.998519556000076,29.388488468000048],[78.998832519000075,29.389371560000029],[78.998657555000079,29.390178435000053],[78.99954258300005,29.39120656800003],[79.000007628000048,29.391401599000062],[79.000518615000033,29.391614582000045],[79.003295506000029,29.39189551100003],[79.008010553000076,29.391929482000023],[79.011802549000038,29.391868579000061],[79.013351526000065,29.391920504000041],[79.014152593000063,29.391948493000029],[79.015548607000085,29.391183510000076],[79.014861602000053,29.390411486000062],[79.014259612000046,29.387956537000036],[79.014030612000056,29.386699577000059],[79.01386251200006,29.385570585000039],[79.013908629000071,29.384635567000032],[79.014129534000062,29.382833474000051],[79.014976543000046,29.381362476000049],[79.015037621000033,29.380054471000051],[79.01480052200003,29.378923543000042],[79.014038532000029,29.378398476000029],[79.01312252300005,29.377992574000075],[79.012084534000053,29.377208581000048],[79.011413547000075,29.376249447000077],[79.01200057300008,29.374397542000054],[79.012748657000031,29.373609501000033],[79.013626646000034,29.373077569000031],[79.014373497000065,29.372291463000067],[79.014411518000031,29.371480539000061],[79.014335653000046,29.369979441000055],[79.014182516000062,29.368539597000051],[79.013954570000067,29.367282464000027],[79.013992591000033,29.364725597000074],[79.013526490000061,29.362400549000029],[79.012367575000042,29.359552547000078],[79.011581645000035,29.357841457000063],[79.010047631000077,29.355354471000055],[79.008727658000055,29.352937541000074],[79.007591625000032,29.351152522000064],[79.006278515000076,29.350046588000055],[79.005683569000041,29.348964594000051],[79.004157651000071,29.347915515000068],[79.00398251200005,29.34703647200007],[79.005393488000038,29.347457511000073],[79.006652558000042,29.348123571000031],[79.007232544000033,29.349454458000025],[79.009452508000038,29.35108950700004],[79.011558586000035,29.351909583000065],[79.012779637000051,29.351701528000035],[79.014007552000066,29.351428521000059],[79.015182485000082,29.35234259200007],[79.016502636000041,29.353198578000047],[79.018295575000081,29.354570478000028],[79.019828532000076,29.355495463000068],[79.022949543000038,29.35591351000005],[79.024864640000033,29.356349511000076],[79.026191654000058,29.356895526000073],[79.027931611000042,29.35795252500003],[79.031074624000041,29.359617498000034],[79.034019614000044,29.360902443000043],[79.037269646000084,29.361696470000027],[79.039451591000045,29.362457579000079],[79.041137509000066,29.363075586000036],[79.042617661000065,29.363561578000031],[79.04402159600005,29.364170430000058],[79.04580661500006,29.365789462000066],[79.047912517000043,29.368169427000055],[79.049514652000084,29.369222556000068],[79.050491562000047,29.37137651200004],[79.051696595000067,29.373165578000055],[79.052375504000054,29.374061520000055],[79.053543572000081,29.375036494000028],[79.054862489000072,29.376016573000072],[79.056243541000072,29.377124443000071],[79.057403513000054,29.378410445000043],[79.058410524000067,29.379880564000075],[79.059753556000032,29.381734582000036],[79.059997520000081,29.382680513000025],[79.059577537000052,29.384164537000061],[79.058296640000037,29.385744493000061],[79.056312542000057,29.386989482000047],[79.055038509000042,29.388320545000056],[79.05397763700006,29.389659530000074],[79.051818576000073,29.391710514000067],[79.049888518000046,29.393455576000065],[79.04874456400006,29.394977443000073],[79.047393610000029,29.396556520000047],[79.045532551000065,29.397798515000034],[79.044654564000041,29.399461552000048],[79.044395638000083,29.400499543000024],[79.043723594000085,29.402364474000024],[79.043418553000038,29.404163574000052],[79.043197648000046,29.405218461000061],[79.044227540000065,29.406881498000075],[79.045417610000072,29.407331581000051],[79.047202628000036,29.407932513000048],[79.049049607000029,29.407777439000029],[79.05078164300005,29.407648592000044],[79.052352621000068,29.407388436000076],[79.053535651000061,29.406499534000034],[79.054931489000069,29.406530514000053],[79.056144620000055,29.406230576000041],[79.057350533000033,29.405883465000045],[79.05851754400004,29.405595496000046],[79.059989599000062,29.405284470000026],[79.061286514000074,29.404071515000055],[79.063255650000031,29.403888455000072],[79.063407555000083,29.405298550000055],[79.063529536000033,29.405269507000071],[79.064681587000052,29.404851460000032],[79.065887499000041,29.404470553000067],[79.066368563000083,29.404146499000035],[79.066932531000077,29.403747462000069],[79.067542616000082,29.40359344500007],[79.068000620000078,29.40292157600004],[79.068443486000035,29.402082490000055],[79.069335555000066,29.400934488000075],[79.070289584000079,29.400688587000047],[79.071433537000075,29.400726431000066],[79.073944638000057,29.40049743000003],[79.075607498000068,29.400115466000045],[79.077064592000056,29.399476514000071],[79.080284525000081,29.399333586000068],[79.08266449100006,29.398725437000053],[79.084060504000036,29.397836535000067],[79.086074525000072,29.397653475000027],[79.087112515000058,29.398374454000077],[79.087867641000059,29.399023438000029],[79.088989592000075,29.399684570000034],[79.090240566000034,29.399557483000024],[79.090850651000039,29.399496581000051],[79.092094584000051,29.398788452000076],[79.093078535000075,29.397510547000024],[79.095146594000084,29.395954531000029],[79.098190508000073,29.394994518000033],[79.100158587000067,29.394123572000069],[79.102088645000038,29.394123572000069],[79.104873633000068,29.394090479000056],[79.107391598000049,29.393672432000074],[79.109611563000044,29.393684577000045],[79.109695524000074,29.393697427000063],[79.111808644000064,29.394006518000026],[79.113090597000053,29.394048587000043],[79.114875615000074,29.394168456000045],[79.116569632000051,29.394723447000047],[79.117744565000066,29.395511489000057],[79.119430660000035,29.396316428000034],[79.120407570000054,29.396785521000027],[79.12160450600004,29.397199520000072],[79.123023579000062,29.397495586000048],[79.123786625000037,29.39789550200004],[79.125114521000057,29.398687593000034],[79.126289630000031,29.398920467000039],[79.126800616000082,29.401052597000046],[79.127166561000081,29.402500536000048],[79.127227641000047,29.404314599000031],[79.126510534000033,29.406038538000075],[79.125595584000052,29.407381570000041],[79.124832536000042,29.408542599000043],[79.124114551000048,29.41026653800003],[79.124374533000037,29.411350468000023],[79.124420649000058,29.411525433000065],[79.124595614000043,29.412467491000029],[79.124603534000073,29.413965597000072],[79.124839578000035,29.415035447000037],[79.125198658000045,29.416606425000055],[79.125488563000033,29.418178460000036],[79.12612153200007,29.42007049700004],[79.126678634000029,29.422149468000043],[79.126892499000064,29.423841550000077],[79.127227640000058,29.425975440000059],[79.127464564000036,29.427169559000049],[79.127700606000076,29.428363502000025],[79.127868529000068,29.429429479000078],[79.128082570000061,29.431060480000042],[79.128814636000072,29.432332576000078],[79.12925750200003,29.433658535000063],[79.129508507000082,29.434482484000057],[79.129699489000075,29.435108587000059],[79.130119647000072,29.436870547000069],[79.130767578000075,29.441823572000033],[79.130927580000048,29.44314055500007],[79.131706644000076,29.443935461000024],[79.131812609000065,29.444044593000058],[79.133308602000056,29.44421744400006],[79.13439165300008,29.444002523000051],[79.135803510000073,29.444360548000077],[79.136833577000061,29.445394490000069],[79.137710509000044,29.446546540000043],[79.138313555000082,29.447565520000069],[79.139266525000039,29.448657547000039],[79.139930649000064,29.449865573000068],[79.14060955900004,29.450635484000031],[79.141265583000063,29.452093457000046],[79.142005572000073,29.45311754100004],[79.142623578000041,29.453760543000044],[79.143569510000077,29.454978424000046],[79.144027513000083,29.455991595000057],[79.144493614000055,29.456819593000034],[79.144576520000044,29.456998429000066],[79.144950563000066,29.457832588000031],[79.145484606000082,29.458723426000063],[79.145858649000047,29.459985488000029],[79.145820628000081,29.460857492000059],[79.145828550000033,29.462356477000071],[79.146278633000065,29.463556582000024],[79.146675558000084,29.464256437000074],[79.147552489000077,29.465534517000037],[79.147926531000053,29.466857483000069],[79.148101495000049,29.467737584000076],[79.149124524000058,29.468955466000068],[79.14971964800003,29.470037460000071],[79.14967353000003,29.471158531000071],[79.149627588000044,29.472219580000058],[79.149589569000057,29.473091582000052],[79.149307584000042,29.474706565000076],[79.148750657000051,29.475997497000037],[79.148185633000082,29.477540487000056],[79.147697530000073,29.478836522000051],[79.146636658000034,29.48029854300006],[79.145172523000042,29.481124430000079],[79.143836531000034,29.482080570000051],[79.143005542000083,29.483240541000043],[79.142318535000072,29.484216572000037],[79.141616568000074,29.485630540000045],[79.140602518000037,29.48701053700006],[79.139320564000059,29.489112568000053],[79.139068503000033,29.489915570000051],[79.13890058000004,29.490146508000066],[79.138542556000061,29.490648518000057],[79.137435565000033,29.491422478000061],[79.134010569000054,29.492809515000033],[79.13314050300005,29.493093434000059],[79.132110610000041,29.493682573000058],[79.130500555000083,29.49469152000006],[79.129386526000076,29.49565558200004],[79.128478614000073,29.496686530000034],[79.127731586000039,29.497409444000027],[79.126686554000059,29.498437577000061],[79.126594496000052,29.498594587000071],[79.126075590000085,29.49941642400006],[79.125282619000075,29.500059425000074],[79.124816519000035,29.50043646000006],[79.123718505000056,29.500961527000072],[79.120506495000029,29.502416508000067],[79.118957518000059,29.503614500000026],[79.117027635000056,29.505237580000028],[79.115997568000068,29.505889558000035],[79.114593631000048,29.506967504000045],[79.113258520000045,29.508047563000048],[79.11186250600008,29.508874504000062],[79.110610651000059,29.509708487000069],[79.109558581000044,29.51092144100005],[79.108756634000031,29.512355475000049],[79.108390512000085,29.513006573000041],[79.107688544000041,29.514417550000076],[79.107292500000085,29.515279519000046],[79.107093597000073,29.516521516000068],[79.107345657000053,29.516565520000029],[79.107353579000062,29.517215562000047],[79.106422609000049,29.518808543000034],[79.105361561000052,29.520271445000049],[79.104469492000078,29.520992599000067],[79.103202500000066,29.522068433000072],[79.102912594000031,29.522314508000079],[79.101150636000057,29.523380485000075],[79.099822564000078,29.524270442000045],[79.099059518000047,29.525308432000031],[79.099098595000044,29.526121469000032],[79.099204558000054,29.526317555000048],[79.099563640000042,29.526947530000029],[79.099082577000047,29.528055576000042],[79.097579542000062,29.528131440000038],[79.096435589000066,29.528030580000063],[79.096588550000035,29.528625528000077],[79.09638964700008,29.529214492000051],[79.096488570000076,29.530092479000075],[79.096877575000065,29.531166553000048],[79.09725953800006,29.532115476000058],[79.097213596000074,29.533237427000074],[79.097579542000062,29.534624466000025],[79.098045643000034,29.53557356400006],[79.09828150900006,29.536581455000032],[79.098091584000031,29.537824507000039],[79.098129605000054,29.538099451000051],[79.098258627000064,29.538890484000035],[79.099090497000077,29.53948050300005],[79.099487598000053,29.540180535000047],[79.100021643000048,29.54113350700004],[79.100898575000031,29.54228555800006],[79.101364499000056,29.543113555000048],[79.101463598000066,29.544115461000047],[79.101859643000068,29.544877451000048],[79.102477650000083,29.545459550000032],[79.103317616000083,29.545862458000045],[79.104591649000042,29.546277513000064],[79.105003536000083,29.546379430000059],[79.106361530000072,29.546712459000048],[79.108055547000049,29.547204435000026],[79.108901499000069,29.547607522000078],[79.110015528000076,29.548267596000073],[79.110114628000076,29.549270558000046],[79.110145607000049,29.550270528000055],[79.110450649000029,29.551465526000072],[79.11070253400004,29.552286483000046],[79.111366658000065,29.553493453000044],[79.112533494000047,29.554470540000068],[79.11293059500008,29.555356448000055],[79.112663572000031,29.556470478000051],[79.112762496000073,29.557535575000031],[79.112426650000032,29.558710508000047],[79.111953508000056,29.559631445000036],[79.110290648000046,29.560014464000062],[79.109138597000083,29.560163552000063],[79.108222589000036,29.559946521000029],[79.10614062500008,29.560127469000065],[79.104408588000069,29.560319507000031],[79.103309520000039,29.560907590000056],[79.101852602000065,29.56160744500005],[79.100509571000032,29.562749463000046],[79.099418598000057,29.563213451000024],[79.098022585000081,29.563978433000045],[79.09728259600007,29.564702579000027],[79.09638964700008,29.565422501000057],[79.095947661000082,29.566123589000028],[79.095771641000056,29.56640046800004],[79.094566609000083,29.567796482000062],[79.093643561000079,29.56938946300005],[79.092956554000068,29.570240520000027],[79.092285565000054,29.570905523000079],[79.091461616000061,29.571752531000072],[79.091270634000068,29.572734547000039],[79.09118649800007,29.573179525000057],[79.09255962900005,29.572849488000031],[79.094291489000057,29.572469460000036],[79.09549757800005,29.572696526000072],[79.096397569000032,29.573476471000049],[79.096855572000038,29.574489466000045],[79.097167656000067,29.575498588000073],[79.097343499000033,29.57637956800005],[79.097511599000029,29.577383586000053],[79.097762604000081,29.578203488000042],[79.097869623000065,29.579017580000027],[79.09812150700003,29.579963511000074],[79.098411588000033,29.581470594000052],[79.098579511000082,29.581726527000058],[79.099418598000057,29.583002495000073],[79.100402550000069,29.583471589000055],[79.101470640000059,29.583507496000038],[79.10332465700003,29.583631591000028],[79.105781544000081,29.583087513000066],[79.106925497000077,29.583126589000074],[79.10777250600006,29.583528443000034],[79.108970498000076,29.583942441000033],[79.110000566000053,29.583976590000077],[79.110755515000051,29.584001585000067],[79.11160252500008,29.584341479000045],[79.113067538000053,29.585138497000059],[79.113914546000046,29.585416433000034],[79.114753635000056,29.585943437000026],[79.115882627000076,29.586355500000025],[79.117088538000075,29.586645581000028],[79.118499515000053,29.587003429000049],[79.121314602000041,29.586408481000035],[79.122268630000065,29.58600451600006],[79.123008619000075,29.585466598000039],[79.123680486000069,29.584739460000037],[79.124496515000033,29.584140464000029],[79.125739568000085,29.583433568000032],[79.126670536000063,29.583402588000069],[79.128601652000043,29.583465428000068],[79.130088494000063,29.583950539000057],[79.130607576000045,29.585092556000063],[79.130500555000083,29.586025462000066],[79.130012628000031,29.587320441000031],[79.129455525000083,29.588674562000051],[79.128692655000066,29.589649536000024],[79.12795249100003,29.590311548000045],[79.127265661000081,29.591224564000072],[79.126808537000045,29.591958567000063],[79.126411612000084,29.592819481000049],[79.125877567000032,29.593551547000061],[79.125625507000052,29.594354550000048],[79.125930549000032,29.595613445000026],[79.125961529000051,29.596549520000053],[79.125625506000063,29.59766355000005],[79.124732557000073,29.59850651000005],[79.123329503000036,29.599460537000027],[79.12181062600007,29.599910445000035],[79.12052955200005,29.599742522000042],[79.119254640000065,29.599388545000068],[79.11682855600003,29.599246497000024],[79.115096520000066,29.599439591000078],[79.113387543000044,29.599319545000071],[79.111732604000053,29.599515455000073],[79.110855496000056,29.599924526000052],[79.109840564000081,29.60013944700006],[79.109031577000053,29.600675427000056],[79.10777250600006,29.601570489000039],[79.107314502000065,29.602241477000064],[79.106574514000044,29.602779570000052],[79.10583452700007,29.60337856700005],[79.104232569000033,29.604011533000062],[79.10315655800008,29.603977562000068],[79.10208160500008,29.604003437000074],[79.100997498000083,29.604280492000044],[79.099983623000071,29.604495589000067],[79.098770493000075,29.604455456000039],[79.097839523000061,29.604486435000069],[79.096465511000076,29.604816474000074],[79.095100652000042,29.604896562000079],[79.094100508000054,29.604801511000062],[79.092872592000049,29.605009567000025],[79.092735649000076,29.605781590000049],[79.092689532000065,29.606063574000075],[79.09355959800007,29.60734147900007],[79.094253644000048,29.607988529000068],[79.095207497000047,29.609020534000024],[79.095817583000041,29.609851524000078],[79.096069643000078,29.610609466000028],[79.096008564000044,29.612043501000073],[79.096755593000069,29.61300245700005],[79.096847651000076,29.614192527000057],[79.096313606000081,29.61486246000004],[79.095352538000043,29.615640469000027],[79.09516155600005,29.616634454000064],[79.094970574000058,29.617689516000041],[79.094863555000074,29.618558527000062],[79.094261566000057,29.619163508000042],[79.093658522000055,29.619892582000034],[79.09360466000004,29.621202522000033],[79.093818524000085,29.622831589000043],[79.094329509000033,29.624160539000059],[79.094856513000082,29.625238485000068],[79.094886613000085,29.625808438000035],[79.094894533000058,29.626050465000048],[79.093849503000058,29.627016463000075],[79.092979613000068,29.627237543000035],[79.092170625000051,29.627708573000064],[79.09072162800004,29.628223431000038],[79.089767600000073,29.628627573000074],[79.08876058900006,29.628719456000056],[79.086906572000032,29.628658553000037],[79.08559451900004,29.627553500000033],[79.083831503000056,29.626871599000026],[79.082755493000036,29.626834458000076],[79.081115515000079,29.626718461000053],[79.080131564000055,29.626247431000024],[79.079177534000053,29.625154524000038],[79.078651588000071,29.624076577000039],[79.078918610000073,29.622961491000069],[79.079955544000029,29.622121523000033],[79.080634628000041,29.621395441000061],[79.081520537000074,29.620676575000061],[79.082290625000041,29.619577506000041],[79.081298576000052,29.619232508000039],[79.080314624000039,29.61876253500003],[79.07904059100008,29.618471573000079],[79.078292506000082,29.619195544000036],[79.077316652000036,29.620347594000066],[79.077262614000063,29.621532560000048],[79.077720618000058,29.622484477000057],[79.07684351100005,29.622892491000073],[79.075561557000071,29.622724568000024],[79.074539585000082,29.623252453000077],[79.074104639000041,29.623474589000068],[79.073730597000065,29.623662578000051],[79.073547536000035,29.624593548000064],[79.07278449000006,29.625566586000048],[79.071739636000075,29.626592431000063],[79.070960571000057,29.628065541000069],[79.070190660000037,29.627603489000023],[79.069374632000063,29.62657746800005],[79.068122602000074,29.62578555500005],[79.067192512000076,29.625755455000046],[79.064872570000034,29.626426443000071],[79.063308631000041,29.626186529000051],[79.062255504000063,29.625589469000033],[79.061576595000076,29.624879580000027],[79.060623624000073,29.623786496000037],[79.059684557000082,29.623943506000046],[79.058692508000036,29.623598507000054],[79.059165650000068,29.622615435000057],[79.059982559000048,29.622018552000043],[79.060874627000032,29.621173480000039],[79.060844529000065,29.620361500000058],[79.061942540000075,29.619710578000024],[79.06344557500006,29.619823583000027],[79.064620508000075,29.619052439000029],[79.063529536000033,29.617891588000077],[79.062499643000081,29.616796568000041],[79.062248639000074,29.61603950500006],[79.062644508000062,29.615177535000043],[79.063812578000068,29.614717596000048],[79.064865529000031,29.615190561000077],[79.065940659000034,29.615037423000047],[79.066978647000042,29.614261528000043],[79.067520613000056,29.613342528000032],[79.067634498000075,29.612348543000053],[79.067535575000079,29.611345581000023],[79.066787490000081,29.610509487000058],[79.065948578000075,29.61004444100007],[79.064491487000055,29.609060490000047],[79.063819618000082,29.608037462000027],[79.063438534000056,29.606840526000042],[79.063278532000083,29.605648519000056],[79.062873510000031,29.604782502000035],[79.062690624000084,29.604379591000054],[79.06143155400008,29.603651573000036],[79.061172629000055,29.603614432000029],[79.059654633000036,29.603404441000066],[79.057716653000057,29.60340356100005],[79.05663254600006,29.603677448000042],[79.054557623000051,29.603733598000076],[79.053634574000057,29.603549481000073],[79.053062510000075,29.60343348400005],[79.051719654000067,29.603013501000078],[79.050605623000081,29.602291467000043],[79.04877448600007,29.601730491000069],[79.047943498000052,29.601015498000038],[79.047111627000049,29.600488494000047],[79.046073637000063,29.601264566000054],[79.045471648000046,29.601869547000035],[79.044845546000033,29.603158541000028],[79.043899615000043,29.603502484000046],[79.043014585000037,29.604097431000071],[79.041908653000064,29.604745536000053],[79.040290502000062,29.605752548000055],[79.039070507000076,29.605712590000053],[79.038070538000056,29.605678442000055],[79.037139567000054,29.605648518000066],[79.036918488000083,29.605962539000075],[79.036529659000053,29.606500456000049],[79.03715558500005,29.607084490000034],[79.037612533000072,29.607910553000067],[79.037147488000073,29.608831488000078],[79.036125517000073,29.609296534000066],[79.033950614000048,29.609909434000031],[79.032569562000049,29.610362510000073],[79.031181644000071,29.610877545000051],[79.030273557000044,29.611970452000037],[79.028846563000059,29.611860440000044],[79.027610552000056,29.612318443000049],[79.02659562000008,29.612533540000072],[79.025817613000072,29.614006475000053],[79.026687503000062,29.615346515000056],[79.028602599000067,29.615785509000034],[79.030364559000077,29.616468467000061],[79.03146362800004,29.617443440000045],[79.032310636000034,29.617782455000054],[79.032272616000057,29.618656570000041],[79.031036604000064,29.619050503000039],[79.029617531000042,29.618816572000071],[79.028739543000029,29.619222475000072],[79.028343498000083,29.620082509000042],[79.027656493000052,29.62093550000003],[79.026657579000073,29.621025447000079],[79.025009505000071,29.62096947200007],[79.023940536000055,29.620872485000064],[79.023567548000074,29.621147429000075],[79.023048641000059,29.621528511000065],[79.02272054000008,29.622577591000038],[79.021575530000064,29.622478492000027],[79.020820582000056,29.621704532000024],[79.020255557000041,29.621530448000044],[79.01990562900005,29.621421493000071],[79.018531617000065,29.621749593000061],[79.017448567000031,29.62190255400003],[79.016067514000042,29.622291559000075],[79.014923560000057,29.622377457000027],[79.013992591000033,29.622283461000052],[79.01181751200005,29.622959554000033],[79.011260585000059,29.624189582000042],[79.009529604000079,29.624380564000035],[79.008605500000044,29.624349584000072],[79.007682628000055,29.624069537000025],[79.006477595000035,29.623779456000079],[79.005729509000048,29.623786497000026],[79.005119601000047,29.623794593000071],[79.003875491000031,29.624315436000074],[79.003753510000081,29.624801427000079],[79.003616567000051,29.625366451000048],[79.004608614000063,29.625526453000077],[79.005615624000029,29.625497586000051],[79.006896522000034,29.625602495000066],[79.008399557000075,29.625715499000023],[79.009696648000045,29.625572571000077],[79.011146525000072,29.625318574000062],[79.011787589000051,29.625205569000059],[79.013442529000031,29.624950516000069],[79.014892581000083,29.62468754300005],[79.016296517000058,29.625295516000051],[79.017043544000046,29.626132491000078],[79.016921564000029,29.627376599000058],[79.016525518000037,29.628112539000028],[79.015808589000073,29.629898437000065],[79.015602645000058,29.631202570000028],[79.015190583000049,29.632375566000064],[79.013786647000074,29.633388561000061],[79.01289352200007,29.634107426000071],[79.011459488000071,29.634246483000027],[79.010497538000038,29.633277492000047],[79.00926962300008,29.631925484000078],[79.008354495000049,29.631519582000067],[79.007430567000085,29.631362571000068],[79.005966609000041,29.632062427000051],[79.004218554000033,29.633159559000035],[79.00398251200005,29.633306536000077],[79.003044501000034,29.633337515000051],[79.002517498000032,29.632259568000052],[79.001289583000073,29.630968462000055],[79.000450496000042,29.630441459000053],[79.000007629000038,29.630228475000024],[78.999610528000062,29.630037493000032],[78.999160621000044,29.628961484000058],[78.999267642000063,29.628152495000052],[78.997589643000083,29.627563532000067],[78.997505505000049,29.627532554000027],[78.99737560300008,29.628776487000039],[78.99724552400005,29.630146450000041],[78.997062638000045,29.631011588000035],[78.997054543000047,29.632698563000076],[78.996620654000083,29.634555573000057],[78.995872568000038,29.635217585000078],[78.99448359400003,29.635856536000063],[78.992904519000035,29.635990488000061],[78.991416623000077,29.635564520000059],[78.990653576000057,29.635040508000031],[78.989959530000078,29.634454538000057],[78.989059539000039,29.633800447000056],[78.988365492000071,29.633277492000047],[78.987457581000058,29.632871591000026],[78.986320493000051,29.632583446000069],[78.984954578000043,29.632724437000036],[78.983787566000046,29.633184554000024],[78.98269659400006,29.633583590000057],[78.98211660700008,29.634012552000058],[78.981735524000044,29.634300522000046],[78.980697535000047,29.634952499000065],[78.980163490000052,29.63574458800008],[78.979064598000036,29.636627505000035],[78.978828555000064,29.636823591000052],[78.97795056800004,29.637229493000063],[78.976707514000054,29.637750512000025],[78.975753486000031,29.638278572000047],[78.974792593000075,29.638933541000029],[78.973472619000063,29.639574430000039],[78.972595511000065,29.640043523000031],[78.971786524000038,29.640516489000049],[78.969764583000085,29.640758516000062],[78.968452530000036,29.641275488000076],[78.967773622000038,29.64206546500003],[78.966689515000041,29.64227651300007],[78.965629523000075,29.642053496000074],[78.964301628000044,29.641321429000072],[78.963165595000078,29.64097044500005],[78.962066527000047,29.641557471000056],[78.961166536000064,29.642524525000056],[78.960166566000055,29.643926524000051],[78.959846563000042,29.644727590000059],[78.959304597000084,29.645645535000028],[78.958915592000039,29.646381474000066],[78.957519578000074,29.647083442000053],[78.956161584000085,29.647098579000044],[78.954666646000078,29.646923440000023],[78.954025583000032,29.646900557000038],[78.953521637000051,29.646882427000037],[78.95243049000004,29.647157546000074],[78.951431575000072,29.647123575000023],[78.950591608000082,29.646594459000028],[78.949500637000085,29.646932594000077],[78.949043513000049,29.647603582000045],[78.948570548000077,29.648586476000048],[78.947158515000069,29.649723566000034],[78.945678540000074,29.650796584000034],[78.944282526000052,29.651498552000078],[78.94204760000008,29.651796553000054],[78.940414487000055,29.651489574000038],[78.939414517000046,29.651517561000048],[78.938537585000063,29.651863441000046],[78.937889656000038,29.652610468000034],[78.93732463200007,29.653257519000078],[78.936653644000046,29.65398254400003],[78.936233661000074,29.655216445000065],[78.935951500000044,29.656705574000057],[78.935340536000069,29.657619469000053],[78.933753539000065,29.657752540000047],[78.932594624000046,29.658149465000065],[78.931457536000039,29.657922575000043],[78.930320623000057,29.657634431000076],[78.928687510000032,29.657453482000051],[78.927780655000049,29.656799569000043],[78.927894538000032,29.655990581000026],[78.927955619000045,29.654558482000027],[78.927940656000033,29.653308564000042],[78.928207502000078,29.652132575000053],[78.928619565000076,29.650959577000037],[78.927894539000079,29.649560571000052],[78.927215630000035,29.64872746900005],[78.926605545000029,29.648019517000023],[78.925727557000073,29.646865529000024],[78.927047530000038,29.646162506000053],[78.929519556000059,29.645311450000065],[78.930908528000032,29.644672497000045],[78.932174640000085,29.643653516000029],[78.933578576000059,29.642641579000042],[78.934646489000045,29.642866531000038],[78.935531518000062,29.642986578000034],[78.935859618000052,29.643032518000041],[78.937263554000083,29.643579589000069],[78.938667490000057,29.64418949800006],[78.94046764400008,29.64406346800007],[78.941619520000074,29.643917547000058],[78.941986522000036,29.64374944900004],[78.942642547000048,29.643451447000075],[78.941978600000084,29.64224254100003],[78.940635568000062,29.641946476000044],[78.939430534000053,29.641530541000066],[78.938369486000056,29.641244508000057],[78.937248591000071,29.640707471000042],[78.935653499000068,29.639530426000078],[78.934692605000066,29.638746432000062],[78.933151551000037,29.637821447000078],[78.93222058200007,29.637851547000025],[78.93048062400004,29.63829054100006],[78.929481535000036,29.638319583000055],[78.928153640000062,29.637586462000058],[78.927307512000084,29.638385591000031],[78.925842498000065,29.639503494000053],[78.925102510000045,29.64010249100005],[78.924423601000058,29.640766438000071],[78.923606516000063,29.641487592000033],[78.922645623000051,29.642078491000063],[78.921409611000058,29.642534557000033],[78.920783509000046,29.643699459000061],[78.919868557000029,29.644853445000024],[78.918861547000063,29.645393475000049],[78.91810659600003,29.645791455000051],[78.917159610000056,29.646196478000036],[78.915969539000059,29.647153498000023],[78.914733526000077,29.647546550000072],[78.913925594000034,29.648080595000067],[78.913810654000031,29.649013502000059],[78.913062568000043,29.649736591000078],[78.912307620000036,29.650522520000038],[78.911430512000038,29.650928598000064],[78.910743505000084,29.65184249400005],[78.910423501000082,29.652641449000043],[78.909660632000055,29.653676446000077],[78.908439580000049,29.653696513000057],[78.908142635000047,29.653585444000043],[78.907173645000057,29.653215449000072],[78.906112596000071,29.652868515000023],[78.904960545000051,29.652952475000063],[78.903655534000052,29.653282513000079],[78.90228257800004,29.653547599000035],[78.900932505000071,29.653312436000078],[78.899413629000037,29.653572594000025],[78.898483540000029,29.653663596000058],[78.897460511000077,29.654129522000062],[78.896453501000053,29.654155572000036],[78.89544649100003,29.654184439000062],[78.893218607000051,29.654355531000078],[78.89241049900005,29.654764424000064],[78.891502588000037,29.654939565000063],[78.890754503000039,29.655082494000055],[78.889022643000033,29.655271539000069],[78.888122653000039,29.656175578000045],[78.886894561000076,29.656383457000061],[78.885604510000064,29.656400531000031],[78.883796609000058,29.65683758800003],[78.881904571000064,29.657459466000034],[78.88023361300003,29.657962533000045],[78.879280642000083,29.658365442000047],[78.877677628000072,29.658996474000048],[78.876937640000051,29.659469439000077],[78.875778548000085,29.659866540000053],[78.874374614000033,29.66075350400007],[78.874053553000067,29.661491556000044],[78.872718618000079,29.662445584000068],[78.871780606000073,29.662536586000044],[78.870483517000082,29.662677578000057],[78.869186601000081,29.662883523000062],[78.867950588000042,29.663276574000065],[78.867004657000052,29.66368159700005],[78.865844511000034,29.663951435000058],[78.86461659400004,29.664220570000055],[78.863380583000037,29.664489528000047],[78.86250259500008,29.664895429000069],[78.861556488000076,29.665300452000054],[78.860542612000074,29.665452532000074],[78.858962658000053,29.66552153300006],[78.858016550000059,29.665863540000032],[78.857345562000035,29.666463592000071],[78.856231532000038,29.667236495000054],[78.854926521000039,29.667627437000078],[78.853012656000033,29.668683556000076],[78.852340611000045,29.66934750300004],[78.851585660000069,29.669956532000072],[78.848815634000061,29.668876474000058],[78.84598558600004,29.664945595000063],[78.845085597000036,29.663290480000057],[78.844810652000035,29.662784599000076],[78.84519965700008,29.661991452000052],[78.845237501000042,29.661085478000075],[78.844261646000064,29.659740510000063],[78.843086537000033,29.657480589000045],[78.843025634000071,29.656368495000038],[78.842155567000077,29.655126498000072],[78.840362628000037,29.653852466000046],[78.838485551000076,29.65187048100006],[78.837821604000055,29.650808553000047],[78.836967556000047,29.649454431000038],[78.836540530000036,29.648775522000051],[78.834114623000062,29.646167434000063],[78.829948583000032,29.643600536000065],[78.829826602000082,29.643539456000042],[78.824859495000055,29.641101579000065],[78.823203498000055,29.639997583000024],[78.822952493000059,29.639823498000055],[78.822654491000037,29.638603504000059],[78.822395566000068,29.636024460000044],[78.822341528000038,29.635465597000064],[78.821250556000052,29.631492474000027],[78.819274557000085,29.629102475000025],[78.817611519000081,29.627632533000053],[78.817214595000053,29.626104502000032],[78.817497635000052,29.625005435000048],[78.818519607000042,29.623023449000073],[78.818946632000063,29.621223469000029],[78.819152575000032,29.620805598000061],[78.819587521000074,29.619934475000036],[78.820014545000049,29.619831504000047],[78.819778502000077,29.619289538000032],[78.819724640000061,29.618209480000075],[78.818954552000037,29.617105483000046],[78.818450608000035,29.616817514000047],[78.817550616000062,29.616928582000071],[78.817314575000069,29.61695657000007],[78.816551527000058,29.617738450000047],[78.814575529000081,29.61820754300004],[78.813156631000084,29.617797593000034],[78.812660607000055,29.617332549000025],[78.812385487000029,29.616514584000072],[78.811698657000079,29.615861549000044],[78.810348584000053,29.616083511000056],[78.80817456300008,29.616275549000079],[78.806945592000034,29.616144589000044],[78.806030638000038,29.615930549000041],[78.805648499000085,29.615200595000033],[78.805808502000048,29.614038511000047],[78.805641635000029,29.613224595000077],[78.804748510000081,29.612384451000025],[78.802619548000052,29.611680547000049],[78.801368574000037,29.611032441000077],[78.800208602000055,29.610429574000079],[78.799003569000035,29.609823537000068],[78.798293505000061,29.609464456000069],[78.796249561000081,29.609212572000047],[78.793609614000047,29.60831046900006],[78.790550563000068,29.607753543000058],[78.790229502000045,29.607730483000068],[78.788085581000075,29.607576465000079],[78.785423630000082,29.607213513000033],[78.784225638000066,29.607007569000075],[78.784095559000036,29.606986446000064],[78.783508533000031,29.606246459000033],[78.782722603000082,29.605501543000059],[78.780975605000037,29.605350518000023],[78.778907548000063,29.605634438000038],[78.777755496000054,29.605451552000034],[78.777473513000075,29.605405435000023],[78.774604563000082,29.605033506000041],[78.768096577000051,29.603366596000058],[78.76641065900003,29.602220531000057],[78.766357500000083,29.601533524000047],[78.765457510000033,29.600179578000052],[78.76348150900003,29.598186505000058],[78.763252508000051,29.597619544000054],[78.762412540000071,29.595546557000034],[78.762008575000038,29.593954457000052],[78.762092536000068,29.591966488000025],[78.762817563000056,29.591373477000047],[78.763160625000069,29.591094484000052],[78.764305634000038,29.590604445000054],[78.765952654000046,29.591320494000058],[78.767875496000045,29.592296525000052],[78.769294569000067,29.592750481000053],[78.769859594000081,29.592725486000063],[78.770675621000066,29.592603504000067],[78.771675591000076,29.592386472000044],[78.772697563000065,29.591762481000046],[78.774047637000081,29.591058576000023],[78.774909606000051,29.590377556000078],[78.774986526000077,29.589578424000024],[78.774940584000035,29.588460523000037],[78.774810506000051,29.587499453000078],[78.77455862100004,29.586364477000075],[78.774383658000033,29.585561473000041],[78.773376647000077,29.585033590000023],[78.772453599000073,29.584684542000048],[78.771926594000035,29.584436530000062],[78.771827495000082,29.583953531000077],[78.768470619000084,29.581413564000059],[78.767242528000054,29.580562506000035],[78.765838594000058,29.579092564000064],[78.763694494000049,29.576845493000064],[78.762542619000044,29.574151507000067],[78.762794503000066,29.572149457000023],[78.762931623000043,29.571048451000024],[78.763084584000069,29.569187569000064],[78.76348150900003,29.567144505000044],[78.764152496000065,29.565610491000029],[78.764388541000073,29.565057436000075],[78.764884564000056,29.564037577000079],[78.766708659000074,29.562910521000049],[78.77053058100006,29.560928535000073],[78.770797603000062,29.559530585000061],[78.771240645000034,29.559076454000035],[78.771064625000065,29.55861651400005],[78.770675621000066,29.558370437000065],[78.770217618000061,29.557136538000066],[78.769088625000052,29.555086433000042],[78.768402500000036,29.552732518000028],[78.767890633000036,29.549255596000023],[78.768020537000041,29.546295468000039],[78.767944496000041,29.544586491000075],[78.767570629000033,29.542745498000045],[78.763618629000064,29.541698531000065],[78.761558492000063,29.541221516000064],[78.760604639000064,29.541551554000023],[78.759445548000031,29.541952528000024],[78.75685154100006,29.542898459000071],[78.75304458200003,29.542793551000045],[78.75108354300005,29.542562437000072],[78.750678521000054,29.542734584000073],[78.749244487000055,29.543346430000042],[78.746597499000075,29.543313514000033],[78.744354652000084,29.543029593000028],[78.742195591000041,29.543165481000074],[78.74023455300005,29.542074510000077],[78.74005853400007,29.542036489000054],[78.740295632000084,29.541410562000067],[78.739555644000063,29.540901513000051],[78.738777636000066,29.539934458000062],[78.738593519000062,29.538394460000063],[78.73854863400004,29.538019538000071],[78.740005551000081,29.536790566000036],[78.740348614000084,29.53565453300007],[78.740249514000084,29.534439468000073],[78.740852559000075,29.533170540000071],[78.741569488000039,29.531974483000056],[78.742523517000052,29.531150535000052],[78.744262595000066,29.530052523000052],[78.745376624000073,29.528425569000035],[78.746642560000055,29.527158578000069],[78.74889350400008,29.525688460000026],[78.752189654000063,29.524454560000038],[78.755363645000045,29.523458462000065],[78.756362559000081,29.524200563000079],[78.75698056400006,29.52406555500005],[78.758354576000045,29.523767554000074],[78.75868954200007,29.523233510000068],[78.758850600000073,29.522977576000073],[78.759056543000042,29.521068463000063],[78.758438538000064,29.519533570000078],[78.758857642000066,29.517833568000071],[78.758468637000078,29.516407456000024],[78.757545588000085,29.515115468000033],[78.756393538000054,29.513408427000059],[78.756103633000066,29.511705433000031],[78.756561637000061,29.510400598000047],[78.75764451200007,29.508882425000024],[78.757705590000057,29.508796528000062],[78.758514578000074,29.507200555000054],[78.75970465000006,29.505722515000059],[78.761001564000082,29.504190438000023],[78.761291645000085,29.503156497000077],[78.761733631000084,29.501535528000034],[78.762184594000075,29.500797476000059],[78.762222615000042,29.499141481000038],[78.761680650000073,29.497505551000074],[78.761413626000035,29.496818545000053],[78.761108584000056,29.49601959000006],[78.759879613000066,29.494922458000076],[78.758987544000036,29.493871442000057],[78.758872603000043,29.493785546000026],[78.759200527000075,29.493362570000045],[78.759849513000063,29.491825563000077],[78.760475616000065,29.490537449000044],[78.761527512000043,29.489450526000041],[78.763137567000058,29.488759471000037],[78.763938633000066,29.488244437000048],[78.76461050100005,29.487813540000047],[78.765357531000063,29.487091507000059],[78.766036615000075,29.486303465000049],[78.767211548000034,29.485658528000044],[78.768257635000055,29.484821552000028],[78.770095636000065,29.483638524000071],[78.772033615000055,29.482023540000057],[78.773139549000064,29.481187445000046],[78.77440654000003,29.480234473000053],[78.776534623000032,29.479000572000075],[78.778602505000038,29.477575515000069],[78.780593642000042,29.47639653400006],[78.782340640000029,29.475584553000033],[78.783302588000083,29.474994534000075],[78.785896595000054,29.473089470000048],[78.787658555000064,29.471965583000042],[78.789497612000048,29.470970542000032],[78.791999559000033,29.469434592000027],[78.792533605000074,29.469100507000064],[78.797813499000085,29.466690440000036],[78.809272573000044,29.46659451000005],[78.810310564000076,29.466155517000061],[78.822601510000084,29.460943564000047],[78.823600599000031,29.460517597000035],[78.823707619000061,29.460493482000061],[78.825897659000077,29.459964543000069],[78.829009516000042,29.459215576000076],[78.836097488000064,29.460334536000062],[78.839858507000031,29.459625527000071],[78.842376648000084,29.459148513000059],[78.843398621000063,29.458839599000044],[78.846549554000035,29.457883457000037],[78.852783652000085,29.455995467000037]]]},"properties":{"OBJECTID":2,"Reserve_Name_Std":"Jim Corbett National Park","FIRST_SitRecID":18445,"FIRST_Region":"Asia","Country":"India","FIRST_NatName":"Corbett Tiger Reserve","FIRST_IntName":"Corbett Tiger Reserve","FIRST_SitLat":29.521467337499999,"FIRST_SitLong":78.954646378700005,"SUM_SitAreaKM2":818.11029882900004,"FIRST_KbaStatus":"confirmed","FIRST_KbaClass":"Global/Regional TBD","FIRST_IbaStatus":"confirmed","FIRST_LegacyKba":" ","FIRST_AzeStatus":" ","FIRST_LastUpdate":"2004","FIRST_Source":"Recieved from Partner in August 2010","FIRST_DelTxt":" ","Area_sqkm":820.42760863482613,"Reserve_ID":8,"Reserve_Name":"Jim Corbett National Park","State":"Uttarakhand","Reserve_ID_1":8,"Baseline_Year":2006,"Year_2006":164,"Year_2010":214,"Year_2014":215,"Year_2018":231,"Year_2022":260,"Abs_Change":96,"Pct_Change":58.536585365853703,"AAGR":2.92197081068994,"Notes":null,"OBJECTID_1":7,"Reserve_ID_12":null,"Reserve_Name_1":"Jim Corbett National Park","State_1":"Uttarakhand","Landscape":"Terai Arc","NP_Year":1936,"TR_Year":1974,"Area_sqkm_1":1462.6600000000001,"Forest_2021_sqkm":652.38,"Forest_Pct":44.602299919325098,"Pop_2006":164,"Pop_2022":260,"Abs_Change_1":96,"Pct_Change_1":58.536585365853703,"AAGR_1":2.92197081068994,"Density_2022":17.7758330712537,"Rank_Growth":"5","Growth_Category":"Moderate growth","Notes_1":"\u26A0\uFE0F Forest area anomaly (\u2212594 km² 2011\u21922021) likely boundary revision — verify before analysis. Oldest NP in India; first Project Tiger reserve 1973.","OBJECTID_1_1":7,"OBJECTID_1_12":null,"VALUE":8,"COUNT":911593,"AREA":820433700,"Elev_Min":257,"Elev_Max":1329,"RANGE":1072,"Elev_Mean":535.1324922416037,"Elev_StdDev":169.7851491993772,"SUM":487823034,"VARIETY":1041,"MAJORITY":347,"MAJORITY_COUNT":26944,"MAJORITY_PERCENT":2.95569992,"MINORITY":257,"MINORITY_COUNT":1,"MINORITY_PERCENT":9.99999975e-05,"MEDIAN":499,"PCT90":781,"Terrain_Type":"Mid-elevation forest (400–800m)","Reserve_Name_Std_1":"Jim Corbett National Park","State_12":null,"TR_Area_sqkm":1462.6600000000001,"VDF_2021":311.35000000000002,"MDF_2021":288.48000000000002,"OF_2021":52.549999999999997,"Total_Forest_2021":652.38,"Pct_of_TR_2021":0.44600000000000001,"Forest_Change_sqkm":-594.64999999999998,"OBJECTID_1_12_13":null,"Forest_Per_100km":44.602299919325063,"Shape_Length":1.7859178801425506,"Shape_Area":0.076132347742620718}},{"type":"Feature","id":3,"geometry":{"type":"Polygon","coordinates":[[[80.543116546000078,22.416785583000035],[80.542316535000055,22.417385459000059],[80.541216586000075,22.417685573000028],[80.540216617000056,22.417285479000043],[80.53871657500008,22.416885562000061],[80.53781658500003,22.416185531000053],[80.537016574000063,22.415685457000052],[80.535916625000084,22.415385520000029],[80.534316604000082,22.415085581000028],[80.533216656000036,22.415085582000074],[80.532116531000042,22.414985426000044],[80.531116561000033,22.414985426000044],[80.53011659200007,22.414985426000044],[80.528616549000049,22.415085582000074],[80.527216663000047,22.415185561000044],[80.52621651700008,22.415085582000074],[80.52521654800006,22.415185561000044],[80.524016620000054,22.414885447000074],[80.522616558000038,22.414685489000078],[80.521316649000084,22.414585509000062],[80.521016536000047,22.413785499000028],[80.520616619000066,22.412585570000033],[80.519916587000068,22.412285456000063],[80.519616649000056,22.411585425000055],[80.519516493000083,22.410685434000072],[80.518516524000063,22.410685435000062],[80.517816492000065,22.410785590000046],[80.517316597000047,22.41038549700005],[80.517416576000073,22.409485507000056],[80.517116637000072,22.408985434000044],[80.516216647000078,22.408285579000051],[80.515116523000074,22.407485567000037],[80.514416491000077,22.406885516000045],[80.514216532000034,22.406285463000074],[80.513616657000057,22.405185515000028],[80.513216563000071,22.40448548300003],[80.512716490000059,22.403685473000053],[80.512716491000049,22.402685503000043],[80.512816646000033,22.402085452000051],[80.513016604000029,22.401185462000058],[80.512716490000059,22.40048543100005],[80.512416552000047,22.399885554000036],[80.512616510000043,22.398985564000043],[80.513016604000029,22.398385512000061],[80.513116584000045,22.397785460000023],[80.513116584000045,22.396585532000074],[80.512816646000033,22.395185469000069],[80.513116584000045,22.393485468000051],[80.513816615000053,22.392885592000027],[80.514716605000046,22.392685457000027],[80.51551661600007,22.392585478000058],[80.516416606000064,22.39198542500003],[80.517016659000035,22.391085436000026],[80.517316597000047,22.390085467000063],[80.518216585000062,22.388285486000029],[80.51931653500003,22.385685496000065],[80.51931653500003,22.384785505000025],[80.51931653500003,22.384185453000043],[80.519116576000044,22.382885546000068],[80.519216555000071,22.381485484000052],[80.519516493000083,22.380485514000043],[80.519816608000042,22.379985441000031],[80.519916587000068,22.379285586000037],[80.52031650400005,22.377985502000058],[80.520316505000039,22.376685418000022],[80.520416659000034,22.375885584000059],[80.520316505000039,22.374285563000058],[80.52021652500008,22.37358553200005],[80.52021652500008,22.372485583000071],[80.519916588000058,22.371885530000043],[80.51931653500003,22.371685572000047],[80.518116607000081,22.371685572000047],[80.516216648000068,22.371785552000063],[80.513116584000045,22.371985510000059],[80.512416552000047,22.371885530000043],[80.511416583000084,22.371085520000065],[80.510816530000056,22.370185530000072],[80.510716553000066,22.368985425000062],[80.511116645000072,22.368185591000042],[80.511716521000039,22.367585539000061],[80.512016635000066,22.367085467000038],[80.511816500000066,22.365585424000074],[80.511916656000039,22.364685433000034],[80.512116615000082,22.363885424000046],[80.512016635000066,22.363185567000073],[80.511816500000066,22.362485536000065],[80.511516562000054,22.361685526000031],[80.511316603000068,22.360185483000066],[80.511316604000058,22.35898555600005],[80.511416583000084,22.358285525000042],[80.51161654100008,22.357585492000055],[80.511716521000039,22.356685503000051],[80.51191665500005,22.356085452000059],[80.51191665500005,22.355285440000046],[80.511816500000066,22.354585585000052],[80.511516562000054,22.353885554000044],[80.510916510000072,22.353285502000062],[80.510116499000048,22.353085543000077],[80.509316489000071,22.352985563000061],[80.508016581000049,22.351985417000037],[80.507416529000068,22.351285563000033],[80.507016612000029,22.350785490000078],[80.505516570000054,22.349485584000035],[80.505016497000042,22.349185469000076],[80.504516600000045,22.348685572000022],[80.504416622000065,22.348085520000041],[80.50471655900003,22.347385489000033],[80.504916517000083,22.346585477000076],[80.505816507000077,22.346985571000062],[80.506516540000064,22.347585447000029],[80.507116590000066,22.347785582000029],[80.507716643000037,22.347885562000045],[80.508416498000031,22.347985541000071],[80.509016551000059,22.348185498000078],[80.509816562000083,22.348585593000053],[80.510716552000076,22.348685572000022],[80.51161654100008,22.348685572000022],[80.512616511000033,22.348485436000033],[80.513216563000071,22.348285478000037],[80.513816615000053,22.348085520000041],[80.514416491000077,22.347985540000025],[80.515016544000048,22.347885562000045],[80.51551661600007,22.347385489000033],[80.516216647000078,22.34648549800005],[80.516916502000072,22.345985426000027],[80.51761653300008,22.345385549000071],[80.517916648000039,22.344885477000048],[80.518116607000081,22.344085466000024],[80.518516524000063,22.341385496000044],[80.518616503000032,22.340185568000038],[80.518916617000059,22.338985464000075],[80.51931653500003,22.338085473000035],[80.519516494000072,22.33678556600006],[80.519516493000083,22.335785421000026],[80.519516494000072,22.335085565000043],[80.519516494000072,22.334385534000035],[80.519416514000056,22.333385564000025],[80.519416514000056,22.332785513000033],[80.519416514000056,22.331885523000039],[80.518916617000059,22.331285470000068],[80.517516555000043,22.329885584000067],[80.517016658000045,22.329285532000029],[80.516616565000049,22.328485521000061],[80.516816523000045,22.327585531000068],[80.517416576000073,22.327085458000056],[80.518416544000047,22.327085458000056],[80.52041666000008,22.327085458000056],[80.522416598000063,22.32688549900007],[80.525016589000074,22.326585562000048],[80.525416506000056,22.325985509000077],[80.52551666200003,22.324885561000031],[80.526016558000038,22.321185445000026],[80.526316497000039,22.318985547000068],[80.526916550000067,22.315785504000075],[80.527616581000075,22.312685441000042],[80.527616580000085,22.311785451000048],[80.527616580000085,22.31108542000004],[80.527616581000075,22.310285584000042],[80.527816539000071,22.309185460000037],[80.527816539000071,22.308285470000044],[80.528016497000067,22.307585439000036],[80.528116653000041,22.306885583000053],[80.527716560000044,22.306085573000075],[80.52641665200008,22.304185438000047],[80.525616641000056,22.30268557200003],[80.52521654700007,22.301885560000073],[80.525016589000074,22.301185529000065],[80.524816631000078,22.30008557900004],[80.524716651000062,22.299385548000032],[80.524516517000052,22.298185445000058],[80.524516516000062,22.296985516000063],[80.524616496000078,22.296185507000075],[80.523916641000085,22.295885568000074],[80.519416514000056,22.295785589000047],[80.517216617000031,22.295685433000074],[80.51561659500004,22.295585453000058],[80.513116583000055,22.295585454000047],[80.512016636000055,22.295285517000025],[80.510516593000034,22.294985578000023],[80.50961660300004,22.29478544400007],[80.508716612000057,22.294785443000023],[80.507916601000034,22.29478544400007],[80.507116590000066,22.294785443000023],[80.506116622000036,22.29478544400007],[80.505516570000054,22.294785443000023],[80.504916518000073,22.294585484000038],[80.504516600000045,22.29388545300003],[80.503516630000036,22.293685495000034],[80.502816600000074,22.293585515000075],[80.502616641000031,22.292685525000024],[80.503116539000075,22.291685556000061],[80.503816569000037,22.290585431000068],[80.504116508000038,22.289885575000028],[80.504416621000075,22.288985585000034],[80.504616580000061,22.288385533000053],[80.504916517000083,22.287685502000045],[80.505516570000054,22.287285584000074],[80.506116622000036,22.286785511000062],[80.506616519000033,22.286385418000066],[80.507216571000072,22.285985501000027],[80.508516653000072,22.285085512000023],[80.508416499000077,22.284085542000071],[80.508316520000051,22.283485491000079],[80.508216540000035,22.282785458000035],[80.508516654000061,22.281985448000057],[80.508916572000032,22.281185437000033],[80.509716582000067,22.28028544700004],[80.510916510000072,22.28048558200004],[80.511716521000039,22.280385426000066],[80.512016636000055,22.279785550000042],[80.512016636000055,22.278885560000049],[80.511916656000039,22.277885590000039],[80.511716521000039,22.277185559000031],[80.51161654200007,22.276485528000023],[80.511716521000039,22.275785497000072],[80.511816500000066,22.275085466000064],[80.512016636000055,22.27448559000004],[80.513216563000071,22.270785474000036],[80.513516501000083,22.269585545000041],[80.513516502000073,22.268985493000059],[80.513816615000053,22.268285462000051],[80.514016574000038,22.267185514000062],[80.514416491000077,22.266285523000079],[80.514716605000046,22.265385533000028],[80.515216502000044,22.264585523000051],[80.51551661600007,22.263985471000069],[80.515916534000041,22.263285438000025],[80.51651658600008,22.262585584000078],[80.516916503000061,22.26198553200004],[80.517516554000053,22.26168541800007],[80.518416544000047,22.261585438000054],[80.519216555000071,22.26198553100005],[80.519516494000072,22.262585584000078],[80.519716627000037,22.263385418000041],[80.52031650400005,22.26298550000007],[80.520816577000062,22.262085511000066],[80.521716568000045,22.261785572000065],[80.523916640000039,22.262085511000066],[80.524416537000036,22.262485428000048],[80.524916610000048,22.262885521000044],[80.52551666100004,22.263685532000068],[80.525916580000057,22.264185429000065],[80.52641665200008,22.264485543000035],[80.527016528000047,22.264385564000065],[80.527516601000059,22.263985470000023],[80.52791651800004,22.262785542000074],[80.528016497000067,22.261385480000058],[80.528116653000041,22.260585468000045],[80.527716560000044,22.258685509000031],[80.527516601000059,22.257685540000068],[80.526616611000065,22.256185499000026],[80.526316497000039,22.255685425000024],[80.526016558000038,22.255185528000027],[80.525716620000082,22.254685456000061],[80.52521654800006,22.254085579000048],[80.524716652000052,22.253485527000066],[80.524216578000051,22.252985455000044],[80.523516547000042,22.252585538000062],[80.522816515000045,22.252185444000077],[80.52191652700003,22.251585568000053],[80.520616618000076,22.250585422000029],[80.519916587000068,22.249885567000035],[80.519116577000034,22.248885422000058],[80.519616649000056,22.248485505000076],[80.519516493000083,22.247285576000024],[80.516116492000037,22.245085502000052],[80.51551661600007,22.245985493000035],[80.514216532000034,22.245585576000053],[80.51431651200005,22.244785565000029],[80.514016574000038,22.243785419000062],[80.513216562000082,22.243085564000069],[80.512416552000047,22.242185574000075],[80.512716490000059,22.241485543000067],[80.513216563000071,22.240885490000039],[80.51291662400007,22.240085479000072],[80.512316573000078,22.239085510000052],[80.511716521000039,22.237485489000051],[80.512116614000035,22.236285560000056],[80.513116584000045,22.235385570000062],[80.514216532000034,22.235085457000025],[80.514516646000061,22.234185467000032],[80.515216501000054,22.234685539000054],[80.517116637000072,22.237185551000039],[80.518216586000051,22.23878557300003],[80.518516525000052,22.239285468000048],[80.51931653500003,22.239585583000064],[80.520516638000061,22.239985501000035],[80.523916641000085,22.24078551100007],[80.525816599000052,22.240885490000039],[80.527316641000084,22.24078551100007],[80.528516571000068,22.240285438000058],[80.529316581000046,22.239185489000079],[80.529616518000068,22.238285500000075],[80.53021657000005,22.237285530000065],[80.530916602000048,22.236685478000027],[80.531716614000061,22.236385540000072],[80.532316489000038,22.236285561000045],[80.533416613000043,22.236085426000045],[80.534216625000056,22.235685509000064],[80.535816646000058,22.234685538000065],[80.537316512000075,22.233785549000061],[80.539016513000036,22.232785580000041],[80.541516525000077,22.231985569000074],[80.543316505000064,22.23118555800005],[80.54381657700003,22.230885444000023],[80.545916495000085,22.22998545400003],[80.547216578000075,22.229185443000063],[80.54871662100004,22.228385433000028],[80.550116508000031,22.227585421000072],[80.550716560000069,22.227085526000053],[80.551716529000032,22.226385495000045],[80.553716644000076,22.22498543200004],[80.55601652100006,22.223285431000022],[80.556516593000083,22.222885513000051],[80.558416553000029,22.221985523000058],[80.559516502000065,22.221385471000076],[80.563016659000084,22.219485511000073],[80.565216556000053,22.218185429000073],[80.56701653600004,22.217085480000037],[80.568116662000079,22.216685562000066],[80.569016651000084,22.216485427000066],[80.570216580000078,22.216485426000077],[80.572316498000077,22.216485427000066],[80.574916489000032,22.216085510000028],[80.57681662400006,22.215385479000076],[80.578016552000065,22.214985561000049],[80.578916542000059,22.214285530000041],[80.579616574000056,22.213685478000059],[80.58061654200003,22.212585529000023],[80.580816501000072,22.211785518000056],[80.580816501000072,22.210985507000032],[80.58061654200003,22.210285476000024],[80.58051656300006,22.208485496000037],[80.580216626000038,22.207685486000059],[80.580016490000048,22.207085434000078],[80.579616574000056,22.206185443000038],[80.578816562000043,22.205285453000045],[80.578316489000031,22.204585422000036],[80.577616635000084,22.203385495000077],[80.577916572000049,22.202585482000075],[80.578916542000059,22.201985431000026],[80.579716553000083,22.201485534000028],[80.580016491000038,22.20068552400005],[80.580316604000075,22.199985492000053],[80.58051656300006,22.198985523000033],[80.580716522000046,22.197085562000041],[80.58051656300006,22.195885460000056],[80.580316605000064,22.194885490000047],[80.580416584000034,22.193985500000053],[80.58061654200003,22.193385447000026],[80.580816501000072,22.192585437000048],[80.580916657000046,22.191685448000044],[80.580916657000046,22.191085570000041],[80.581016637000062,22.190485519000049],[80.581416553000054,22.189985446000037],[80.582016605000035,22.189585529000055],[80.583016575000045,22.18938557000007],[80.583816585000079,22.189285591000043],[80.584616596000046,22.188885498000047],[80.585616566000056,22.188285446000066],[80.587716660000069,22.186885559000075],[80.588716629000032,22.186485465000032],[80.589616620000072,22.186385486000063],[80.590316650000034,22.186085548000051],[80.591216641000074,22.185385516000053],[80.592216610000037,22.184685485000045],[80.594516662000046,22.183585536000066],[80.595416653000029,22.183585537000056],[80.59631664300008,22.183785495000052],[80.598316582000052,22.183985454000037],[80.599416531000031,22.183985453000048],[80.600616635000051,22.183885475000068],[80.601616604000071,22.183785495000052],[80.602816532000077,22.18338557800007],[80.603616543000044,22.182585568000036],[80.60381650100004,22.181885537000028],[80.60371652200007,22.18118550500003],[80.602416615000038,22.179785442000025],[80.602116501000069,22.179285545000027],[80.601916542000083,22.178585514000076],[80.60171658400003,22.177685523000036],[80.601816563000057,22.176585575000047],[80.602016521000053,22.175685584000064],[80.602216656000053,22.174985553000056],[80.602516595000054,22.174385501000074],[80.602916512000036,22.173785449000036],[80.603416584000058,22.172885459000042],[80.604016637000029,22.172085448000075],[80.604916625000044,22.170985499000039],[80.605016606000049,22.170385446000068],[80.60501660500006,22.169485458000054],[80.604916625000044,22.16858546800006],[80.60501660500006,22.167585498000051],[80.605416523000031,22.166285591000076],[80.605916596000043,22.165785517000074],[80.60661662800004,22.165385424000078],[80.607816555000056,22.165185465000036],[80.608816524000076,22.165485580000052],[80.611116577000075,22.167485518000035],[80.611916588000042,22.167685477000077],[80.612916558000052,22.167785457000036],[80.613416630000074,22.167285560000039],[80.614316621000057,22.16628559000003],[80.614816518000055,22.165885497000033],[80.61631655900004,22.165785517000074],[80.618416653000054,22.166185435000045],[80.619316644000037,22.166885467000043],[80.620316614000046,22.167885436000063],[80.622816624000052,22.171485572000051],[80.623316521000049,22.171885489000033],[80.625416615000063,22.171985469000049],[80.626716522000038,22.17258552100003],[80.627516533000062,22.172685499000067],[80.628016605000084,22.172285584000065],[80.628116585000043,22.171485572000051],[80.627916626000058,22.170685562000074],[80.627716492000047,22.170085510000035],[80.627316575000066,22.169085540000026],[80.626816502000054,22.168385509000075],[80.624816563000081,22.164485435000074],[80.623916573000031,22.162885589000041],[80.623716615000035,22.162285537000059],[80.623616635000076,22.161685485000078],[80.623916573000031,22.161085433000039],[80.624416645000053,22.160685514000022],[80.625116501000036,22.160285422000072],[80.626516563000052,22.160085464000076],[80.627516533000062,22.160185443000046],[80.62821656400007,22.160285422000072],[80.630516618000058,22.161085433000039],[80.633416547000081,22.162785434000057],[80.635216527000068,22.164385455000058],[80.635916558000076,22.164785548000054],[80.636616589000084,22.165285445000052],[80.637616558000047,22.165485580000052],[80.638516548000041,22.165485580000052],[80.639116601000069,22.165285444000062],[80.639616497000077,22.164485434000028],[80.639716652000061,22.163285507000069],[80.63971665300005,22.16268545500003],[80.63951651800005,22.161985423000033],[80.639216580000038,22.161385547000066],[80.638716507000083,22.160685514000022],[80.636916527000039,22.158385462000069],[80.636916527000039,22.157585452000035],[80.637316621000082,22.156885421000027],[80.637716538000063,22.156085586000074],[80.638416569000071,22.154285430000073],[80.639316559000065,22.153085502000067],[80.640016590000073,22.152285491000043],[80.640816602000029,22.150685469000052],[80.641116540000041,22.149585521000063],[80.641516633000037,22.148585551000053],[80.641916551000065,22.147885520000045],[80.642616582000073,22.147385446000044],[80.643116655000085,22.146885551000025],[80.643616551000036,22.146385477000024],[80.645016613000053,22.144485519000057],[80.64551651000005,22.143685507000043],[80.646516656000074,22.14278551700005],[80.647116532000041,22.141985508000062],[80.647916543000065,22.141385454000044],[80.648716553000042,22.140785578000077],[80.649516563000077,22.140585444000067],[80.650216595000074,22.140685423000036],[80.650916627000072,22.140985537000063],[80.651616657000034,22.141685568000071],[80.651916596000035,22.142485580000027],[80.652216535000036,22.143585528000074],[80.652316514000063,22.144685477000053],[80.652616628000033,22.146085540000058],[80.65301654600006,22.147285467000074],[80.653716577000068,22.148385593000057],[80.654516587000046,22.149385562000077],[80.655116640000074,22.149985439000034],[80.655916650000052,22.150485510000067],[80.657016599000031,22.150885429000027],[80.657716630000039,22.150885428000038],[80.658616620000032,22.150885428000038],[80.659716569000068,22.150885429000027],[80.660516580000035,22.150985583000022],[80.661216611000043,22.151285521000034],[80.661816487000067,22.151885573000072],[80.662516519000064,22.152585428000066],[80.663416509000058,22.153185480000047],[80.664116539000077,22.153285460000063],[80.664716592000048,22.152585428000066],[80.665016530000059,22.151585460000035],[80.665416624000045,22.149885459000075],[80.66561658300003,22.148585552000043],[80.665916520000053,22.147585582000033],[80.666016499000079,22.146585436000066],[80.666216635000069,22.145585467000046],[80.666516572000035,22.144585498000026],[80.666816510000046,22.143885466000029],[80.667516542000044,22.141685568000071],[80.66861649100008,22.139285536000045],[80.669416501000057,22.137685514000054],[80.670616606000067,22.135885535000057],[80.672216627000068,22.134285513000066],[80.674516503000063,22.132985430000076],[80.676016546000085,22.132285575000026],[80.677016514000059,22.132185419000052],[80.678316598000038,22.131985461000056],[80.679316568000047,22.131985461000056],[80.680716631000053,22.132185420000042],[80.682016538000084,22.132585513000038],[80.684416569000064,22.134585452000067],[80.688216489000069,22.13778549400007],[80.688916520000078,22.138085432000025],[80.689716531000045,22.138185588000056],[80.690316583000083,22.137985453000056],[80.691216573000077,22.13788547300004],[80.692016584000044,22.137885474000029],[80.69321651100006,22.138285567000025],[80.694216658000073,22.138785464000023],[80.694816533000051,22.138885443000049],[80.695516565000048,22.138785464000023],[80.696916627000064,22.139185557000076],[80.697316545000035,22.139985568000043],[80.698016576000043,22.139485495000031],[80.698816587000067,22.139385516000061],[80.699316659000033,22.139885589000073],[80.69981655600003,22.141185496000048],[80.700616567000054,22.14148543400006],[80.701616536000074,22.141685568000071],[80.702316568000072,22.14178554800003],[80.702716660000078,22.142285445000027],[80.703316538000081,22.14278551600006],[80.704016568000043,22.142885496000076],[80.704516642000044,22.143485549000047],[80.705216497000038,22.143585528000074],[80.705916528000046,22.143285590000062],[80.70671653900007,22.143585528000074],[80.707216611000035,22.143885466000029],[80.707816488000049,22.143885466000029],[80.708516520000046,22.144185580000055],[80.70941650900005,22.144985591000022],[80.709716623000077,22.144085425000071],[80.710416655000074,22.144185580000055],[80.710816572000056,22.145085570000049],[80.711516604000053,22.144785457000069],[80.712116656000035,22.144685477000053],[80.712916490000055,22.145185550000065],[80.713816655000073,22.145685447000062],[80.714616492000061,22.147385447000033],[80.714716646000056,22.148085479000031],[80.714816626000072,22.149085448000051],[80.715416502000039,22.149185427000077],[80.716216512000074,22.149085448000051],[80.716916543000082,22.149485541000047],[80.716916544000071,22.15008541800006],[80.717516596000053,22.150785449000068],[80.71821662800005,22.151485480000076],[80.719116618000044,22.151485480000076],[80.719616514000052,22.150985583000022],[80.720316546000049,22.15038553100004],[80.721016577000057,22.149785480000048],[80.722016546000077,22.148985468000035],[80.723516588000052,22.147285467000074],[80.724516557000072,22.146085540000058],[80.727316507000069,22.142685538000023],[80.72781658100007,22.142185465000068],[80.728016538000077,22.141585590000034],[80.727616621000038,22.140585445000056],[80.727516642000069,22.139585474000057],[80.728216497000062,22.138785464000023],[80.728216497000062,22.138185588000056],[80.728116518000036,22.137385577000032],[80.727616621000038,22.136485587000038],[80.727316507000069,22.135885535000057],[80.727316507000069,22.135285484000065],[80.727416662000053,22.134585452000067],[80.727716601000054,22.13388542000007],[80.728016538000077,22.13288545000006],[80.728016538000077,22.131785501000024],[80.727316507000069,22.131285429000059],[80.726216559000079,22.131285429000059],[80.725616507000041,22.130185480000023],[80.724416578000046,22.12328549800003],[80.724716516000058,22.122185549000051],[80.725816641000051,22.121885435000024],[80.726516497000034,22.122485488000052],[80.726816610000071,22.12318551900006],[80.72691659000003,22.123785570000052],[80.726816610000071,22.124485426000035],[80.726816610000071,22.125185457000043],[80.727216529000032,22.125785509000025],[80.727716601000054,22.126185427000053],[80.728516612000078,22.126485541000022],[80.729416600000036,22.126685500000065],[80.730416571000035,22.126785479000034],[80.731316561000085,22.126785479000034],[80.732616644000075,22.126285583000026],[80.732716624000034,22.125185458000033],[80.732616644000075,22.124485426000035],[80.732216552000068,22.123785570000052],[80.73161649900004,22.122785425000075],[80.731516519000081,22.121885435000024],[80.731816633000051,22.121385538000027],[80.73291658200003,22.120485549000023],[80.735216635000086,22.118485433000046],[80.735216635000086,22.117385485000057],[80.735316615000045,22.116285536000078],[80.735916491000069,22.115285567000058],[80.736916636000046,22.114485557000023],[80.739016555000035,22.112985514000059],[80.740516597000067,22.112585420000073],[80.743116586000042,22.111685431000069],[80.743916597000066,22.111385492000068],[80.745516619000057,22.110885420000045],[80.748016631000041,22.110185564000062],[80.748816642000065,22.110385523000048],[80.749316539000063,22.110785441000075],[80.750016570000071,22.111485472000027],[80.753116632000058,22.114985453000031],[80.754416540000079,22.116585475000022],[80.755316531000062,22.117185526000071],[80.758516573000065,22.119685538000056],[80.759316583000043,22.119885496000052],[80.760316554000042,22.119985475000078],[80.760516512000038,22.11938542300004],[80.760516513000084,22.118685568000046],[80.760516513000084,22.117685422000022],[80.760716646000049,22.116985567000029],[80.76091660600008,22.115985423000041],[80.761416501000042,22.115185588000031],[80.762116534000086,22.11458553500006],[80.762916545000053,22.114185442000064],[80.763016523000033,22.11358556600004],[80.763216659000079,22.112685576000047],[80.763416618000065,22.111685431000069],[80.764116649000073,22.109185419000028],[80.764516566000054,22.107785533000026],[80.76471652500004,22.107085501000029],[80.765816649000044,22.106785563000074],[80.766616660000068,22.106485449000047],[80.767116558000055,22.106185511000035],[80.767816588000073,22.105785418000039],[80.768716579000056,22.105385500000068],[80.769916507000062,22.105285520000052],[80.770416579000084,22.105585460000043],[80.772916591000069,22.106885542000043],[80.774416632000055,22.108085469000059],[80.775016508000078,22.108485564000034],[80.775916499000061,22.108885480000026],[80.777216582000051,22.109285574000069],[80.777716654000074,22.109985430000052],[80.778016593000075,22.111085554000056],[80.778416510000056,22.111885565000023],[80.77931650000005,22.112785556000063],[80.780816542000082,22.114185442000064],[80.781516573000033,22.11458553500006],[80.782616522000069,22.114985452000042],[80.783616492000078,22.115285566000068],[80.784716617000072,22.115485525000054],[80.785716587000081,22.11558550500007],[80.78691651400004,22.11558550500007],[80.788216598000076,22.115685484000039],[80.791316661000053,22.116185557000051],[80.791916537000077,22.116485494000074],[80.79301666300006,22.117185526000071],[80.794316569000046,22.117985537000038],[80.795416519000071,22.118385454000077],[80.796616623000034,22.117885558000069],[80.798416602000032,22.116885588000059],[80.799316592000082,22.116085577000035],[80.800316562000035,22.115285567000058],[80.801116573000058,22.11458553500006],[80.802416656000048,22.113485586000024],[80.803316646000042,22.112685576000047],[80.804016501000035,22.111985544000049],[80.804516574000047,22.111385492000068],[80.805116626000085,22.110885420000045],[80.805916637000053,22.110685462000049],[80.80741650300007,22.110485502000074],[80.808616607000033,22.110485502000074],[80.809516597000083,22.111085554000056],[80.810716525000032,22.111685431000069],[80.816416580000066,22.115485525000054],[80.818116581000083,22.116185556000062],[80.819216529000073,22.116085577000035],[80.820016539000051,22.115385546000027],[80.82121664400006,22.113785526000072],[80.82221661400007,22.113085494000075],[80.823616500000071,22.112585420000073],[80.824516490000065,22.112485440000057],[80.825516636000032,22.112485441000047],[80.826316647000056,22.112685576000047],[80.827316615000029,22.112985515000048],[80.828016646000037,22.113285452000071],[80.829516514000034,22.113985484000068],[80.831016556000066,22.114985453000031],[80.832516596000062,22.115985423000041],[80.833516566000071,22.116585475000022],[80.834216598000069,22.116785433000075],[80.835316547000048,22.116785433000075],[80.836216538000031,22.116685454000049],[80.837216506000061,22.116585474000033],[80.838016517000085,22.115985422000051],[80.838516589000051,22.115185588000031],[80.839216621000048,22.114785494000046],[80.841816612000059,22.113485587000071],[80.843616591000057,22.113085494000075],[80.844816520000052,22.112785555000073],[80.845716511000035,22.112685576000047],[80.847816605000048,22.112985514000059],[80.849716564000062,22.113485586000024],[80.851016647000051,22.113885504000052],[80.852416534000042,22.115085432000058],[80.854216514000029,22.116985568000075],[80.855916515000047,22.118985506000058],[80.858316548000062,22.121385538000027],[80.860116527000059,22.122985560000075],[80.861016517000053,22.123385478000046],[80.862416580000058,22.122385508000036],[80.863616509000053,22.121485518000043],[80.865516643000035,22.119685538000056],[80.869816636000053,22.116685453000059],[80.870816605000073,22.116285536000078],[80.872016533000078,22.115985423000041],[80.874016648000065,22.115385546000027],[80.876216545000034,22.11458553500006],[80.877916546000051,22.113285452000071],[80.878716557000075,22.112585421000063],[80.879216629000041,22.111985544000049],[80.879816506000054,22.111285513000041],[80.880716496000048,22.110585483000023],[80.881316548000029,22.110285544000078],[80.882116559000053,22.110385522000058],[80.885716519000084,22.111485472000027],[80.886516530000051,22.111685431000069],[80.888516644000049,22.112085524000065],[80.893216554000048,22.111985545000039],[80.894516637000038,22.111785586000053],[80.896316617000082,22.111485472000027],[80.897616525000046,22.111185534000072],[80.901716557000043,22.110285544000078],[80.903616517000046,22.10968549200004],[80.906716580000079,22.108585543000061],[80.907816529000058,22.108385585000065],[80.908816498000078,22.108385584000075],[80.909416551000049,22.108585543000061],[80.910816614000055,22.10958551300007],[80.911416489000032,22.110185564000062],[80.912516613000037,22.11068546100006],[80.915916616000061,22.112185503000035],[80.91901650300008,22.114685515000076],[80.92071650500003,22.116185556000062],[80.923116536000066,22.11838545300003],[80.924416620000045,22.11948558000006],[80.925016495000079,22.119585559000029],[80.926516538000044,22.119585559000029],[80.928616632000058,22.11948557900007],[80.93161654000005,22.119185464000054],[80.937516554000069,22.118385454000077],[80.941016533000038,22.117985538000028],[80.94621651500006,22.117485464000026],[80.947916516000078,22.117485465000073],[80.949416558000053,22.117285505000041],[80.950516507000032,22.11688558700007],[80.952416643000049,22.115485525000054],[80.954416582000079,22.11358556600004],[80.95601660300008,22.112385462000077],[80.957816583000067,22.110385523000048],[80.959416604000069,22.108085470000049],[80.960416574000078,22.106285491000051],[80.960816492000049,22.105485480000027],[80.961216585000045,22.104885428000046],[80.962216554000065,22.103485540000065],[80.962416513000051,22.102885489000073],[80.962516492000077,22.102185457000076],[80.962616648000051,22.100585436000074],[80.962716627000077,22.099985559000061],[80.962716628000067,22.099385508000069],[80.963116544000059,22.09868547700006],[80.96371659600004,22.098285559000033],[80.964916524000046,22.097585527000035],[80.965416597000058,22.097085455000069],[80.966316587000051,22.09608548500006],[80.968916577000073,22.091585535000036],[80.969316495000044,22.090185471000041],[80.969416651000074,22.089385461000063],[80.96971658800004,22.088585451000029],[80.970116506000068,22.087885419000031],[80.970516600000053,22.087185563000048],[80.971216631000061,22.085785501000032],[80.971716527000069,22.084885512000028],[80.972716497000079,22.083885543000065],[80.973216570000034,22.082985552000025],[80.973516507000056,22.082485480000059],[80.97361666300003,22.081885427000032],[80.973816621000083,22.081285550000075],[80.974016580000068,22.08018542700006],[80.974116559000038,22.079185456000062],[80.974116559000038,22.078185487000042],[80.973816621000083,22.077485456000034],[80.97331654900006,22.076685446000056],[80.972216600000081,22.07448554900003],[80.972116621000055,22.073885496000059],[80.971916662000069,22.073285443000032],[80.971816507000085,22.072285475000058],[80.971816508000074,22.070885587000078],[80.971716527000069,22.070085576000054],[80.971616549000032,22.068685513000048],[80.971316610000031,22.06688553400005],[80.970916517000035,22.064585481000051],[80.970816538000065,22.063885450000043],[80.970716558000049,22.061285459000032],[80.970616578000033,22.060285490000069],[80.970816537000076,22.058685468000078],[80.971216630000072,22.057485539000027],[80.972216600000081,22.056585550000023],[80.973016611000048,22.055985498000041],[80.973916601000042,22.055685560000029],[80.978716489000078,22.055285467000033],[80.979616656000076,22.055085508000047],[80.980816583000035,22.054685591000066],[80.982616564000068,22.053885579000053],[80.983016657000064,22.05338550700003],[80.983416575000035,22.052885435000064],[80.983716512000058,22.051585527000043],[80.983916647000058,22.050785516000076],[80.984116606000043,22.049885527000072],[80.984616502000051,22.048485463000077],[80.985216556000069,22.047985567000069],[80.985716628000034,22.047685453000042],[80.986416659000042,22.047585473000026],[80.987116513000046,22.047785433000058],[80.987816546000033,22.048085546000038],[80.988516576000052,22.04838548400005],[80.991716619000044,22.050285443000064],[80.992716589000054,22.050385422000033],[80.993616579000047,22.049785547000056],[80.99651650800007,22.04838548400005],[80.997316519000037,22.048885556000073],[80.997316519000037,22.049885527000072],[80.997016581000082,22.051585526000054],[80.99671664300007,22.053285527000071],[80.99671664300007,22.054285497000023],[80.99671664300007,22.055285467000033],[80.996916602000056,22.056185456000037],[80.997116560000052,22.057185426000046],[80.997616633000064,22.057885457000054],[80.998316489000047,22.05798543700007],[80.999116499000081,22.057685498000069],[80.999716550000073,22.057485540000073],[81.000716521000072,22.056885488000034],[81.001316573000054,22.056785508000075],[81.002216563000047,22.056785508000075],[81.00441663600003,22.057285582000077],[81.005216646000065,22.057685499000058],[81.005816523000078,22.058085593000044],[81.00641657500006,22.058785447000048],[81.007316565000053,22.059885572000042],[81.009716596000032,22.064085585000043],[81.010516607000056,22.066085523000027],[81.011216639000054,22.067685544000028],[81.011516577000066,22.069085431000076],[81.011416598000039,22.069985422000059],[81.011116660000084,22.071085546000063],[81.01021649300003,22.073085486000025],[81.009416660000056,22.073785517000033],[81.008616649000032,22.074285590000045],[81.007216586000084,22.074785485000064],[81.00651655300004,22.075385538000035],[81.00541660500005,22.076985560000026],[81.004616594000083,22.078185487000042],[81.004316657000061,22.078785540000069],[81.00421650100003,22.079485571000077],[81.004116522000061,22.080285582000045],[81.004016543000034,22.081185571000049],[81.003716604000033,22.082085561000042],[81.003816584000049,22.082885573000056],[81.004116522000061,22.083585428000049],[81.005016511000065,22.085285428000077],[81.005316626000081,22.085885480000059],[81.005716544000052,22.086685492000072],[81.006316596000033,22.087785440000061],[81.006716513000072,22.088285513000073],[81.007316565000053,22.089085524000041],[81.007716658000049,22.089985514000034],[81.008016596000061,22.090785525000058],[81.008416513000043,22.091285421000066],[81.008916585000065,22.091885473000048],[81.009716596000032,22.092285566000044],[81.010816546000058,22.092985423000073],[81.013616494000075,22.094885557000055],[81.013316558000042,22.095485433000079],[81.010916525000084,22.097485548000066],[81.009016565000081,22.099385508000069],[81.008316534000073,22.099585467000054],[81.007616502000076,22.099985559000061],[81.007016627000041,22.100185519000036],[81.005916502000048,22.100285498000062],[81.005316625000034,22.100685591000058],[81.00441663600003,22.102385592000076],[81.003416490000063,22.103685499000051],[81.001516532000039,22.105185541000026],[81.000616541000056,22.105685439000069],[81.000016489000075,22.106285491000051],[81.000016489000075,22.107785533000026],[81.000316602000055,22.109285575000058],[81.00041658300006,22.110285544000078],[81.00041658300006,22.111985545000039],[81.000616542000046,22.113685545000067],[81.000616541000056,22.117885558000069],[81.00051656200003,22.122585467000079],[81.00051656100004,22.124785540000062],[81.00051656100004,22.125985468000067],[81.000316603000044,22.126785479000034],[81.000016489000075,22.127985583000054],[80.999916510000048,22.129085531000044],[80.999816530000032,22.130085501000053],[81.00051656200003,22.130785533000051],[81.001516532000039,22.130785533000051],[81.00271663500007,22.130585574000065],[81.004916533000085,22.130485418000035],[81.00641657500006,22.130485419000024],[81.007916616000045,22.130585574000065],[81.009016566000071,22.130785533000051],[81.01031665000005,22.131185450000032],[81.012216609000063,22.131785502000071],[81.013716651000038,22.132485533000079],[81.01511653700004,22.13288545000006],[81.016816538000057,22.132985430000076],[81.023816500000066,22.131885480000051],[81.024116614000036,22.132485534000068],[81.023816500000066,22.134885566000037],[81.02391665500005,22.13678552600004],[81.024516532000064,22.140985538000052],[81.025616656000068,22.147385447000033],[81.025616657000057,22.148585551000053],[81.025616657000057,22.149285583000051],[81.025516501000084,22.150185572000055],[81.025416521000068,22.151585460000035],[81.025416521000068,22.152185511000027],[81.025316541000052,22.152885543000025],[81.02491662500006,22.15408547100003],[81.024516532000064,22.155485534000036],[81.024316573000078,22.156985576000068],[81.024316573000078,22.157585452000035],[81.02471649000006,22.158385462000069],[81.025316542000041,22.159485587000063],[81.026216532000035,22.160485557000072],[81.027816553000036,22.162085578000074],[81.028116492000038,22.162785434000057],[81.02851658600008,22.163485466000054],[81.028816523000046,22.165685539000037],[81.028516585000034,22.167385539000065],[81.028016512000079,22.168285529000059],[81.027216501000055,22.169185520000042],[81.026916563000043,22.169685592000064],[81.024216593000062,22.173185572000023],[81.021716582000067,22.176385440000047],[81.019916601000034,22.177985462000038],[81.019216570000083,22.178785472000072],[81.01901661100004,22.17948550400007],[81.018916632000071,22.180785587000059],[81.01871649800006,22.185185558000057],[81.019416528000079,22.185985569000024],[81.022116500000038,22.187685570000042],[81.023616541000081,22.188585560000035],[81.024516532000064,22.188585560000035],[81.027316657000085,22.186785580000048],[81.027816554000083,22.186485465000032],[81.029016658000046,22.186385486000063],[81.030716658000074,22.186385486000063],[81.032616617000031,22.186785580000048],[81.032616618000077,22.187385455000026],[81.032216524000034,22.187985508000054],[81.031716628000083,22.188985476000028],[81.031116577000034,22.190485519000049],[81.030916618000049,22.191185551000046],[81.030716658000074,22.192285500000025],[81.031216555000071,22.193285468000056],[81.031616649000057,22.193985500000053],[81.032116546000054,22.194785510000031],[81.032616617000031,22.19578548000004],[81.033316649000085,22.19698558400006],[81.033416628000055,22.198985523000033],[81.033316649000085,22.19968555500003],[81.032716597000046,22.201585514000044],[81.032416660000081,22.202385524000078],[81.031716628000083,22.203185535000046],[81.02961653400007,22.205785526000057],[81.027516615000081,22.208685456000069],[81.026316511000061,22.209985539000058],[81.025016604000029,22.210685569000077],[81.024316573000078,22.211185466000074],[81.023516563000044,22.211985478000031],[81.023016489000042,22.213285561000077],[81.021316489000071,22.216985500000078],[81.02101655000007,22.218585522000069],[81.021216509000055,22.219585491000032],[81.021416644000055,22.220485481000026],[81.021816561000037,22.221085534000053],[81.023016489000042,22.222585576000029],[81.023416582000038,22.223285431000022],[81.024016635000066,22.224285576000057],[81.024416552000048,22.225285545000077],[81.025016604000029,22.227185505000023],[81.025416521000068,22.227985516000047],[81.026316511000061,22.228485589000059],[81.027316657000085,22.228285453000069],[81.028116492000038,22.228185475000032],[81.029016658000046,22.228285453000069],[81.030716658000074,22.228885505000051],[81.039616580000029,22.233185498000068],[81.041316581000046,22.234585561000074],[81.043616634000045,22.236985592000053],[81.046516562000079,22.239585583000064],[81.046516562000079,22.240485574000047],[81.04581653200006,22.241185429000041],[81.045416613000043,22.241885460000049],[81.045116499000073,22.242685471000073],[81.044616602000076,22.243385502000024],[81.044216510000069,22.244085533000032],[81.043916571000068,22.245485421000069],[81.042816622000032,22.248985577000042],[81.042716644000052,22.249685433000025],[81.042616488000078,22.250385464000033],[81.042616488000078,22.251085495000041],[81.042016612000054,22.251885506000065],[81.040416590000063,22.254285538000033],[81.039916518000041,22.254685456000061],[81.039316641000084,22.255085548000068],[81.037816599000053,22.255885560000024],[81.03571650400005,22.257285446000026],[81.03451657800008,22.25808545700005],[81.032716597000046,22.259185581000054],[81.030116607000082,22.261385480000058],[81.02961653400007,22.262185490000036],[81.029216616000042,22.26428558300006],[81.029216616000042,22.266685439000071],[81.028516585000034,22.268685556000037],[81.028116492000038,22.269385587000045],[81.027016543000059,22.270285576000049],[81.025916595000069,22.270385556000065],[81.025116584000045,22.27058551500005],[81.024216593000062,22.27158548400007],[81.023516562000054,22.271785444000045],[81.02271655100003,22.271885421000036],[81.022116500000038,22.271885422000025],[81.021316488000082,22.272185537000041],[81.020116560000076,22.272685433000049],[81.018916632000071,22.273485443000027],[81.017116652000084,22.274285454000051],[81.015816568000048,22.274985486000048],[81.014616641000032,22.275985455000068],[81.013616494000075,22.276785466000035],[81.012516547000075,22.277985570000055],[81.012116629000047,22.278585446000022],[81.011716536000051,22.279385456000057],[81.011116659000038,22.28018546800007],[81.010716566000042,22.280985478000048],[81.009916556000064,22.281885468000041],[81.009216524000067,22.282485520000023],[81.008616648000043,22.283185552000077],[81.00741654400008,22.283685449000075],[81.005816523000078,22.283785427000055],[81.004516615000057,22.283785427000055],[81.001016635000042,22.283785427000055],[81.000416582000071,22.283785427000055],[80.998616603000073,22.283985562000055],[80.997616633000064,22.28418552100004],[80.994516568000051,22.284785573000022],[80.993416620000062,22.284985532000064],[80.992416651000042,22.28528546900003],[80.990416536000055,22.285785543000031],[80.98911662900008,22.285785543000031],[80.988416598000072,22.285485428000072],[80.987516607000032,22.28518549100005],[80.985316533000059,22.283285531000047],[80.984316564000039,22.282385540000064],[80.983716512000058,22.280785520000052],[80.983516554000062,22.28018546800007],[80.98321661500006,22.278785581000022],[80.982816522000064,22.277885590000039],[80.98221664600004,22.277385518000074],[80.981116521000047,22.276985425000078],[80.98031651000008,22.276785466000035],[80.97921656300008,22.276485527000034],[80.976816530000065,22.275885476000042],[80.976016519000041,22.276085434000038],[80.974616633000039,22.27658550700005],[80.972816652000063,22.277785435000055],[80.971016497000051,22.278485467000053],[80.970616578000033,22.27658550700005],[80.970516600000053,22.27528542400006],[80.970416620000037,22.273985516000039],[80.970516599000064,22.27268543200006],[80.970916517000035,22.271385525000028],[80.971516569000073,22.269985462000022],[80.972316579000051,22.268485421000037],[80.972816652000063,22.266485482000064],[80.973016610000059,22.264885461000063],[80.973016611000048,22.263485574000072],[80.973116590000075,22.262685563000048],[80.97321657100008,22.26168541800007],[80.972616518000052,22.260385510000049],[80.970616578000033,22.258485550000046],[80.968816599000036,22.256985508000071],[80.967616494000083,22.256085519000067],[80.967016619000049,22.256385456000032],[80.965316618000031,22.258285593000039],[80.963216524000075,22.260585469000034],[80.961816636000037,22.262385449000078],[80.960616533000064,22.263285439000072],[80.958316656000079,22.263385418000041],[80.95601660300008,22.263585553000041],[80.954416581000032,22.263585553000041],[80.953316633000043,22.263485574000072],[80.95121653800004,22.263385418000041],[80.94911662100003,22.263485574000072],[80.947916517000067,22.263085481000076],[80.947116506000043,22.262785542000074],[80.945516660000067,22.263185459000056],[80.943716505000054,22.26428558300006],[80.942816514000071,22.264685501000031],[80.942016503000048,22.265085419000059],[80.94031650200003,22.265485512000055],[80.940216523000061,22.264285584000049],[80.94041665900005,22.263485574000072],[80.940716596000073,22.262485428000048],[80.940816575000042,22.261685417000024],[80.940916554000069,22.260385511000038],[80.94121649300007,22.25928556100007],[80.94151660600005,22.257985478000023],[80.941916524000078,22.257185467000056],[80.942616555000029,22.256285476000073],[80.943316588000073,22.255585445000065],[80.943816660000039,22.254985570000031],[80.944216577000077,22.254085579000048],[80.944216577000077,22.253185590000044],[80.943816660000039,22.252285423000046],[80.943516546000069,22.251685548000069],[80.944716649000043,22.250685578000059],[80.944916609000074,22.250085526000078],[80.945016588000044,22.249185535000038],[80.944616494000059,22.248285546000034],[80.943916639000065,22.247185420000051],[80.943016649000072,22.245985493000035],[80.942316617000074,22.245185482000068],[80.941416627000081,22.244785565000029],[80.940216523000061,22.244785565000029],[80.939116575000071,22.245085502000052],[80.938416543000073,22.245885513000076],[80.938016625000046,22.246685524000043],[80.93751655300008,22.247685494000052],[80.937216615000068,22.24848550400003],[80.936816521000083,22.249785588000066],[80.935916532000078,22.249685432000035],[80.935016541000039,22.250785558000075],[80.934116551000045,22.252385579000077],[80.933816614000079,22.252885475000028],[80.932616510000059,22.252885476000074],[80.930716551000046,22.252585538000062],[80.928216538000072,22.251785527000038],[80.925916661000031,22.251085495000041],[80.924416619000056,22.250285484000074],[80.92201658700003,22.250185505000047],[80.918516606000082,22.249085557000058],[80.915516523000065,22.247585515000026],[80.912916531000064,22.245985493000035],[80.91061665400008,22.24468558500007],[80.910116582000057,22.244385471000044],[80.906216508000057,22.242585492000046],[80.902716526000063,22.241085449000025],[80.89971661900006,22.23978554200005],[80.897616525000046,22.238985531000026],[80.898116597000069,22.238485458000071],[80.899016587000062,22.237185551000039],[80.899916577000056,22.23588546700006],[80.900516630000084,22.233985508000046],[80.901316640000061,22.231585476000078],[80.901916515000039,22.230285568000056],[80.902116651000085,22.229185444000052],[80.902116650000039,22.228085495000073],[80.902616548000083,22.227085526000053],[80.903916630000083,22.226785587000052],[80.905316517000074,22.226885566000078],[80.907016518000034,22.226985546000037],[80.908316601000081,22.226685432000068],[80.908816499000068,22.224585514000069],[80.908616540000082,22.22228546100007],[80.908016488000044,22.219585491000032],[80.906816559000049,22.217285438000033],[80.905416496000043,22.216185489000054],[80.904316547000064,22.215885551000042],[80.902916661000063,22.215785572000073],[80.901716556000054,22.215385479000076],[80.900716587000034,22.214985562000038],[80.899416504000044,22.214985561000049],[80.898016617000053,22.215385479000076],[80.896716534000063,22.216085511000074],[80.895116512000072,22.21658558300004],[80.894016565000072,22.216785542000025],[80.892716657000051,22.216685563000055],[80.890316624000036,22.21658558300004],[80.889616592000039,22.216485427000066],[80.887316540000029,22.216085511000074],[80.885816499000043,22.21528550000005],[80.884716549000075,22.214085571000055],[80.883416642000043,22.213185581000062],[80.881016609000085,22.212285591000068],[80.878516598000033,22.211185466000074],[80.876416504000076,22.210085518000028],[80.874716503000059,22.209085548000076],[80.873116658000072,22.208485496000037],[80.871816574000036,22.208585476000053],[80.87031653300005,22.209085549000065],[80.86891664500007,22.209685424000043],[80.867516583000054,22.209885560000032],[80.866916530000083,22.209785580000073],[80.866116519000059,22.209985539000058],[80.865216529000065,22.21058559100004],[80.864516498000057,22.211285446000034],[80.864116581000076,22.212185436000027],[80.864116582000065,22.212985447000051],[80.864816613000073,22.213585499000033],[80.865116551000085,22.214585468000053],[80.864516498000057,22.215485458000046],[80.863416549000078,22.215585436000026],[80.862516560000074,22.21528550000005],[80.861216653000042,22.214685447000022],[80.859216538000055,22.213685478000059],[80.857916630000034,22.212785487000076],[80.857416558000068,22.212385570000038],[80.855616577000035,22.211285446000034],[80.85411653500006,22.209985539000058],[80.85301658700007,22.208985569000049],[80.851916637000045,22.207985423000025],[80.850816513000041,22.207785465000029],[80.84941662600005,22.208285537000052],[80.847216553000067,22.208685455000023],[80.845016655000052,22.209485466000046],[80.843116519000034,22.210885529000052],[80.841616654000063,22.211785518000056],[80.840716488000055,22.21158556000006],[80.83961653800003,22.21168553900003],[80.838316632000044,22.211785518000056],[80.837016547000076,22.211785518000056],[80.836116558000072,22.211985477000042],[80.835216568000078,22.212085456000068],[80.834316577000038,22.211985477000042],[80.833516566000071,22.211885497000026],[80.832716556000037,22.21138542500006],[80.832016525000085,22.210985507000032],[80.830516659000068,22.210885529000052],[80.826816543000064,22.21058559100004],[80.826216491000082,22.210685570000066],[80.824916583000061,22.211285446000034],[80.822116633000064,22.212785487000076],[80.821116489000076,22.212885467000035],[80.820116519000067,22.21268550800005],[80.819416488000059,22.212385570000038],[80.818716632000076,22.211985477000042],[80.818516497000076,22.211285446000034],[80.818516498000065,22.21038545600004],[80.81731657000006,22.21058559100004],[80.81631660000005,22.211485581000034],[80.815516589000083,22.21138542500006],[80.811316577000071,22.208585476000053],[80.810816505000048,22.208285537000052],[80.810016494000081,22.207485527000074],[80.809416618000057,22.206385579000028],[80.808416648000048,22.205185474000075],[80.808116534000078,22.204585422000036],[80.807816596000066,22.203385494000031],[80.80771661700004,22.202785442000049],[80.806516513000076,22.201585514000044],[80.804216637000081,22.200085472000069],[80.803516605000084,22.199185481000029],[80.803316647000031,22.198585429000047],[80.803116511000042,22.197585461000074],[80.803116511000042,22.196885429000076],[80.803216491000057,22.195985439000026],[80.803516606000073,22.194985470000063],[80.803416625000068,22.194185458000049],[80.802616614000044,22.193985499000064],[80.802016563000052,22.194285437000076],[80.799516551000067,22.195685500000025],[80.798016509000036,22.196485511000049],[80.796116550000079,22.197285522000072],[80.795516497000051,22.197585461000074],[80.792216651000047,22.198685585000078],[80.791416640000079,22.198485450000078],[80.790816588000041,22.19798555400007],[80.789616660000036,22.196985583000071],[80.787716525000064,22.194485573000065],[80.787416587000052,22.193485427000041],[80.787016494000056,22.192385479000052],[80.78691651400004,22.191385509000042],[80.78691651400004,22.190485520000038],[80.787016493000067,22.189285591000043],[80.787216627000078,22.188285446000066],[80.787416586000063,22.187585590000026],[80.788316577000046,22.187085517000071],[80.790716610000061,22.186185527000077],[80.789616660000036,22.182185473000061],[80.78921656600005,22.180785587000059],[80.788016638000045,22.178785471000026],[80.787216628000067,22.177985462000038],[80.786616575000039,22.176985492000028],[80.785916545000077,22.175685585000053],[80.785116534000053,22.174385501000074],[80.78421654400006,22.173385531000065],[80.783616493000068,22.172985438000069],[80.782916636000039,22.172485541000071],[80.780716563000055,22.171185457000036],[80.780316645000084,22.170685562000074],[80.780116510000084,22.16988555100005],[80.780416625000043,22.169085541000072],[80.780616584000029,22.168385509000075],[80.781516573000033,22.165985477000049],[80.782416564000073,22.163385487000028],[80.782516543000042,22.162085578000074],[80.782116626000061,22.16128556700005],[80.779916552000032,22.158285483000043],[80.779016562000038,22.156685463000031],[80.778416510000056,22.155485533000046],[80.777616500000079,22.155385554000077],[80.776616530000069,22.15528557600004],[80.77551658200008,22.155385554000077],[80.77451661200007,22.155485533000046],[80.772816611000053,22.155685492000032],[80.772016600000029,22.155885452000064],[80.771216590000051,22.156385524000029],[80.771116610000036,22.157585452000035],[80.771016631000066,22.159285453000052],[80.770816496000066,22.159885504000044],[80.770216620000042,22.160485557000072],[80.768916537000052,22.160685515000068],[80.767016577000049,22.16118558900007],[80.762316492000082,22.162485496000045],[80.761516657000072,22.162985569000057],[80.76101658500005,22.165385425000068],[80.760916605000034,22.16598547600006],[80.760716647000038,22.167185580000023],[80.760516513000084,22.16868544600004],[80.760116594000067,22.171085478000066],[80.759816657000044,22.173085418000028],[80.759916636000071,22.173685470000066],[80.760316554000042,22.174385501000074],[80.761716616000058,22.177385585000025],[80.762216513000055,22.178285575000075],[80.763116504000038,22.180085556000051],[80.763616576000061,22.180785587000059],[80.76491665900005,22.18218547400005],[80.765816649000044,22.18328542200004],[80.766316547000031,22.184285568000064],[80.76691659800008,22.185485496000069],[80.767116557000065,22.186385487000052],[80.767416494000031,22.187485434000052],[80.767916568000032,22.189185436000059],[80.767916568000032,22.189985446000037],[80.767816589000063,22.19088543600003],[80.767216536000035,22.192385479000052],[80.766416525000068,22.193985500000053],[80.765316577000078,22.194185458000049],[80.763816534000057,22.194285438000065],[80.749116579000031,22.192585437000048],[80.748516528000039,22.192185520000066],[80.746816527000078,22.192285500000025],[80.745816557000069,22.192385479000052],[80.744716609000079,22.192585437000048],[80.742716494000035,22.192885551000074],[80.741216628000075,22.19308551000006],[80.740516596000077,22.193185490000076],[80.738116563000062,22.193785541000068],[80.735416594000071,22.194385417000035],[80.73381657300007,22.194885489000058],[80.731016622000084,22.196185573000037],[80.731516519000081,22.196885430000066],[80.732216552000068,22.197485481000058],[80.73381657300007,22.198885544000063],[80.735216635000086,22.200085472000069],[80.735716531000037,22.200685523000061],[80.735816511000053,22.201385554000069],[80.736416564000081,22.203885567000043],[80.737016615000073,22.20558556800006],[80.737316553000085,22.206485557000065],[80.737916606000056,22.207685486000059],[80.739016555000035,22.209685424000043],[80.739716585000053,22.211085487000048],[80.740316637000035,22.211985477000042],[80.742116618000068,22.214685447000022],[80.74281664800003,22.215485458000046],[80.743316545000084,22.216785543000071],[80.74371663900007,22.218485542000053],[80.74371663900007,22.221485450000046],[80.74371663900007,22.223685524000075],[80.74371663900007,22.227285484000049],[80.74371663900007,22.229285423000078],[80.743816619000086,22.231085579000023],[80.74371663900007,22.232285507000029],[80.743516505000059,22.233085519000042],[80.743216566000058,22.233585590000075],[80.742916628000046,22.234385425000028],[80.742416555000034,22.235185436000052],[80.74151656500004,22.236685478000027],[80.740816534000032,22.237185551000039],[80.739916544000039,22.237985561000073],[80.739716586000043,22.239085510000052],[80.739416647000041,22.240385417000027],[80.739116533000072,22.242085420000024],[80.739116534000061,22.243785419000062],[80.739016555000035,22.24468558500007],[80.739016555000035,22.245785534000049],[80.739216512000041,22.246785503000069],[80.739116533000072,22.247885452000048],[80.739516627000057,22.249185535000038],[80.740016523000065,22.250985516000071],[80.740316638000081,22.251585568000053],[80.741816503000052,22.255585445000065],[80.742116617000079,22.256385456000032],[80.742416555000034,22.257685539000079],[80.742616514000076,22.259485520000055],[80.742716494000035,22.260385510000049],[80.74251653500005,22.262085511000066],[80.742116617000079,22.263285438000025],[80.741416586000071,22.264785482000036],[80.741016493000075,22.265385533000028],[80.740216658000065,22.266485482000064],[80.739316492000057,22.267285493000031],[80.738516657000048,22.268185482000035],[80.737216574000058,22.268885514000033],[80.736216605000038,22.269285432000061],[80.734616584000037,22.269685525000057],[80.73291658200003,22.269785503000037],[80.73161649900004,22.269785503000037],[80.73011663300008,22.269685524000067],[80.72891652800007,22.269385587000045],[80.728216497000062,22.269085472000029],[80.727416662000053,22.268785534000074],[80.726816610000071,22.268385441000078],[80.725416548000055,22.267485451000027],[80.724616537000031,22.266585462000023],[80.723816527000054,22.265985585000067],[80.722816557000044,22.266285523000079],[80.721916567000051,22.26688557500006],[80.720016606000058,22.268085503000066],[80.719616514000052,22.268685556000037],[80.72031654500006,22.269785503000037],[80.720016607000048,22.270685494000077],[80.719016637000038,22.27158548400007],[80.718516565000073,22.271985577000066],[80.717316638000057,22.272185536000052],[80.715916575000051,22.272085557000025],[80.712916490000055,22.271385525000028],[80.712116656000035,22.271385525000028],[80.711916520000045,22.272385495000037],[80.711816542000065,22.275185445000034],[80.711516604000053,22.277585477000059],[80.711416624000037,22.279585591000057],[80.711516604000053,22.28048558200004],[80.71171656100006,22.282785459000024],[80.711816541000076,22.283385511000063],[80.712116656000035,22.284085542000071],[80.712416593000057,22.285085512000023],[80.712616553000032,22.286485574000039],[80.712516572000084,22.287585522000029],[80.712216635000061,22.290985525000053],[80.712616552000043,22.293885454000076],[80.712816511000085,22.294585484000038],[80.713016646000085,22.295585454000047],[80.714016614000059,22.296585423000067],[80.714616492000061,22.296885538000026],[80.715416502000039,22.297185475000049],[80.716916543000082,22.297285454000075],[80.717816534000065,22.297485589000075],[80.719016637000038,22.297985486000073],[80.721816588000081,22.29978546600006],[80.722716577000085,22.300585477000027],[80.724016661000064,22.301685425000073],[80.724416579000035,22.302585592000071],[80.725016629000038,22.304085458000031],[80.726416517000075,22.308685564000029],[80.72691659000003,22.311885430000075],[80.727216529000032,22.312485483000046],[80.72781658100007,22.312685441000042],[80.728616592000037,22.311885430000075],[80.733516634000068,22.309385419000023],[80.737016615000073,22.306685448000053],[80.738616636000074,22.305485520000047],[80.739916544000039,22.304085458000031],[80.740316638000081,22.303285448000054],[80.740716555000063,22.302285478000044],[80.741916659000083,22.301085550000039],[80.741816504000042,22.300485497000068],[80.743016608000062,22.29978546600006],[80.744316515000037,22.29978546600006],[80.744716609000079,22.300285538000026],[80.745616599000073,22.299985426000035],[80.746216650000065,22.298885476000066],[80.747016662000078,22.298485558000039],[80.747616537000056,22.298985456000025],[80.748516528000039,22.299085435000052],[80.748916621000035,22.299585507000074],[80.749316539000063,22.300185559000056],[80.75011654900004,22.300985570000023],[80.750016570000071,22.301885560000073],[80.749716631000069,22.303385426000034],[80.749516498000048,22.304785489000039],[80.749516497000059,22.306485490000057],[80.749616653000032,22.307585439000036],[80.749816611000085,22.309485574000064],[80.75011654900004,22.311685472000022],[80.749916590000055,22.31228552400006],[80.748716662000049,22.31328549400007],[80.746716547000062,22.314285462000043],[80.745516620000046,22.314685556000029],[80.744216536000067,22.314885514000025],[80.743616659000054,22.315285432000053],[80.741616545000056,22.316485536000073],[80.74141658700006,22.317085588000054],[80.741816503000052,22.318085557000074],[80.742116617000079,22.318885569000031],[80.742416555000034,22.319585423000035],[80.742816649000076,22.320785527000055],[80.742916628000046,22.32198545600005],[80.743016608000062,22.322685487000058],[80.743016608000062,22.324885560000041],[80.74241655600008,22.32818558200006],[80.742316576000064,22.328885439000032],[80.742216597000038,22.329485490000025],[80.741916660000072,22.33088555300003],[80.741416586000071,22.333785482000053],[80.741116648000059,22.334685472000047],[80.740516596000077,22.336385472000075],[80.739916544000039,22.337285463000057],[80.739516627000057,22.338085473000035],[80.739416647000041,22.338885484000059],[80.738616637000064,22.33918542300006],[80.736916636000046,22.339285577000055],[80.732216551000079,22.339585515000067],[80.731116602000043,22.339585516000056],[80.724416578000046,22.339985433000038],[80.722516619000032,22.340085588000022],[80.719816648000062,22.340085588000022],[80.715916575000051,22.340185568000038],[80.71531652200008,22.340085589000068],[80.714516512000046,22.340085589000068],[80.713416562000077,22.340585485000076],[80.712716531000069,22.340885423000032],[80.709016592000069,22.342485444000033],[80.709116571000038,22.343085496000072],[80.707916643000033,22.343985486000065],[80.708016622000059,22.344585539000036],[80.708216580000055,22.346485499000039],[80.708216581000045,22.349985479000054],[80.708016622000059,22.352485491000039],[80.708116602000075,22.35508548100006],[80.708216581000045,22.355785513000058],[80.707416570000078,22.35768547300006],[80.705616590000034,22.358385504000069],[80.703816610000047,22.358185545000026],[80.702316568000072,22.358185545000026],[80.70201662900007,22.359185515000036],[80.70201663000006,22.36008550400004],[80.70181649500006,22.360685556000078],[80.701216620000082,22.361785506000047],[80.701816496000049,22.363185568000063],[80.701416578000078,22.364085559000046],[80.701816496000049,22.364885569000023],[80.701616536000074,22.365585424000074],[80.700916505000066,22.366685548000078],[80.700116494000042,22.367385581000065],[80.698916567000083,22.36768551800003],[80.696316576000072,22.367985456000042],[80.692316523000045,22.368485529000054],[80.690316583000083,22.368885446000036],[80.69111659500004,22.370485468000027],[80.693116533000079,22.374285562000068],[80.695016493000082,22.376685419000069],[80.694016522000084,22.377185491000034],[80.692816595000068,22.377685564000046],[80.692916574000037,22.378785513000025],[80.692916574000037,22.379685504000065],[80.692816595000068,22.380285556000047],[80.692716615000052,22.381385504000036],[80.692616636000082,22.38218551500006],[80.692816595000068,22.383185483000034],[80.693116534000069,22.384285433000059],[80.69321651100006,22.384985465000057],[80.693316491000076,22.385585517000038],[80.693216512000049,22.386485506000042],[80.692916575000083,22.38718553800004],[80.692616636000082,22.387885569000048],[80.692616636000082,22.388685580000072],[80.692516656000066,22.389385436000055],[80.692316522000056,22.389985487000047],[80.691816625000058,22.390585539000028],[80.691016614000034,22.391085436000026],[80.68991649000003,22.391285571000026],[80.688316644000054,22.391285571000026],[80.685316561000036,22.391285570000036],[80.684316591000083,22.391585509000038],[80.682316652000054,22.391985426000076],[80.681116548000034,22.392485499000031],[80.680616651000037,22.39308555100007],[80.680616652000083,22.394085520000033],[80.680716630000063,22.394885531000057],[80.681316507000076,22.395985479000046],[80.68221649600008,22.396985449000056],[80.685516519000032,22.399785575000067],[80.688116510000043,22.402485545000047],[80.688316645000043,22.403385535000041],[80.687316499000076,22.404185546000065],[80.686116571000071,22.404085566000049],[80.685416539000073,22.403585493000037],[80.684916642000076,22.402985442000045],[80.684416570000053,22.402285586000062],[80.683816518000071,22.401785514000039],[80.683016506000058,22.40168553500007],[80.681816579000042,22.401885492000076],[80.68151664100003,22.402585524000074],[80.681516640000041,22.403185576000055],[80.681016568000075,22.403685474000042],[80.679416547000073,22.403285555000025],[80.676216503000035,22.402685504000033],[80.673416554000084,22.402685504000033],[80.671816533000083,22.402885463000075],[80.670516626000051,22.402885462000029],[80.669216542000072,22.402885462000029],[80.66791663500004,22.402585524000074],[80.666216635000069,22.401885493000066],[80.663616643000069,22.400885523000056],[80.662116601000037,22.399685420000026],[80.66171650800004,22.399185523000028],[80.661316590000069,22.398585470000057],[80.66001650700008,22.398085574000049],[80.659116517000029,22.398285533000035],[80.657016599000031,22.399485460000051],[80.656216588000063,22.399885554000036],[80.655516557000055,22.399585440000067],[80.655616536000082,22.398985564000043],[80.656016629000078,22.398485492000077],[80.656016629000078,22.397685480000064],[80.654916505000074,22.397485522000068],[80.654016514000034,22.397185584000056],[80.652316514000063,22.39678549000007],[80.651316544000053,22.397185584000056],[80.65041655400006,22.397585502000027],[80.649616543000036,22.397385543000041],[80.64931660600007,22.396685511000044],[80.648616575000062,22.396185439000078],[80.647816564000038,22.395985479000046],[80.646816594000029,22.395685542000024],[80.646016583000062,22.395385428000054],[80.644816655000056,22.395185469000069],[80.643116655000085,22.394585593000045],[80.642116508000072,22.394185499000059],[80.641316498000037,22.393985542000053],[80.64071662200007,22.393985542000053],[80.63971665300005,22.393885562000037],[80.636716569000043,22.392885593000074],[80.63581657800006,22.392585479000047],[80.635016568000083,22.392285540000046],[80.633716660000061,22.39208558200005],[80.632016660000033,22.39188544700005],[80.63091653500004,22.391485529000079],[80.628516503000071,22.390385581000032],[80.624316490000069,22.388685580000072],[80.623316521000049,22.388085528000033],[80.621116624000081,22.386785445000044],[80.620716530000038,22.385485537000022],[80.619516603000079,22.385185423000053],[80.61851663300007,22.384685526000055],[80.617116570000064,22.383785536000062],[80.615516548000073,22.382785567000042],[80.614716538000039,22.38228549300004],[80.614216641000041,22.381585462000032],[80.613716569000076,22.380685473000028],[80.61261661900005,22.379585524000049],[80.611516495000046,22.378485574000024],[80.610416545000078,22.377785543000073],[80.609416576000058,22.377285470000061],[80.606716607000067,22.376185523000061],[80.606016575000069,22.375985564000075],[80.605316544000061,22.375585471000022],[80.605116585000076,22.374885438000035],[80.60501660500006,22.374085428000058],[80.604616512000064,22.37358553100006],[80.60371652200007,22.373185438000064],[80.602616574000081,22.373085459000038],[80.601416646000075,22.373085458000048],[80.599516510000058,22.372585561000051],[80.598516540000048,22.37238542700004],[80.597616550000055,22.37258556200004],[80.59631664300008,22.372985479000079],[80.594916579000085,22.373385572000075],[80.593616496000038,22.373885470000062],[80.592616527000075,22.374285563000058],[80.591516579000086,22.375185553000051],[80.590916527000047,22.37628550200003],[80.590916527000047,22.377285470000061],[80.590716568000062,22.378485574000024],[80.59041663000005,22.380085421000047],[80.589916558000084,22.381185545000051],[80.59011651700007,22.382085536000034],[80.59041663000005,22.382585432000042],[80.590916527000047,22.382885546000068],[80.591916496000067,22.382885547000058],[80.594016590000081,22.382685588000072],[80.594916580000074,22.38328546300005],[80.595516632000056,22.384185453000043],[80.595816571000057,22.384985464000067],[80.596816539000031,22.386785445000044],[80.597916489000056,22.38818550700006],[80.598116623000067,22.389685549000035],[80.597716530000071,22.391085436000026],[80.597016497000084,22.39198542500003],[80.596016530000043,22.392285540000046],[80.594716621000032,22.392285540000046],[80.593516518000058,22.391585509000038],[80.592216610000037,22.390785498000071],[80.591616557000066,22.390685519000044],[80.588916587000085,22.391985426000076],[80.588516495000079,22.392785436000054],[80.587916618000065,22.393885562000037],[80.587316566000084,22.394985510000026],[80.586716515000035,22.395585562000065],[80.585716545000082,22.396085460000052],[80.583316514000046,22.397285563000025],[80.582116585000051,22.398485492000077],[80.58151653300007,22.400085512000032],[80.581116615000042,22.401885493000066],[80.581416553000054,22.402785483000059],[80.582016605000035,22.403385535000041],[80.583216533000041,22.403885431000049],[80.585116493000044,22.404585463000046],[80.586416576000033,22.405885547000025],[80.587116607000041,22.407685527000069],[80.586616534000029,22.409085590000075],[80.586116638000078,22.410085559000038],[80.584916535000048,22.410985549000031],[80.582616658000063,22.411685581000029],[80.580216626000038,22.411785560000055],[80.579216655000039,22.411685581000029],[80.579116500000055,22.410685435000062],[80.579116501000044,22.409985579000022],[80.579016521000085,22.409285548000071],[80.578316490000077,22.408985435000034],[80.577516655000068,22.408685496000032],[80.576216571000032,22.408285579000051],[80.573716560000037,22.407885485000065],[80.571216549000042,22.406985496000061],[80.569716507000066,22.406385444000023],[80.567516609000052,22.405585432000066],[80.565116576000037,22.404985557000032],[80.563016659000084,22.404585462000057],[80.561216503000082,22.403985586000033],[80.560216533000073,22.403685473000053],[80.555716583000049,22.402785483000059],[80.55461663400007,22.402485545000047],[80.553816623000046,22.402385565000031],[80.552716499000041,22.402185431000078],[80.550316643000031,22.401985472000035],[80.54841650700007,22.401485575000038],[80.545716536000043,22.401085482000042],[80.54381657700003,22.400985503000072],[80.542616648000035,22.401085482000042],[80.541816638000057,22.401485575000038],[80.541816638000057,22.402185431000078],[80.542216555000039,22.403085421000071],[80.543216526000037,22.404985557000032],[80.544116516000031,22.40648542200006],[80.544516609000084,22.406985495000072],[80.544616588000054,22.407785506000039],[80.54471656700008,22.408485537000047],[80.545116661000066,22.409585486000026],[80.545516579000036,22.410585454000056],[80.545716536000043,22.411485445000039],[80.545916495000085,22.412385436000022],[80.546016651000059,22.413385580000067],[80.545916495000085,22.413985457000024],[80.545416598000031,22.41428557100005],[80.544816548000085,22.414685489000078],[80.543116546000078,22.416785583000035]]]},"properties":{"OBJECTID":3,"Reserve_Name_Std":"Kanha National Park","FIRST_SitRecID":18309,"FIRST_Region":"Asia","Country":"India","FIRST_NatName":"Kanha National Park","FIRST_IntName":"Kanha National Park","FIRST_SitLat":22.177014803700001,"FIRST_SitLong":80.752012830300004,"SUM_SitAreaKM2":933.90555260500003,"FIRST_KbaStatus":"confirmed","FIRST_KbaClass":"Global/Regional TBD","FIRST_IbaStatus":"confirmed","FIRST_LegacyKba":" ","FIRST_AzeStatus":" ","FIRST_LastUpdate":"2004","FIRST_Source":"Recieved from Partner in April 2011","FIRST_DelTxt":" ","Area_sqkm":941.31323072340479,"Reserve_ID":3,"Reserve_Name":"Kanha National Park","State":"Madhya Pradesh","Reserve_ID_1":3,"Baseline_Year":2006,"Year_2006":89,"Year_2010":60,"Year_2014":80,"Year_2018":88,"Year_2022":105,"Abs_Change":16,"Pct_Change":17.977528089887599,"AAGR":1.0386315965019,"Notes":null,"OBJECTID_1":3,"Reserve_ID_12":null,"Reserve_Name_1":"Kanha National Park","State_1":"Madhya Pradesh","Landscape":"Central India","NP_Year":1955,"TR_Year":1974,"Area_sqkm_1":2071.5100000000002,"Forest_2021_sqkm":1886.3699999999999,"Forest_Pct":91.062558230469605,"Pop_2006":89,"Pop_2022":105,"Abs_Change_1":16,"Pct_Change_1":17.977528089887599,"AAGR_1":1.0386315965019,"Density_2022":5.06876626229176,"Rank_Growth":"6","Growth_Category":"Stable","Notes_1":"Moderate growth; included as stable flagship reserve","OBJECTID_1_1":3,"OBJECTID_1_12":null,"VALUE":3,"COUNT":1045921,"AREA":941328900,"Elev_Min":482,"Elev_Max":912,"RANGE":430,"Elev_Mean":698.78034287484093,"Elev_StdDev":103.27752120750269,"SUM":730869035,"VARIETY":431,"MAJORITY":790,"MAJORITY_COUNT":4126,"MAJORITY_PERCENT":0.394499987,"MINORITY":482,"MINORITY_COUNT":2,"MINORITY_PERCENT":0.000199999995,"MEDIAN":711,"PCT90":830,"Terrain_Type":"Mid-elevation forest (400–800m)","Reserve_Name_Std_1":"Kanha National Park","State_12":null,"TR_Area_sqkm":2071.5100000000002,"VDF_2021":419.08999999999997,"MDF_2021":1036.3199999999999,"OF_2021":430.95999999999998,"Total_Forest_2021":1886.3699999999999,"Pct_of_TR_2021":0.91049999999999998,"Forest_Change_sqkm":-7.3899999999999997,"OBJECTID_1_12_13":null,"Forest_Per_100km":91.062558230469548,"Shape_Length":2.4696524030855072,"Shape_Area":0.081808431996540629}},{"type":"Feature","id":4,"geometry":{"type":"Polygon","coordinates":[[[93.476398499000084,26.749152577000075],[93.470687532000056,26.749628535000056],[93.467356530000075,26.751056584000025],[93.462597655000081,26.752960593000068],[93.457362645000046,26.752960593000068],[93.446417547000067,26.752960593000068],[93.441658672000074,26.750580452000065],[93.429760602000044,26.744869483000059],[93.420243556000059,26.739159571000073],[93.414532587000053,26.73582857100007],[93.41072562800008,26.730593560000045],[93.396924607000074,26.734876477000057],[93.392641512000068,26.735352436000028],[93.385978629000078,26.73677943000007],[93.375509667000074,26.735828570000024],[93.365515605000041,26.73202055400003],[93.360280595000063,26.73202055400003],[93.354094549000081,26.728689552000048],[93.351714584000035,26.72345454200007],[93.348859540000035,26.719171449000044],[93.341245620000052,26.706798478000053],[93.332203652000032,26.698232466000036],[93.300318514000082,26.688714539000046],[93.257012499000041,26.669203431000028],[93.228458541000066,26.64683657300003],[93.204544646000045,26.627324584000064],[93.182237636000082,26.619888446000061],[93.17956054800004,26.617806481000059],[93.169447674000082,26.613642554000023],[93.164689502000044,26.607099539000046],[93.162606658000072,26.598473506000062],[93.16141764300005,26.593417508000073],[93.153386556000044,26.591632490000052],[93.149222627000086,26.589550526000039],[93.146248594000042,26.584196525000038],[93.150412523000057,26.584791473000053],[93.155468520000056,26.587766563000059],[93.162012590000074,26.590442594000024],[93.165581571000075,26.59311950600005],[93.173017534000053,26.593714453000075],[93.174206549000075,26.59222743600003],[93.168853606000084,26.591335543000071],[93.164391501000068,26.588658456000076],[93.159335503000079,26.585684422000043],[93.156955537000044,26.582412564000037],[93.157033513000044,26.582334586000059],[93.157021544000031,26.582330539000054],[93.157075583000051,26.580386574000045],[93.153089610000052,26.575868494000076],[93.173612658000081,26.575571548000028],[93.17599156700004,26.573191582000049],[93.198893524000084,26.575571548000028],[93.196514615000069,26.579437475000077],[93.19919152600005,26.580330424000067],[93.196514615000069,26.584196526000028],[93.194729597000048,26.58449452800005],[93.192945634000068,26.587171439000031],[93.19265766500007,26.58947254800006],[93.193900543000041,26.590145472000074],[93.195488595000086,26.590328533000047],[93.196587664000049,26.590328533000047],[93.196900627000048,26.59039154900006],[93.200380542000062,26.588360455000043],[93.203652577000071,26.586576492000063],[93.210493592000034,26.58270950900004],[93.215847591000056,26.582709510000029],[93.220606644000043,26.584196526000028],[93.226852535000035,26.583007512000052],[93.234585620000075,26.580032421000055],[93.24350860100003,26.580627546000073],[93.247077581000042,26.582114562000072],[93.257488634000083,26.579140528000039],[93.264923540000041,26.581222493000041],[93.272359504000065,26.58270950900004],[93.275333538000041,26.582709510000029],[93.277713503000086,26.582114562000072],[93.285149643000068,26.583007512000052],[93.295410551000032,26.582263475000047],[93.300764549000064,26.58449452800005],[93.308348546000047,26.587766563000059],[93.311620580000067,26.589253579000058],[93.314743527000076,26.589699438000025],[93.32009752600004,26.58940143600006],[93.323815596000031,26.588807545000066],[93.326641596000059,26.587617475000059],[93.328871593000031,26.586873438000055],[93.332589663000078,26.586576492000063],[93.334969629000057,26.585684423000032],[93.336158643000033,26.585535510000057],[93.339430503000074,26.587022527000045],[93.341512642000055,26.588063508000062],[93.340025626000056,26.588658456000076],[93.339133558000071,26.589699438000025],[93.339430503000074,26.591930491000028],[93.340322572000048,26.593565540000043],[93.340769662000071,26.594309577000047],[93.342107590000069,26.595648561000075],[93.342999659000043,26.596986488000027],[93.343594607000057,26.595796593000046],[93.345528538000053,26.595945506000078],[93.34582566000006,26.596689542000036],[93.344933591000085,26.597581436000041],[93.346866642000066,26.597730524000042],[93.347907623000083,26.597730524000042],[93.347312500000044,26.598771507000038],[93.34746159000008,26.600109435000036],[93.348651661000076,26.601001504000067],[93.349543553000046,26.59996052200006],[93.351327517000072,26.599217542000076],[93.352220642000077,26.599812488000055],[93.351179658000035,26.601001505000056],[93.350435622000077,26.602935434000074],[93.352220641000031,26.603976593000027],[93.354183615000068,26.60373544600003],[93.357760517000031,26.602841440000077],[93.360443589000056,26.60105254900003],[93.36223265600006,26.598369477000062],[93.364468639000052,26.597028557000044],[93.368045539000036,26.594792576000032],[93.375647666000077,26.593898571000068],[93.376988586000039,26.596581466000032],[93.379224567000051,26.597028558000034],[93.382801646000075,26.598816567000028],[93.380118573000061,26.602394526000069],[93.381460549000053,26.605971427000043],[93.382801646000075,26.607760495000036],[93.381460549000053,26.609995595000044],[93.389509589000056,26.606865433000053],[93.393533581000042,26.604629451000051],[93.397110660000067,26.603288531000032],[93.405159524000055,26.603288531000032],[93.406054586000039,26.605077422000079],[93.406501502000083,26.607312524000065],[93.409631663000084,26.608207585000059],[93.417233614000054,26.608654499000068],[93.424387593000063,26.609548505000078],[93.431989543000043,26.613125582000066],[93.433330639000076,26.614467559000047],[93.438249517000031,26.614020469000025],[93.441826594000077,26.614020469000025],[93.447639654000056,26.614914474000045],[93.453900508000061,26.613573553000037],[93.457924501000036,26.614914474000045],[93.465079536000076,26.618044460000078],[93.467762608000044,26.618044460000078],[93.472233515000084,26.622069509000028],[93.474022581000042,26.620727533000036],[93.475810593000062,26.618044461000068],[93.479835642000069,26.61670354000006],[93.484307604000037,26.61670354000006],[93.490120664000074,26.61759754600007],[93.492355589000056,26.618939522000062],[93.494591570000068,26.622069509000028],[93.49772155800008,26.619833527000026],[93.499063534000072,26.61938643700006],[93.503087527000048,26.61938643700006],[93.506217512000035,26.621621538000056],[93.507559665000031,26.624304435000056],[93.508453671000041,26.627435477000063],[93.509347500000047,26.629223488000036],[93.510689652000053,26.634142542000063],[93.512478543000043,26.638614506000067],[93.508900586000038,26.639508511000031],[93.50532350800006,26.635931433000053],[93.497721557000034,26.635931433000053],[93.494144655000071,26.639508511000031],[93.495485576000078,26.643532503000074],[93.499063534000072,26.648004467000078],[93.502193521000038,26.649345563000054],[93.507112575000065,26.650240449000023],[93.509795647000033,26.652475550000077],[93.512030572000072,26.655606593000073],[93.511136566000062,26.660077500000057],[93.512030572000072,26.661419475000059],[93.516055620000031,26.661419476000049],[93.518738518000077,26.659183494000047],[93.520079613000064,26.661866566000072],[93.521421588000067,26.665890558000058],[93.526339587000052,26.665443468000035],[93.534388627000055,26.662760571000035],[93.541096573000061,26.662760571000035],[93.550039619000074,26.665443468000035],[93.558088659000077,26.665443468000035],[93.561218646000043,26.663207487000079],[93.567031530000065,26.662760571000035],[93.588495580000085,26.680199573000039],[93.589389586000038,26.686460428000032],[93.587600518000045,26.691378426000028],[93.586774633000061,26.69116649700004],[93.585377562000076,26.694425506000073],[93.583950569000081,26.696328458000039],[93.574908600000072,26.69918455800007],[93.563486664000038,26.702515560000052],[93.550161600000081,26.706798479000042],[93.54445151300007,26.711081570000033],[93.535409543000071,26.715840446000072],[93.530174534000082,26.721551590000047],[93.528270526000085,26.726310466000029],[93.525415658000043,26.726310466000029],[93.519228556000087,26.727261502000033],[93.512566552000067,26.729165511000076],[93.508759592000047,26.731544596000049],[93.504476500000067,26.733924562000027],[93.499241665000056,26.739159572000062],[93.494006656000067,26.743442489000074],[93.490199521000079,26.748201541000071],[93.484012596000071,26.748201541000071],[93.479729500000076,26.747725582000044],[93.476398499000084,26.749152577000075]]]},"properties":{"OBJECTID":4,"Reserve_Name_Std":"Kaziranga National Park","FIRST_SitRecID":18087,"FIRST_Region":"Asia","Country":"India","FIRST_NatName":"Kaziranga National Park","FIRST_IntName":"Kaziranga National Park","FIRST_SitLat":26.658992492500001,"FIRST_SitLong":93.379728065099997,"SUM_SitAreaKM2":432.19687021300001,"FIRST_KbaStatus":"confirmed","FIRST_KbaClass":"Global","FIRST_IbaStatus":"confirmed","FIRST_LegacyKba":" ","FIRST_AzeStatus":" ","FIRST_LastUpdate":"2005","FIRST_Source":"BNHS 2015 IBA Directory of India","FIRST_DelTxt":" ","Area_sqkm":469.31504070131626,"Reserve_ID":7,"Reserve_Name":"Kaziranga National Park","State":"Assam","Reserve_ID_1":7,"Baseline_Year":2010,"Year_2006":null,"Year_2010":106,"Year_2014":103,"Year_2018":104,"Year_2022":104,"Abs_Change":-2,"Pct_Change":-1.88679245283019,"AAGR":-0.15860904078825999,"Notes":"No 2006 survey conducted; baseline = 2010","OBJECTID_1":6,"Reserve_ID_12":null,"Reserve_Name_1":"Kaziranga National Park","State_1":"Assam","Landscape":"Northeast / Brahmaputra Floodplain","NP_Year":1974,"TR_Year":2006,"Area_sqkm_1":1180.3499999999999,"Forest_2021_sqkm":1180.1600000000001,"Forest_Pct":99.983903079595095,"Pop_2006":null,"Pop_2022":104,"Abs_Change_1":null,"Pct_Change_1":-1.88679245283019,"AAGR_1":-0.15860904078825999,"Density_2022":8.8109459058753803,"Rank_Growth":"*","Growth_Category":"Stable / At capacity","Notes_1":"No 2006 survey; Pop_2006 = NULL; baseline 2010 (106). UNESCO WHS. Highest density reserve in India.","OBJECTID_1_1":6,"OBJECTID_1_12":null,"VALUE":7,"COUNT":521450,"AREA":469305000,"Elev_Min":40,"Elev_Max":114,"RANGE":74,"Elev_Mean":77.808345958384976,"Elev_StdDev":5.3702240827897514,"SUM":40573162,"VARIETY":74,"MAJORITY":77,"MAJORITY_COUNT":58861,"MAJORITY_PERCENT":11.2879,"MINORITY":40,"MINORITY_COUNT":1,"MINORITY_PERCENT":0.000199999995,"MEDIAN":77,"PCT90":85,"Terrain_Type":"Lowland floodplain (\u003c400m, flat)","Reserve_Name_Std_1":"Kaziranga National Park","State_12":null,"TR_Area_sqkm":1180.3499999999999,"VDF_2021":286.33999999999997,"MDF_2021":630.48000000000002,"OF_2021":263.33999999999997,"Total_Forest_2021":1180.1600000000001,"Pct_of_TR_2021":0.85999999999999999,"Forest_Change_sqkm":274.48000000000002,"OBJECTID_1_12_13":null,"Forest_Per_100km":99.983903079595052,"Shape_Length":1.2057333093698115,"Shape_Area":0.039182922811619725}},{"type":"Feature","id":5,"geometry":{"type":"Polygon","coordinates":[[[76.114010001000054,11.857240000000047],[76.115590000000054,11.857267000000036],[76.116773999000031,11.857142001000057],[76.117720000000077,11.856824000000074],[76.118587000000048,11.856505999000035],[76.119057999000063,11.856035999000028],[76.119646999000054,11.855525999000065],[76.119761999000048,11.854979999000022],[76.120035999000038,11.854472999000052],[76.120584999000073,11.853885000000048],[76.121964999000056,11.853564000000063],[76.123583999000061,11.853474000000062],[76.125165999000046,11.853773000000047],[76.126392999000075,11.854113999000049],[76.127585000000067,11.855271999000024],[76.127591000000052,11.85616600000003],[76.127356000000077,11.856479000000036],[76.127877000000069,11.857641999000066],[76.128834999000048,11.859229000000028],[76.129796000000056,11.861244000000056],[76.130237000000079,11.862251999000023],[76.130954000000031,11.863064000000065],[76.131668000000047,11.863603000000069],[76.133175001000041,11.864485999000067],[76.135315001000038,11.865676000000065],[76.13583200100004,11.866099999000028],[76.136544000000072,11.866289001000041],[76.137293000000057,11.866011000000071],[76.138072000000079,11.864333000000045],[76.138464000000056,11.863863000000038],[76.139012999000045,11.863275000000044],[76.139406000000065,11.863000000000056],[76.140472000000045,11.862913999000057],[76.142012000000079,11.862863999000069],[76.143357000000037,11.863126000000022],[76.144390001000033,11.864129001000038],[76.145307001000049,11.865327999000044],[76.145824000000061,11.865868999000043],[76.146379000000081,11.866331000000059],[76.146897000000081,11.866911001000062],[76.146860000000061,11.867339000000072],[76.146032000000048,11.867579001000024],[76.144967999000073,11.867975999000066],[76.144061000000079,11.868255000000033],[76.143868000000055,11.868838999000047],[76.144469000000072,11.870118001000037],[76.144673000000068,11.871167000000071],[76.144955000000039,11.87198200000006],[76.145114000000035,11.872136000000069],[76.144999000000041,11.87275900000003],[76.144962001000067,11.873070000000041],[76.145992000000035,11.87360700000005],[76.148212001000047,11.87479600100005],[76.148490000000038,11.875027000000046],[76.14900300000005,11.874985000000038],[76.149792001000037,11.874784000000034],[76.151450001000057,11.874655000000075],[76.152239000000066,11.874533000000042],[76.153384000000074,11.874446001000024],[76.154134000000056,11.874402000000032],[76.154647000000068,11.874319999000022],[76.155159000000083,11.874083000000041],[76.155868001000044,11.873727000000031],[76.156101000000035,11.873103001000061],[76.156256000000042,11.872752001000038],[76.156253000000049,11.872169000000042],[76.156129000000078,11.871392000000071],[76.155927999000085,11.870771000000047],[76.155648000000042,11.870229000000052],[76.155525000000068,11.869607001000077],[76.155643000000055,11.869451000000026],[76.157346000000075,11.870216000000028],[76.158018000000084,11.870328000000029],[76.15872900100004,11.870322000000044],[76.160268001000077,11.870000000000061],[76.160976000000062,11.86964400100004],[76.163144001000035,11.868928000000039],[76.163734000000034,11.868573000000026],[76.164325000000076,11.868258000000026],[76.164877000000047,11.868137000000047],[76.16406100100005,11.870243000000073],[76.164063999000064,11.870748999000057],[76.164029000000085,11.871409999000036],[76.164585000000045,11.871795000000077],[76.165139000000067,11.871985000000052],[76.165773000000058,11.872370000000046],[76.166251999000053,11.873105000000066],[76.166571000000033,11.873608000000047],[76.166886999000042,11.873606001000041],[76.167164000000071,11.873603999000068],[76.167365000000075,11.874225000000024],[76.167368000000067,11.874691000000041],[76.167685000000063,11.874805000000038],[76.168595000000039,11.875071000000048],[76.16954400000003,11.875180000000057],[76.170178000000078,11.875448000000063],[76.170406999000079,11.874279000000058],[76.170875999000032,11.873420000000067],[76.170949000000064,11.872563999000022],[76.171023001000037,11.871825000000058],[76.171257000000082,11.871278000000075],[76.171608000000049,11.870692000000076],[76.172597000000053,11.870801999000037],[76.174851999000055,11.871367999000029],[76.175485000000037,11.87155800000005],[76.175886000000048,11.872449001000064],[76.176488000000063,11.873884000000032],[76.176808000000051,11.87462000000005],[76.178148000000078,11.874182000000076],[76.180002000000059,11.873663000000022],[76.180829000000074,11.873423001000049],[76.18142000000006,11.873147000000074],[76.181496000000038,11.872602000000029],[76.181530999000074,11.872018000000025],[76.181725999000037,11.871511000000055],[76.182397000000037,11.871544999000037],[76.182833999000081,11.871853001000034],[76.183390000000031,11.872276000000056],[76.183748000000037,11.872740001000068],[76.184066001000076,11.873010000000022],[76.184777001000043,11.873044001000039],[76.185172999000031,11.873196000000064],[76.185334000000068,11.873739000000057],[76.185500001000037,11.874905000000069],[76.185778999000036,11.875330999000028],[76.186493001000031,11.875792000000047],[76.187052000000051,11.876682000000073],[76.186977999000078,11.877461000000039],[76.186982000000057,11.878004999000041],[76.187141001000043,11.87823700000007],[76.18777300000005,11.878194001000054],[76.188325000000077,11.878073001000075],[76.188483000000076,11.878033000000073],[76.188401000000056,11.87764500000003],[76.188199000000054,11.876985000000047],[76.188193001000059,11.875934999000037],[76.188190000000077,11.875506999000038],[76.18846300000007,11.875038000000075],[76.188738000000058,11.874685999000064],[76.189208000000065,11.874176999000042],[76.189007000000061,11.873517000000049],[76.188803000000064,11.872546999000065],[76.188840001000074,11.872196000000031],[76.188996000000031,11.871962001000043],[76.189782999000045,11.871489000000054],[76.190809001000048,11.871287000000052],[76.191362000000083,11.871244000000047],[76.191876000000036,11.871396000000061],[76.192273001000046,11.871704000000022],[76.192349001000082,11.871274999000036],[76.192503001000034,11.870535000000075],[76.194313000000079,11.869549001000053],[76.196086000000037,11.868797000000029],[76.197857000000056,11.867850001000022],[76.199352001000079,11.86686700000007],[76.200137000000041,11.866161000000034],[76.201198000000034,11.865335999000024],[76.201906000000065,11.864747000000023],[76.202177000000063,11.863890000000026],[76.202645000000075,11.863108000000068],[76.203037000000052,11.862561000000028],[76.204139999000063,11.862163999000074],[76.205215000000067,11.862118000000066],[76.206434001000048,11.862574000000052],[76.207862000000034,11.863496999000063],[76.208301001000052,11.86423300000007],[76.209055000000035,11.864772000000073],[76.209416001000079,11.865547000000049],[76.209145001000081,11.866521001000024],[76.208719001000077,11.867808000000025],[76.206912000000045,11.869377000000043],[76.205929001000072,11.87004599900007],[76.205223001000036,11.870829000000072],[76.204279000000042,11.871458000000075],[76.203927000000078,11.871966000000043],[76.203933001000053,11.872861000000057],[76.203857001000074,11.873250000000041],[76.203230000000076,11.874033000000054],[76.202918001000057,11.874735000000044],[76.203276000000074,11.87504399900007],[76.203435999000078,11.875470000000064],[76.20352100000008,11.876364000000024],[76.20348400000006,11.876753000000065],[76.203839000000073,11.876634000000024],[76.204310000000078,11.876164001000063],[76.204780000000085,11.875616000000036],[76.206005001000051,11.875645000000077],[76.207391001000076,11.876141000000075],[76.209093000000053,11.876789000000031],[76.209885000000043,11.877055000000041],[76.210360000000037,11.87716800000004],[76.211230000000057,11.877279000000044],[76.21206200000006,11.877700001000051],[76.213211000000058,11.878275000000031],[76.214402999000072,11.879433000000063],[76.214882000000046,11.880128999000021],[76.215047000000084,11.881217000000049],[76.214773999000045,11.88180200100004],[76.213792001000058,11.88262700000007],[76.211860000000058,11.88318600100007],[76.211228000000062,11.883151001000044],[76.210516000000041,11.882923000000062],[76.209250000000054,11.882622001000072],[76.208773000000065,11.88227500000005],[76.208456000000069,11.882122000000038],[76.207790000000045,11.882866000000035],[76.206886001000044,11.883612000000028],[76.206256000000053,11.883889001000057],[76.205468000000053,11.884127999000043],[76.204719001000058,11.884367000000054],[76.204443001000072,11.884525000000053],[76.20444800000007,11.885341000000039],[76.204854000000068,11.886972001000061],[76.204939999000032,11.888021000000037],[76.204869001000077,11.889266000000077],[76.204396000000031,11.889503000000047],[76.203962000000047,11.889545001000045],[76.203765999000041,11.889703001000044],[76.203609000000029,11.889859000000058],[76.20305600100005,11.889863000000048],[76.203057001000047,11.890135999000051],[76.202743001000044,11.890449000000046],[76.202666001000068,11.890644000000066],[76.202865001000077,11.890993000000037],[76.203184000000078,11.89134000100006],[76.203110000000038,11.892158001000041],[76.202797000000032,11.892549001000077],[76.202801001000068,11.893171001000042],[76.202334001000054,11.894264000000021],[76.202061001000061,11.894888001000027],[76.20175000100005,11.895590001000073],[76.201751000000058,11.895746000000031],[76.201910000000055,11.89590000100003],[76.20222700100004,11.896054000000049],[76.202662001000078,11.896128000000033],[76.203572000000065,11.896471001000066],[76.204089000000067,11.896895000000029],[76.204765000000066,11.897589999000047],[76.205046001000085,11.898366000000067],[76.205129001000046,11.899026000000049],[76.205329000000063,11.899375000000077],[76.205767001000083,11.899876999000071],[76.206756000000041,11.900142000000073],[76.207508001000065,11.900409000000025],[76.208854001000077,11.900787999000045],[76.209887001000084,11.90179099900007],[76.210844001000055,11.903067001000068],[76.211088001000064,11.904154000000062],[76.211134000000072,11.905203999000037],[76.21066600100005,11.906140999000058],[76.210038000000054,11.906728999000052],[76.208858000000077,11.907594000000074],[76.207912001000068,11.907833999000047],[76.207439000000079,11.908032000000048],[76.207165000000032,11.908423000000028],[76.206813001000057,11.908931000000052],[76.206263000000035,11.909324000000026],[76.205632001000083,11.909485000000075],[76.205039000000056,11.909489001000054],[76.204525999000055,11.909531999000023],[76.203973000000076,11.90953600000006],[76.203816001000064,11.909693000000061],[76.203821000000062,11.910392999000067],[76.203433001000064,11.911485000000027],[76.203001001000075,11.91199400000005],[76.202649000000065,11.912424000000044],[76.202571000000034,11.912658000000022],[76.202574001000073,11.913046999000073],[76.202695000000062,11.913395999000045],[76.203411001000063,11.914207000000033],[76.204052001000036,11.915603000000033],[76.204174001000069,11.916223999000067],[76.204181001000052,11.917312999000046],[76.204188000000045,11.918402000000071],[76.203919001000031,11.919532000000061],[76.203014000000053,11.920043999000029],[76.202306000000078,11.920515999000031],[76.201163001000054,11.920875000000024],[76.200531000000069,11.920958001000031],[76.199978000000044,11.920923000000073],[76.199425000000076,11.920809999000028],[76.198832001000085,11.920736999000042],[76.197962001000064,11.92066600000004],[76.197607000000062,11.920668000000035],[76.197290999000074,11.920787000000075],[76.197411000000045,11.920942000000025],[76.197886001000029,11.921172001000059],[76.198322000000076,11.921324000000027],[76.198915999000064,11.921553000000074],[76.199193000000037,11.921707000000026],[76.199549001000037,11.92174299900006],[76.199984000000029,11.921739001000049],[76.200736000000063,11.921966999000063],[76.201371000000051,11.922507000000053],[76.201570000000061,11.922739000000036],[76.201888000000054,11.922970001000067],[76.202285001000064,11.923317000000054],[76.202685000000031,11.924168999000074],[76.202652000000057,11.925142000000051],[76.202499000000046,11.925960000000032],[76.202502999000046,11.926582000000053],[76.202232000000038,11.927322999000069],[76.201881000000071,11.928026000000045],[76.201568000000066,11.928494999000065],[76.201136000000076,11.928926000000047],[76.200153000000057,11.929594000000066],[76.199329000000034,11.930495000000064],[76.19885400000004,11.930304001000025],[76.198501000000078,11.930618000000038],[76.19838500000003,11.931125001000055],[76.197250999000062,11.93280500000003],[76.196269000000029,11.933630000000051],[76.19555900000006,11.93382900000006],[76.195324000000085,11.93410300100004],[76.195209000000034,11.934649001000025],[76.194976000000054,11.935389001000033],[76.194268000000079,11.935823001000074],[76.193521000000032,11.936373001000049],[76.192933000000039,11.936998999000025],[76.193331000000057,11.937502001000041],[76.194038000000035,11.936836001000074],[76.194430000000068,11.936366001000067],[76.194783001000076,11.935974000000044],[76.195097001000079,11.935700000000054],[76.195569001000081,11.935385000000053],[76.195883000000038,11.935109999000076],[76.19639600000005,11.934951000000069],[76.196753000000058,11.935182001000044],[76.197110001000055,11.935451000000057],[76.197310000000073,11.935800001000075],[76.197350000000029,11.935916001000066],[76.197429000000056,11.935916001000066],[76.197547000000043,11.935798000000034],[76.197545000000048,11.935487000000023],[76.197463001000074,11.935021000000063],[76.197341001000041,11.934516001000077],[76.197492000000068,11.933504000000028],[76.197609000000057,11.933192000000076],[76.197763001000055,11.932646001000023],[76.198113000000035,11.931827001000045],[76.198427000000038,11.931513000000052],[76.19905900100008,11.931392000000073],[76.199610999000072,11.931271000000038],[76.200085000000058,11.931267000000048],[76.200558001000047,11.931224999000051],[76.201109000000031,11.93079300100004],[76.20142300100008,11.930557000000022],[76.20177700000005,11.930360000000064],[76.202409000000046,11.930239001000075],[76.202922001000047,11.930235000000039],[76.203636000000074,11.930617999000049],[76.204194001000076,11.931392000000073],[76.204631000000063,11.931894000000057],[76.204753000000039,11.932360000000074],[76.204871000000082,11.932359000000076],[76.205067001000032,11.93216300000006],[76.205103001000055,11.931619000000069],[76.204860000000053,11.930609000000061],[76.204659001000039,11.930144000000041],[76.204576000000031,11.929522000000077],[76.204574000000036,11.929211001000056],[76.204690001000074,11.928783001000056],[76.204886001000034,11.928470001000051],[76.205121000000076,11.928157000000056],[76.205313999000055,11.927572000000055],[76.205312000000049,11.927261000000044],[76.205271001000085,11.926950001000023],[76.205308000000059,11.926639000000023],[76.205622000000062,11.926247999000054],[76.205737000000056,11.925819000000047],[76.205774001000066,11.925429999000073],[76.205891001000055,11.925079000000039],[76.205929001000072,11.924922999000046],[76.206522001000053,11.924957000000063],[76.206796000000054,11.924566001000073],[76.206833000000074,11.924255000000073],[76.206907000000058,11.923515000000066],[76.207100001000072,11.922736000000043],[76.207294001000037,11.922228999000026],[76.207409000000041,11.921644999000023],[76.207564000000048,11.921216000000072],[76.208034001000044,11.920629000000076],[76.208427001000075,11.920315001000063],[76.209059000000082,11.920232000000055],[76.209854999000072,11.921160000000043],[76.210173001000044,11.921546000000035],[76.210493000000042,11.922205000000076],[76.21104900000006,11.922668000000044],[76.211245001000066,11.922394000000054],[76.211520000000064,11.92219700000004],[76.212072000000035,11.922037999000054],[76.212308000000064,11.921764000000053],[76.21234400000003,11.921297000000038],[76.212494999000057,11.920686000000046],[76.212652000000048,11.920088999000029],[76.212807999000063,11.91977600000007],[76.213120999000068,11.919345999000029],[76.213632000000075,11.918876000000068],[76.214459999000042,11.918675000000064],[76.215763000000038,11.918626000000074],[76.216913000000034,11.919240000000059],[76.217388999000036,11.919546999000033],[76.217825000000062,11.919855000000041],[76.218339999000079,11.92004600000007],[76.220082999000056,11.92085000000003],[76.220882000000074,11.922166000000061],[76.221085000000073,11.923137000000054],[76.221052999000051,11.924187000000074],[76.221133000000066,11.92445900000007],[76.221450999000069,11.924766999000042],[76.221765000000062,11.924336999000047],[76.222354000000053,11.923866000000032],[76.222668000000056,11.923475001000043],[76.222941000000048,11.923084001000063],[76.22305700000004,11.922616000000062],[76.222853000000043,11.921568000000036],[76.222609000000034,11.920481000000052],[76.222444000000053,11.919393000000071],[76.222436999000081,11.918420000000026],[76.22342100000003,11.917907000000071],[76.22389400000003,11.917632000000026],[76.224126000000069,11.916930000000036],[76.22431799900005,11.91607300000004],[76.224431000000038,11.915138999000021],[76.225017999000045,11.914356000000055],[76.225528999000062,11.913963999000032],[76.225804000000039,11.913766999000075],[76.226316001000043,11.913530000000037],[76.226908000000037,11.913486000000034],[76.227383001000078,11.913522000000057],[76.228015999000036,11.913673000000074],[76.228374000000031,11.914175000000057],[76.228419000000031,11.914992000000041],[76.228465999000036,11.916081000000077],[76.228625000000079,11.916274000000044],[76.228823999000042,11.916505999000037],[76.229376999000067,11.916463000000022],[76.22977000000003,11.916264999000077],[76.230045999000083,11.916224000000057],[76.230836000000068,11.916179000000056],[76.231192000000078,11.916293001000042],[76.231549999000038,11.916602000000069],[76.231710000000078,11.916912000000025],[76.231714000000068,11.917572999000072],[76.231522000000041,11.918391000000042],[76.231486000000075,11.918897000000072],[76.231529999000031,11.919558000000052],[76.231653000000051,11.920296001000054],[76.231657000000041,11.920996000000059],[76.231424000000061,11.92158100000006],[76.231230000000039,11.922049000000072],[76.230759000000035,11.922519001000069],[76.230445000000032,11.922833001000072],[76.229854000000046,11.923070999000061],[76.22926300000006,11.923309000000074],[76.229028001000074,11.923660000000041],[76.228874000000076,11.924284000000057],[76.228680000000054,11.924869000000058],[76.22844599900003,11.925182000000063],[76.228448000000071,11.925609000000065],[76.229046000000039,11.926383001000033],[76.229327999000077,11.92723600000005],[76.229530000000068,11.927974001000052],[76.229535000000055,11.928750999000044],[76.22918100000004,11.928987000000063],[76.22874900100004,11.929341000000022],[76.22871200000003,11.929808001000026],[76.229070000000036,11.930116000000055],[76.229231000000084,11.930543000000057],[76.229509000000064,11.930813001000047],[76.229982000000064,11.930693001000066],[76.230810000000076,11.930414001000031],[76.232428000000084,11.930169000000035],[76.233498999000062,11.93086100000005],[76.233978000000036,11.931752000000074],[76.234414000000072,11.931904001000021],[76.235086000000081,11.932016000000033],[76.236472000000049,11.932589000000064],[76.236478000000034,11.93348300100007],[76.236641999000085,11.934454001000063],[76.236808001000043,11.935620001000075],[76.237096000000065,11.937407001000054],[76.237465001000032,11.939504001000046],[76.237510001000032,11.940398000000073],[76.237558000000035,11.941604000000041],[76.237565999000083,11.942926001000046],[76.237934000000052,11.944751001000043],[76.23821999900008,11.94634300000007],[76.238306001000069,11.947432000000049],[76.238352000000077,11.948326000000066],[76.238433001000033,11.948636000000022],[76.238789001000043,11.948788999000044],[76.239580000000046,11.948860999000033],[76.241397001000053,11.948885999000026],[76.242501000000061,11.948605999000051],[76.243249001000038,11.948172000000056],[76.243798999000035,11.947741000000065],[76.244586001000073,11.94722899900006],[76.245333000000073,11.946756999000058],[76.245647000000076,11.94640399900004],[76.246156000000042,11.945816999000044],[76.246747000000084,11.945579000000066],[76.247734001000083,11.945494001000043],[76.24809700000003,11.946657999000024],[76.249142001000052,11.94643700000006],[76.249549001000048,11.946077000000059],[76.250170000000082,11.945779999000024],[76.25087700000006,11.945503001000077],[76.251670001000036,11.945079000000021],[76.25244200000003,11.944760001000077],[76.253641001000062,11.944039001000021],[76.254326001000038,11.943361000000039],[76.254560000000083,11.942938000000026],[76.254946000000075,11.942747001000043],[76.25565400000005,11.942703000000051],[76.256255000000067,11.942680000000053],[76.256555000000048,11.942637000000047],[76.256862001000059,11.942663000000039],[76.257494001000055,11.942776000000038],[76.258289000000048,11.942658001000041],[76.258710001000054,11.942634001000044],[76.258992000000035,11.94277100100004],[76.259460001000036,11.942977000000042],[76.259859000000063,11.943137001000025],[76.261167999000065,11.942949000000056],[76.262174000000073,11.94280800000007],[76.263134000000036,11.942805000000021],[76.26381200000003,11.942826001000071],[76.264398000000085,11.942963001000066],[76.264609000000064,11.94312300100006],[76.264539999000078,11.94365300000004],[76.264332000000081,11.944505001000039],[76.264288000000079,11.945196000000067],[76.264360001000057,11.945955999000034],[76.264503999000056,11.94689900000003],[76.265046000000041,11.948233000000073],[76.265445999000065,11.948945000000037],[76.265541000000042,11.949290000000076],[76.265542000000039,11.949681999000063],[76.265101000000072,11.950810999000055],[76.26473100000004,11.952193000000022],[76.264593000000048,11.953137000000027],[76.264431999000067,11.953921000000037],[76.264341999000067,11.955026000000032],[76.264345999000057,11.956361000000072],[76.264348000000041,11.956867000000045],[76.264749000000052,11.958131999000045],[76.265056000000072,11.959075000000041],[76.265222000000051,11.959489001000065],[76.265410000000031,11.959995000000049],[76.265575999000077,11.960432000000026],[76.265694999000061,11.961144999000055],[76.26567299900006,11.961813000000063],[76.265512000000058,11.962527000000023],[76.265678999000045,11.963517000000024],[76.265961999000069,11.964160000000049],[76.266761000000031,11.96526300000005],[76.267089001000045,11.965607000000034],[76.267304000000081,11.965906001000064],[76.267677000000049,11.966296000000057],[76.268076000000065,11.966917000000024],[76.26817199900006,11.967514999000059],[76.268106000000046,11.968918999000039],[76.268040000000042,11.970324000000062],[76.267926000000045,11.971336999000073],[76.267976999000041,11.972649000000047],[76.267955999000037,11.973317000000065],[76.267982000000075,11.97430600000007],[76.268126001000041,11.975433999000074],[76.268317000000081,11.976585000000057],[76.268601000000046,11.977735000000052],[76.26895600000006,11.97883900000005],[76.269497999000066,11.97996500000005],[76.27062599900006,11.981734000000074],[76.270980000000066,11.982585000000029],[76.271427000000074,11.983390001000032],[76.271616000000051,11.983780001000071],[76.271872999000038,11.983757001000072],[76.272574000000077,11.983409000000051],[76.273508000000049,11.982922999000039],[76.273859000000073,11.982669000000044],[76.274208999000052,11.982438000000059],[76.274605999000073,11.982182999000031],[76.27474600000005,11.981999001000077],[76.274910000000034,11.981952000000035],[76.275378000000046,11.981997001000025],[76.275963000000047,11.982086999000046],[76.276572000000044,11.982154000000037],[76.277297000000033,11.982221000000038],[76.277695000000051,11.98224300000004],[76.278631999000083,11.982379000000037],[76.27914700000008,11.982607001000076],[76.279383999000061,11.983505000000036],[76.279574000000082,11.984333000000049],[76.280044000000032,11.985160000000064],[76.280539000000033,11.986195001000056],[76.280987000000039,11.987183000000073],[76.281974000000048,11.988538001000052],[76.282279000000074,11.988860000000045],[76.282632000000035,11.989480000000071],[76.282775000000072,11.990470001000062],[76.283083000000033,11.991413000000023],[76.28383400000007,11.992331000000036],[76.284749999000041,11.993227000000047],[76.285479000000066,11.99432900000005],[76.286138999000059,11.995916000000022],[76.285788000000082,11.995939999000029],[76.285437001000048,11.996010000000069],[76.285110000000032,11.996033999000076],[76.284899000000053,11.996150000000057],[76.284642000000076,11.996312000000046],[76.28429200000005,11.99656599900004],[76.283871000000033,11.996728000000076],[76.283333000000084,11.996707000000072],[76.282887000000073,11.996363000000031],[76.282583000000045,11.996180000000038],[76.28234800000007,11.995949999000061],[76.281924999000069,11.995445000000075],[76.281315000000063,11.994824999000059],[76.280799000000059,11.994550000000061],[76.280706000000066,11.994804001000034],[76.280708000000061,11.995194999000034],[76.280615000000068,11.995564000000059],[76.28054700000007,11.996139000000028],[76.280503000000067,11.997013999000046],[76.280387000000076,11.997429000000068],[76.280340999000032,11.997844000000043],[76.280390000000068,11.998338999000055],[76.280521000000078,11.999015000000043],[76.280865001000052,11.999351999000055],[76.281725000000051,11.999434000000065],[76.284603000000061,11.999720999000033],[76.285248000000081,12.000098999000045],[76.285198000000037,12.00053100100007],[76.285195001000034,12.001124000000061],[76.285277999000073,12.001505999000074],[76.285405001000072,12.001761000000045],[76.285877001000074,12.001892000000055],[76.287122000000068,12.00190200000003],[76.288629000000071,12.00123700000006],[76.288887999000053,12.001112000000035],[76.289061000000061,12.000901000000056],[76.289149000000066,12.000477999000054],[76.289323000000081,12.000140000000044],[76.289731000000074,12.000193999000032],[76.289882999000042,12.000308999000026],[76.29060700000008,12.000958000000026],[76.29110200000008,12.001528999000072],[76.291711001000067,12.002177000000074],[76.292168000000061,12.002785999000025],[76.292545000000075,12.003697000000045],[76.292655000000082,12.004643000000044],[76.292767000000083,12.005098000000032],[76.292876000000035,12.00596900000005],[76.29229900100006,12.006418000000053],[76.291952000000038,12.006718000000035],[76.291068000000053,12.007127000000025],[76.290413000000058,12.007651000000067],[76.289063000000056,12.009077000000048],[76.287635001000069,12.010578999000074],[76.286787000000061,12.011328000000049],[76.285977999000067,12.012077999000041],[76.28405500000008,12.013122000000067],[76.283014999000045,12.013869999000065],[76.282247000000041,12.014128000000028],[76.281174000000078,12.014120000000048],[76.28002500000008,12.014035000000035],[76.278760999000042,12.013834999000039],[76.277650000000051,12.013788999000042],[76.276347000000044,12.013740000000041],[76.274929000000043,12.013653000000033],[76.273857000000078,12.013531000000057],[76.272739001000048,12.013372000000061],[76.272055999000031,12.013441000000057],[76.270944000000043,12.013432000000023],[76.270100999000078,12.013463000000058],[76.268987999000046,12.013567000000023],[76.268489000000045,12.013790000000029],[76.268105000000048,12.013825000000054],[76.267146001000071,12.014044000000069],[76.265685000000076,12.014789000000064],[76.263496000000032,12.01533900000004],[76.262804999000082,12.015522001000022],[76.261424999000042,12.015624000000059],[76.260811999000055,12.015505999000027],[76.260201001000041,12.015123000000074],[76.259591001000047,12.014625999000032],[76.258902000000035,12.014432000000056],[76.25859500100006,12.014618000000041],[76.258667000000059,12.015224000000046],[76.259047001000056,12.015794001000074],[76.259693001000073,12.016707001000043],[76.260339000000045,12.017733999000029],[76.26082800000006,12.019175000000075],[76.261854000000085,12.020695999000054],[76.262649000000067,12.022216000000071],[76.263597000000061,12.023850001000028],[76.264658999000062,12.025674001000027],[76.265645000000063,12.02738400100003],[76.266326000000049,12.028940000000034],[76.266781999000045,12.029587001000039],[76.266702999000074,12.029851000000065],[76.266165999000066,12.029922000000056],[76.265974999000036,12.029883000000041],[76.265051000000085,12.030518001000075],[76.263666999000066,12.031188001000032],[76.262439000000029,12.031481001000031],[76.261787999000035,12.031400000000076],[76.26079100000004,12.031429001000049],[76.260061000000064,12.031764000000067],[76.259445000000085,12.032213001000059],[76.259020000000078,12.032701000000031],[76.258671000000049,12.033378999000035],[76.258515001000035,12.033794000000057],[76.258512000000053,12.034248001000037],[76.258621000000062,12.035270000000025],[76.259038001000079,12.036030000000039],[76.259342000000061,12.036448000000064],[76.259644000000037,12.037094000000025],[76.259987000000081,12.03747499900004],[76.259832001000063,12.037700001000076],[76.259449000000075,12.037735001000044],[76.25887300100004,12.037805999000057],[76.258336000000043,12.037877001000027],[76.257646000000079,12.037910000000068],[76.256916000000047,12.038244000000077],[76.256645000000049,12.038620000000037],[76.256334001000084,12.039336000000048],[76.255983000000072,12.040430000000072],[76.25567200100005,12.04114700100007],[76.255208001000085,12.041748000000041],[76.254668000000038,12.042311000000041],[76.253396001000056,12.043434999000056],[76.252654000000064,12.044082999000068],[76.251895000000047,12.044445000000053],[76.251238000000058,12.04523400000005],[76.250699001000044,12.045645000000036],[76.249847999000053,12.046172001000059],[76.249272000000076,12.046395000000075],[76.24892600000004,12.046695000000057],[76.24850200000003,12.047146000000055],[76.247655000000066,12.04812400000003],[76.24669300000005,12.048948999000061],[76.24642300000005,12.049250000000029],[76.244928001000062,12.049429000000032],[76.243968001000042,12.049726000000021],[76.243431000000044,12.049760000000049],[76.243200000000058,12.050061000000028],[76.243238000000076,12.050211999000055],[76.243810000000053,12.050783000000024],[76.244883000000073,12.050977999000054],[76.245456999000055,12.051171000000068],[76.246492000000046,12.051177000000052],[76.247873001000073,12.050808000000075],[76.249253000000067,12.050779000000034],[76.249753000000055,12.050555000000031],[76.249982001000035,12.050557000000026],[76.25059600000003,12.050560000000075],[76.250939999000082,12.050638000000049],[76.251438001000054,12.050679000000059],[76.252052000000049,12.05068299900006],[76.252781000000084,12.050535999000033],[76.253892000000064,12.050505000000044],[76.254352001000029,12.050508000000036],[76.255464001000064,12.050477001000047],[76.255460001000074,12.051347000000021],[76.255456001000084,12.052329000000043],[76.255603999000073,12.053577001000065],[76.255716001000053,12.054258000000061],[76.255944001000046,12.054825999000059],[76.25605500000006,12.055772000000047],[76.25650900100004,12.057211001000042],[76.256504000000064,12.058344000000034],[76.256501000000071,12.059023999000033],[76.256459001000053,12.059931000000063],[76.256034000000056,12.060834999000065],[76.25583800000004,12.061817001000065],[76.255602001000057,12.063213001000065],[76.255598001000067,12.064044999000032],[76.255709000000081,12.065178999000068],[76.255475000000047,12.066047000000026],[76.255046001000039,12.067745000000059],[76.25481300000007,12.068575001000056],[76.254848000000038,12.069292999000027],[76.254961001000083,12.069746999000074],[76.254842000000053,12.070691000000068],[76.25483500100006,12.072354000000075],[76.25471200100003,12.074356000000023],[76.254170001000034,12.075675001000036],[76.253590000000031,12.076692000000037],[76.253896001000044,12.076996001000055],[76.254470001000072,12.077075001000026],[76.255505000000085,12.077082001000065],[76.256962001000034,12.077053001000024],[76.258458000000076,12.076836000000071],[76.26186799900006,12.077046000000053],[76.264283000000034,12.077061000000072],[76.266812000000073,12.077077000000031],[76.267463000000077,12.077307000000076],[76.26856900000007,12.078712001000042],[76.269330000000082,12.079889001000026],[76.270359000000042,12.081292999000027],[76.271236000000044,12.082470001000047],[76.271960000000036,12.083495000000028],[76.272609001000035,12.084066001000053],[76.272991000000047,12.084446000000071],[76.272834000000046,12.08520100100003],[76.272483999000031,12.086522000000059],[76.272135000000048,12.087313001000041],[76.271901000000071,12.088294000000076],[76.27151199900004,12.089652001000047],[76.271085000000085,12.090934000000061],[76.270811000000037,12.092216999000073],[76.270615000000078,12.093273999000075],[76.270114000000035,12.094103000000075],[76.270032000000072,12.095311000000038],[76.269490000000076,12.096555000000023],[76.268564000000083,12.097985000000051],[76.267721999000059,12.097602000000052],[76.266650000000084,12.097405999000046],[76.265576999000075,12.097286000000054],[76.26454300000006,12.097129000000052],[76.263202000000035,12.096969000000058],[76.262586999000064,12.097305999000071],[76.261782000000039,12.097527000000071],[76.260783999000068,12.097823000000062],[76.259824001000084,12.098271000000068],[76.259403000000077,12.097966000000042],[76.257069000000058,12.097119999000029],[76.255153999000072,12.096616999000048],[76.253967000000046,12.096420000000023],[76.252127001000076,12.09652200000005],[76.251321001000065,12.096667999000033],[76.250324000000035,12.096888999000043],[76.249864001000049,12.09688600000004],[76.249483000000055,12.096391999000048],[76.247568000000058,12.095851000000039],[76.246305000000064,12.095578999000054],[76.245501000000047,12.095234000000062],[76.245387000000051,12.094968999000059],[76.245506000000034,12.094138000000044],[76.245895001000065,12.092667000000063],[76.246245000000044,12.091611000000057],[76.246402001000035,12.090590999000028],[76.245757000000083,12.089151001000062],[76.245189000000039,12.087485001000061],[76.243471000000056,12.085812001000022],[76.242863000000057,12.084636000000046],[76.242138000000068,12.083876001000021],[76.241032000000075,12.082622001000061],[76.240192000000036,12.081710001000033],[76.239275999000029,12.080797001000064],[76.238091000000054,12.080034000000069],[76.23770600000006,12.080372000000068],[76.237052000000062,12.081048000000067],[76.236281000000076,12.082063001000051],[76.235588000000064,12.082891000000075],[76.234666001000051,12.083376001000033],[76.233667001000072,12.083786001000021],[76.232861000000071,12.084234001000027],[76.231670000000065,12.084793000000047],[76.231284000000073,12.08539600000006],[76.231244000000061,12.085887000000071],[76.231240000000071,12.086794000000054],[76.231236999000032,12.087474000000043],[76.231233000000032,12.088343001000055],[76.231076001000076,12.089249001000042],[76.230032000000051,12.091472000000067],[76.22860600000007,12.093428000000074],[76.22740900000008,12.095498999000029],[76.225907000000063,12.097190000000069],[76.225519000000077,12.098169999000049],[76.225359000000083,12.099757000000068],[76.224511000000064,12.101036000000022],[76.22396800000007,12.102582000000041],[76.223118000000056,12.104088000000047],[76.222534999000061,12.105899000000022],[76.221954999000047,12.10706699900004],[76.221600999000032,12.109332000000052],[76.22125199900006,12.110388000000057],[76.220711000000051,12.11136700000003],[76.220363000000077,12.112120000000061],[76.219898001000047,12.113138000000049],[76.21958999900005,12.113627000000065],[76.219317000000046,12.114759000000049],[76.218810999000084,12.116494000000046],[76.218151000000034,12.118455001000029],[76.21710500000006,12.121056000000067],[76.216523000000052,12.122829000000024],[76.215593999000077,12.125015001000065],[76.214434001000029,12.127274999000065],[76.21416399900005,12.127878001000056],[76.214582000000064,12.128750001000071],[76.215036000000055,12.130037000000073],[76.216026000000056,12.131631001000073],[76.216823000000034,12.13337400100005],[76.217240000000061,12.134510001000024],[76.217386999000041,12.135985000000062],[76.217765000000043,12.137234001000024],[76.217760000000055,12.138519000000031],[76.217795999000032,12.139085999000031],[76.217751000000078,12.140749000000028],[76.217900000000043,12.141619000000048],[76.218509999000048,12.142530000000022],[76.219004999000049,12.14321300000006],[76.219427000000053,12.143215999000063],[76.220192999000062,12.143219999000053],[76.221075000000042,12.143188000000066],[76.221764000000064,12.14334400000007],[76.222298999000031,12.143724999000028],[76.223601000000031,12.143996999000024],[76.22475200000008,12.143929000000071],[76.226056000000085,12.143596999000067],[76.227092000000084,12.143262999000058],[76.229126000000065,12.142746999000053],[76.23046800000003,12.142604000000063],[76.232653000000084,12.142692999000076],[76.233151000000078,12.142772000000036],[76.23403200000007,12.142891000000077],[76.235045000000071,12.143028000000072],[76.23598700000008,12.142676000000051],[76.236756999000079,12.142039000000068],[76.238026000000048,12.141064000000028],[76.239411000000075,12.139750000000049],[76.240794000000051,12.139040999000031],[76.241868000000068,12.138858000000027],[76.242634000000066,12.138862999000025],[76.245356001000061,12.138691000000051],[76.246045000000038,12.138921999000047],[76.246657000000084,12.139304000000038],[76.247881000000064,12.139954001000035],[76.248953000000029,12.140262999000072],[76.249449001000073,12.140833000000043],[76.249928000000068,12.141203000000075],[76.251309001000038,12.141061999000044],[76.252574001000085,12.141035000000045],[76.254836001000058,12.140940000000057],[76.25567600100004,12.141588999000021],[76.256439001000047,12.142086999000071],[76.257198001000063,12.143380000000036],[76.257617001000085,12.143837001000065],[76.257846000000029,12.144065999000077],[76.258721001000083,12.145131999000057],[76.258833001000085,12.145625000000052],[76.258443000000057,12.14664300000004],[76.258319000000029,12.14811700000007],[76.258314000000041,12.148874000000035],[76.258465001000047,12.149329000000023],[76.258804000000055,12.150353000000052],[76.259218000000033,12.151567000000057],[76.259559001000071,12.152175000000057],[76.259669000000031,12.153046000000074],[76.259358001000066,12.153724000000068],[76.25816100000003,12.155076999000073],[76.256887001000052,12.15657999900003],[76.255883001000029,12.157669000000055],[76.254919000000029,12.158644000000038],[76.254414000000054,12.159699000000046],[76.254372001000036,12.160303999000064],[76.25448300000005,12.161024000000054],[76.254744000000073,12.162161000000026],[76.255086001000052,12.162618000000066],[76.256003000000078,12.163155000000074],[76.256844000000058,12.16357800000003],[76.257532001000072,12.163961000000029],[76.257759000000078,12.164304000000072],[76.257717000000071,12.164984000000061],[76.257478001000038,12.166382000000056],[76.257436000000041,12.167025000000024],[76.257512001000066,12.167214999000066],[76.25785600100005,12.167255000000068],[76.258277000000078,12.167448000000036],[76.258385001000079,12.168620999000041],[76.258453001000078,12.169908000000021],[76.258522001000074,12.17127000000005],[76.258739001000038,12.173391000000038],[76.25881000000004,12.17422300100003],[76.25887700100003,12.175889000000041],[76.258981001000052,12.177667000000042],[76.25865900000008,12.180161001000045],[76.258844000000067,12.181146000000069],[76.259493001000067,12.181644001000052],[76.260868000000073,12.182449000000076],[76.262511999000083,12.18314300000003],[76.264386999000067,12.183688001000064],[76.266565999000079,12.184689001000038],[76.26843800000006,12.185726001000035],[76.270233001000065,12.186913000000061],[76.272521999000048,12.188785000000053],[76.273589000000072,12.189739000000031],[76.274084000000073,12.190310999000076],[76.273816000000068,12.190307999000026],[76.272934000000078,12.190338999000062],[76.272624000000064,12.190827999000021],[76.272545000000036,12.191167999000072],[76.272233999000036,12.19188500000007],[76.271851000000083,12.191881000000024],[76.271350999000049,12.192067000000065],[76.271117999000069,12.192518999000072],[76.270658000000083,12.19259100000005],[76.270391000000075,12.192436999000051],[76.26996900000006,12.192396000000031],[76.269890000000032,12.192848999000034],[76.26969499900008,12.193264000000056],[76.269269000000065,12.194054999000059],[76.268539000000033,12.194238000000041],[76.267810000000054,12.194346000000053],[76.267347999000037,12.194682000000057],[76.266886000000056,12.195019000000059],[76.266578000000038,12.195206000000042],[76.265964000000054,12.195352000000071],[76.265848000000062,12.195540000000051],[76.265884999000036,12.195768000000044],[76.265959000000066,12.196108999000046],[76.265844000000072,12.196221000000037],[76.265651000000048,12.196370999000067],[76.265306000000066,12.196385000000078],[76.26492200000007,12.19644099900006],[76.264767000000063,12.196704001000057],[76.264305999000044,12.196852000000035],[76.263690999000062,12.197112000000061],[76.263151999000058,12.197560999000075],[76.262499000000048,12.197820999000044],[76.262038999000083,12.197779000000025],[76.261735000000044,12.197247000000061],[76.260814000000039,12.197391000000039],[76.260735999000076,12.197693000000072],[76.261001000000078,12.198301000000072],[76.26088100000004,12.199056000000041],[76.260454000000038,12.199885000000052],[76.259838000000059,12.200372000000073],[76.259491000000082,12.200672000000054],[76.258838000000083,12.200818000000027],[76.25837800000005,12.200890000000072],[76.258261000000061,12.20111600000007],[76.258103000000062,12.20187099900005],[76.257717000000071,12.202397000000076],[76.257330000000081,12.202886000000035],[76.257021001000055,12.203375000000051],[76.256634001000066,12.203940000000046],[76.256020001000081,12.203934999000069],[76.255600001000062,12.203780000000052],[76.254336999000031,12.203467000000046],[76.253343001000076,12.202892000000077],[76.252042000000074,12.202616000000035],[76.250627000000065,12.201924000000076],[76.24967300000003,12.201737000000037],[76.248989000000051,12.201361000000077],[76.248477001000083,12.201054000000056],[76.248205001000031,12.20064700000006],[76.247623000000033,12.200407000000041],[76.247144000000048,12.200337000000047],[76.246219000000053,12.200500000000034],[76.245396000000085,12.200663000000077],[76.244539001000078,12.200726000000031],[76.243922000000055,12.200890999000023],[76.243612000000041,12.20136099900003],[76.243300000000033,12.202135999000063],[76.243058000000076,12.202675000000056],[76.242919001000075,12.203247999000041],[76.242814000000067,12.203822000000059],[76.242640000000051,12.204428000000064],[76.242397000000039,12.205204000000037],[76.24177300000008,12.206956000000048],[76.24145800000008,12.208440000000053],[76.241009000000076,12.209349000000032],[76.240973000000054,12.209720001000051],[76.239363000000083,12.209744000000057],[76.237479000000064,12.20979999900004],[76.236520001000031,12.209827000000075],[76.236383000000046,12.209894000000077],[76.236655000000042,12.210267000000044],[76.237303999000062,12.210676001000024],[76.238429000000053,12.211933000000045],[76.238939000000073,12.212948999000048],[76.239277000000072,12.213931000000059],[76.240331000000083,12.215896000000043],[76.241423000000054,12.216712999000038],[76.241935000000069,12.217223000000047],[76.24234400000006,12.217359000000044],[76.242922999000029,12.217658001000075],[76.243463001000066,12.217958000000067],[76.243803000000071,12.217802000000063],[76.244266001000085,12.217311000000052],[76.244605000000035,12.217531000000065],[76.245123000000035,12.218027001000053],[76.245646001000068,12.217517001000033],[76.246389001000068,12.216989000000069],[76.246690000000058,12.216695000000072],[76.247092001000055,12.216323000000045],[76.247594000000049,12.215892000000053],[76.248258000000078,12.215146000000061],[76.248680000000036,12.214734001000068],[76.248961001000055,12.214539001000048],[76.249220001000083,12.214698000000055],[76.249719000000084,12.214938000000075],[76.250181000000055,12.214891000000023],[76.250640001000079,12.215071999000031],[76.250879001000044,12.215291000000036],[76.251119000000074,12.215234000000066],[76.251461000000063,12.214960000000076],[76.252265999000031,12.214315000000056],[76.253131000000053,12.213493000000028],[76.253596001000062,12.212825000000066],[76.25398000000007,12.212137001000031],[76.254382000000078,12.211943000000076],[76.254682001000049,12.211985000000027],[76.255517001000044,12.212781000000064],[76.256788001000075,12.214450000000056],[76.258059001000049,12.216021000000069],[76.259092001000056,12.217293000000041],[76.260046001000035,12.218328000000042],[76.260204001000034,12.218802999000047],[76.26052100000004,12.219299001000024],[76.260697999000058,12.219696000000056],[76.261118000000067,12.219798001000072],[76.261916000000042,12.220199000000036],[76.262512000000072,12.220974000000069],[76.263646999000059,12.221892001000072],[76.264860999000064,12.222948000000031],[76.265896000000055,12.223865001000036],[76.266832000000079,12.224604000000056],[76.267329999000083,12.225042001000077],[76.267652000000055,12.224709000000075],[76.267956000000083,12.224218000000064],[76.268176999000048,12.224041999000065],[76.269258001000082,12.223892000000035],[76.270740000000046,12.223786000000075],[76.27202200000005,12.223618000000045],[76.273362999000085,12.223570000000052],[76.274224000000061,12.223538000000076],[76.274845000000084,12.223424000000023],[76.275746000000083,12.22337200000004],[76.276347000000044,12.22327800000005],[76.276727000000051,12.223242000000027],[76.276945999000077,12.223441000000037],[76.27688100000006,12.224369001000071],[76.276514000000077,12.225472000000025],[76.276165999000057,12.226753000000031],[76.275998000000072,12.228035001000023],[76.275693000000047,12.228783000000021],[76.274966000000063,12.229843001000063],[76.274722000000054,12.230414000000053],[76.274540000000059,12.23068900100003],[76.273298999000076,12.230817000000059],[76.271176999000033,12.230840001000047],[76.269595000000038,12.230926000000068],[76.269015000000081,12.231000001000041],[76.268153000000041,12.231151000000068],[76.26739199900004,12.231283000000076],[76.266368999000065,12.23163100000005],[76.265707000000077,12.231882001000031],[76.265326000000073,12.231997001000025],[76.264786000000072,12.231953000000033],[76.264329000000032,12.231318000000044],[76.263593000000071,12.230660000000057],[76.262413999000046,12.230275001000052],[76.260958999000081,12.229375000000061],[76.260441999000079,12.228818001000036],[76.259366001000046,12.22805900000003],[76.258030000000076,12.227317001000074],[76.257193000000029,12.226659000000041],[76.256218000000047,12.225782000000038],[76.25574000000006,12.225344000000064],[76.255202000000054,12.225023000000022],[76.254885000000058,12.22454700000003],[76.254347001000042,12.224068000000045],[76.253848000000062,12.223847000000035],[76.252829000000077,12.223543000000063],[76.251971001000072,12.223101000000042],[76.251914001000046,12.222607001000029],[76.251699999000039,12.221697001000052],[76.251446001000033,12.22064800000004],[76.250529001000075,12.220048000000077],[76.250098001000083,12.22013000000004],[76.249638000000061,12.219989000000055],[76.249118000000067,12.219886999000039],[76.24849800100003,12.219863000000032],[76.247637000000054,12.219917000000066],[76.247177001000068,12.219974000000036],[76.24665600000003,12.219990000000053],[76.246076001000063,12.219828999000072],[76.245697000000064,12.219728001000021],[76.245178000000067,12.219310000000064],[76.244799000000057,12.219012000000077],[76.244400000000041,12.218713001000026],[76.244019000000037,12.218849001000024],[76.243709000000081,12.219024000000047],[76.243159000000048,12.219291000000055],[76.242679000000066,12.219524000000035],[76.241891000000066,12.219519000000048],[76.241446001000043,12.219415001000073],[76.240659000000051,12.219410001000028],[76.239836000000082,12.219405000000052],[76.238945999000066,12.219467000000066],[76.238157000000058,12.219665001000067],[76.237402000000031,12.220099001000051],[76.236886000000084,12.220434000000068],[76.23650899900008,12.220532000000048],[76.236203001000035,12.220125000000053],[76.235931000000051,12.219616999000039],[76.235420000000033,12.218837000000065],[76.234432000000083,12.217548000000022],[76.233990999000071,12.216701000000057],[76.233584000000064,12.215786000000037],[76.23297000000008,12.215006000000074],[76.232086000000038,12.213447000000031],[76.231642000000079,12.213174001000027],[76.231333000000063,12.213307001000032],[76.230819000000054,12.213371000000052],[76.230270000000075,12.213603999000043],[76.229448000000048,12.213599000000045],[76.228043000000071,12.213860999000076],[76.226397999000085,12.213918000000035],[76.224924999000052,12.213909001000047],[76.223591000000056,12.213698000000022],[76.221879000000058,12.213518000000022],[76.22044100100004,12.213239000000044],[76.217806000000053,12.212750000000028],[76.215547000000072,12.212364000000036],[76.214247000000057,12.211985000000027],[76.21342499900004,12.211811000000068],[76.21335700000003,12.21187800000007],[76.212737999000069,12.212448000000052],[76.212187000000029,12.21298500000006],[76.211705001000041,12.213759001000028],[76.210743000000036,12.214428000000055],[76.210121001000061,12.215573000000063],[76.208917000000042,12.216781000000026],[76.207849000000067,12.218226000000072],[76.207541001000038,12.218326000000047],[76.207372001000067,12.217784000000051],[76.206521001000056,12.216496000000063],[76.206113000000073,12.215784001000031],[76.205636001000073,12.215106000000048],[76.204820000000041,12.213716000000034],[76.204310000000078,12.212835000000041],[76.203322000000071,12.211545000000058],[76.202028001000031,12.209680001000038],[76.201347000000055,12.20872999900007],[76.201897000000031,12.208226999000033],[76.202618000000029,12.207826001000058],[76.20361500000007,12.207022001000041],[76.205161001000079,12.205985000000055],[76.206671001000075,12.205184000000031],[76.207874000000061,12.204178001000059],[76.209249000000057,12.203140000000076],[76.21093200100006,12.202035999000032],[76.212855000000047,12.200900000000047],[76.214503000000036,12.200032000000022],[76.215601000000049,12.199431000000061],[76.21618600000005,12.198962000000051],[76.218212000000051,12.197556000000077],[76.22017100000005,12.196183999000027],[76.222267000000045,12.194609000000071],[76.223195001000079,12.193670000000054],[76.224054999000032,12.192898000000071],[76.223954000000049,12.192458999000053],[76.223822000000041,12.191242000000045],[76.223379999000031,12.190463000000022],[76.222425000000044,12.189612000000068],[76.221947000000057,12.189271999000027],[76.221641000000034,12.188729000000023],[76.221437000000037,12.188187999000036],[76.221029000000044,12.187509999000042],[76.220346999000071,12.186864000000071],[76.219869000000074,12.186456000000021],[76.21915000000007,12.186316000000033],[76.218021000000078,12.186073001000068],[76.217166000000077,12.185764000000063],[76.216927000000055,12.185559000000069],[76.216381000000069,12.185117001000037],[76.21573199900007,12.184573002000036],[76.214638000000036,12.184262000000047],[76.213919999000041,12.183953000000031],[76.212790000000041,12.183845000000076],[76.212070999000048,12.183706001000076],[76.211490001000072,12.18349900100003],[76.211119001000043,12.182011001000035],[76.210816001000069,12.180692000000022],[76.209893000000079,12.180416000000037],[76.209380000000067,12.180244000000073],[76.207638001000078,12.179018000000042],[76.206614001000048,12.178201000000058],[76.206104001000028,12.177218000000039],[76.205697000000043,12.176371000000074],[76.205631001000029,12.175628000000074],[76.205633001000081,12.175121000000047],[76.205192000000068,12.174274000000025],[76.204475000000059,12.173696000000064],[76.20403200100003,12.17315300000007],[76.203452001000073,12.172609000000023],[76.202804001000061,12.171929000000034],[76.201574000000051,12.171213001000069],[76.200890000000072,12.170904000000064],[76.200172001000055,12.170596000000046],[76.199762000000078,12.170323000000053],[76.199455000000057,12.17001700000003],[76.199252000000058,12.169476000000031],[76.198740000000043,12.16913500000004],[76.198501000000078,12.168897000000072],[76.197952000000043,12.169130000000052],[76.19709400000005,12.169530000000066],[76.195617999000035,12.17023000000006],[76.194519000000071,12.170966000000021],[76.193318000000033,12.171465000000069],[76.192905001000042,12.171868000000075],[76.193144000000075,12.172173000000043],[76.193963000000053,12.172887001000049],[76.194575999000051,12.17363400000005],[76.195293000000049,12.174314000000038],[76.195155000000057,12.174482001000058],[76.194708000000048,12.174851001000036],[76.194467000000031,12.175086000000022],[76.193882000000031,12.175690000000031],[76.19312700100005,12.176226000000042],[76.192645000000084,12.176729001000069],[76.192025999000066,12.177266000000031],[76.191509000000053,12.17797100100006],[76.191233000000068,12.178510001000063],[76.190819000000033,12.179318000000023],[76.190098000000035,12.179685000000063],[76.189514001000077,12.180053000000044],[76.188657001000081,12.180216001000076],[76.188074000000029,12.180314001000056],[76.187354000000084,12.180445001000066],[76.186702000000082,12.180711000000031],[76.186255000000074,12.181214000000068],[76.185910000000035,12.181685002000052],[76.185600000000079,12.18225700000005],[76.185288000000071,12.183032001000072],[76.184463000000051,12.183871000000067],[76.184152001000029,12.184342000000072],[76.183843001000071,12.184610001000067],[76.18322500000005,12.184877001000075],[76.182471000000078,12.185074001000032],[76.182025000000067,12.185207000000048],[76.180278000000044,12.185196001000065],[76.179628000000037,12.185158002000037],[76.178702999000052,12.184983001000035],[76.177780000000041,12.184775001000048],[76.176856000000043,12.184533001000034],[76.17576100000008,12.184222001000023],[76.174665000000061,12.184080001000041],[76.173603000000071,12.184209000000067],[76.173259999000038,12.184308000000044],[76.172643000000051,12.184405000000027],[76.172162999000079,12.184470001000022],[76.171443000000068,12.184634000000074],[76.17007299900007,12.184727001000056],[76.169148000000064,12.184788999000034],[76.167642000000058,12.184509000000048],[76.165622000000042,12.184362001000068],[76.164732000000072,12.184221001000026],[76.163230000000055,12.182962000000032],[76.162102000000061,12.182381000000021],[76.160873001000084,12.181462000000067],[76.159983001000057,12.181152000000054],[76.159605000000056,12.181589000000031],[76.158781001000079,12.182090001000063],[76.157957000000067,12.182558000000029],[76.157819001000064,12.182793000000061],[76.156858000000057,12.183125001000064],[76.156036000000029,12.183120001000077],[76.154940000000067,12.183147001000066],[76.154699000000051,12.183314000000053],[76.154390000000035,12.183684000000028],[76.153806001000078,12.184085000000039],[76.153358000000082,12.184522000000072],[76.15284500000007,12.184518000000025],[76.152059001000055,12.183973001000027],[76.15137500000003,12.183800001000066],[76.150827001000039,12.183864001000074],[76.150037000000054,12.18419700000004],[76.149625001000061,12.184431000000075],[76.148494000000085,12.184559000000036],[76.147672001000046,12.184554000000048],[76.147228000000041,12.184416001000045],[76.146613000000059,12.183939001000056],[76.145894000000055,12.18383300000005],[76.144901001000051,12.183760000000063],[76.144321000000048,12.183351000000073],[76.143193000000053,12.182601001000023],[76.142579000000069,12.18222600100006],[76.14107400000006,12.181676000000039],[76.140184000000033,12.181433999000035],[76.138951000000077,12.181426000000044],[76.13792200000006,12.18169000000006],[76.137544000000048,12.181992000000037],[76.137234000000035,12.182462001000033],[76.136923000000081,12.183136000000047],[76.136818001000051,12.183608000000049],[76.136816000000067,12.184081001000038],[76.136712000000045,12.18455300100004],[76.136539000000084,12.184923000000026],[76.136469000000034,12.185261000000025],[76.136468000000036,12.185497000000055],[76.136602001000028,12.186038000000053],[76.136259000000052,12.186239000000057],[76.135949001000029,12.186709001000054],[76.135845000000074,12.186945000000037],[76.135876999000061,12.187417999000047],[76.135873999000069,12.188161000000036],[76.135767000000044,12.189140000000066],[76.135593000000028,12.189915000000042],[76.135279000000082,12.191297999000028],[76.134933000000046,12.192105999000034],[76.13462000100003,12.193253000000027],[76.134238999000047,12.194296999000073],[76.13337800000005,12.195406000000048],[76.132756000000029,12.196482999000068],[76.132101000000034,12.197491999000022],[76.131686000000059,12.198536001000036],[76.131102000000055,12.199005000000056],[76.129900001000067,12.199741000000074],[76.128698000000043,12.200409000000036],[76.127736000000084,12.201011000000051],[76.126294999000038,12.201677000000075],[76.125471000000061,12.202179000000058],[76.124406000000079,12.202847000000077],[76.123476999000047,12.203787000000034],[76.122858999000073,12.204290000000071],[76.122515000000078,12.204625001000068],[76.12206800000007,12.204994000000056],[76.121415001000059,12.205598000000066],[76.119903000000079,12.206737000000032],[76.118150000000071,12.20821200000006],[76.117736999000044,12.208547001000056],[76.118283999000084,12.208787000000029],[76.118762999000069,12.209059999000033],[76.119446000000039,12.209333999000023],[76.120097000000044,12.209507000000031],[76.12143100000003,12.209752000000037],[76.12207999900005,12.210161000000028],[76.123756999000079,12.210577001000047],[76.125194000000079,12.210956999000075],[76.125946999000064,12.210996000000023],[76.126184999000031,12.211436001000038],[76.126148999000065,12.212009999000031],[76.125941001000058,12.212583000000052],[76.125698999000065,12.212987000000055],[76.125250999000059,12.213659001000053],[76.124528000000055,12.214668001000064],[76.124215999000057,12.215409001000069],[76.123425999000062,12.215944000000036],[76.123047001000032,12.216448000000071],[76.122771000000057,12.217088001000036],[76.122493999000085,12.21762700000005],[76.122114000000067,12.218435001000046],[76.121423999000058,12.219613000000038],[76.121009000000072,12.220522001000063],[76.120664000000033,12.221161000000052],[76.120147999000039,12.221597001000077],[76.119770000000074,12.221966000000066],[76.119425000000035,12.22257200100006],[76.117944999000031,12.224183999000047],[76.117119000000059,12.225124000000051],[76.115473001000055,12.225620001000038],[76.11440900100007,12.226120000000037],[76.113482000000033,12.226554001000068],[76.112659000000065,12.226886001000025],[76.111524000000031,12.227926000000025],[76.111040001000049,12.229004000000032],[76.110659001000045,12.229947001000028],[76.110348001000034,12.230722001000061],[76.110036001000083,12.23163099900006],[76.109862001000067,12.232272001000069],[76.109551001000057,12.232777000000056],[76.109067000000039,12.233922000000064],[76.108173000000079,12.23482800000005],[76.107553000000053,12.235634999000069],[76.106248000000051,12.236436999000034],[76.105115000000069,12.237072001000058],[76.104428001000031,12.237370999000063],[76.102748000000076,12.237900999000033],[76.101001000000053,12.23799199900003],[76.09990300000004,12.238221000000067],[76.098567001000049,12.238381999000069],[76.097333000000049,12.238644000000022],[76.096407000000056,12.238907999000048],[76.09541100000007,12.239544000000024],[76.095067000000029,12.239947000000029],[76.094859000000042,12.24038500000006],[76.094857001000037,12.24085800000006],[76.094922000000054,12.241635001000077],[76.095022999000037,12.242176000000029],[76.095123000000058,12.242885000000058],[76.095323000000064,12.244101999000065],[76.095626000000038,12.24545499900006],[76.095996000000071,12.246943000000044],[76.096369999000046,12.247722000000067],[76.096708000000035,12.248704000000032],[76.097220001000039,12.249247000000025],[76.097149000000059,12.249652000000026],[76.097045000000037,12.250023000000056],[76.097148000000061,12.25087300000007],[76.097144001000061,12.251496000000031],[76.097043000000042,12.252166000000045],[76.097088000000042,12.252740999000025],[76.097181001000081,12.253460000000075],[76.097468000000049,12.254181001000063],[76.098047000000065,12.254760000000033],[76.098674999000082,12.255196001000058],[76.098819000000049,12.255485001000068],[76.098667999000043,12.256393999000068],[76.098471001000064,12.256871000000046],[76.098030000000051,12.257538000000068],[76.096959000000084,12.25791300000003],[76.095551000000057,12.257997000000046],[76.094241000000068,12.257939000000022],[76.092962000000057,12.257774999000048],[76.093277001000047,12.256829000000039],[76.093185000000062,12.255966000000058],[76.092314000000044,12.25557599900003],[76.090712000000053,12.255611000000044],[76.089303999000037,12.255600000000072],[76.088090001000069,12.255734000000075],[76.087311000000057,12.255967000000055],[76.08594400000004,12.257297000000051],[76.084723000000054,12.258533001000046],[76.083948000000078,12.258335000000045],[76.083079000000055,12.257465999000033],[76.082209000000034,12.256836000000021],[76.080611000000033,12.256199999000046],[76.079495000000065,12.256191001000047],[76.077071000000046,12.255597000000023],[76.076004999000077,12.255301000000031],[76.075280999000029,12.254672000000028],[76.074702000000059,12.254188999000064],[76.07402600000006,12.253560999000058],[76.073739000000046,12.252888001000031],[76.072724999000059,12.251921000000038],[76.072147999000038,12.251150000000052],[76.071424000000036,12.250474000000054],[76.070843000000082,12.250086000000067],[76.070430999000052,12.249991999000031],[76.069814999000073,12.24971800000003],[76.06920000000008,12.249512000000038],[76.068857999000045,12.249442001000034],[76.068309000000056,12.249439000000052],[76.068001999000046,12.249335000000031],[76.067078001000084,12.249127000000044],[76.065882001000034,12.248624000000063],[76.064137001000063,12.247994001000052],[76.06242700100006,12.24734200000006],[76.061026000000084,12.246489000000054],[76.060582001000057,12.246216000000061],[76.060001000000057,12.245806999000024],[76.058669001000055,12.244886999000073],[76.057440001000032,12.244102999000063],[76.056347000000073,12.243252000000041],[76.055289000000073,12.242435001000047],[76.052693000000033,12.240594999000052],[76.050508000000036,12.238994000000048],[76.049347000000068,12.23814199900005],[76.047809999000037,12.236951000000033],[76.046615000000031,12.236268000000052],[76.044702001000076,12.234972999000036],[76.042242000000044,12.233539000000064],[76.040669999000045,12.232719001000021],[76.03926799900006,12.231967001000044],[76.037832001000083,12.231519000000048],[76.035538999000039,12.231032000000027],[76.033143000000052,12.230544000000066],[76.030951000000073,12.230463000000043],[76.029274000000044,12.230250000000069],[76.027769000000035,12.229633001000025],[76.02688099900007,12.22908700000005],[76.026437001000033,12.228848000000028],[76.026096000000052,12.228407001000051],[76.024660999000048,12.227587000000028],[76.023225000000082,12.226937001000067],[76.02206300000006,12.22638900000004],[76.02086599900008,12.225943000000029],[76.020182000000034,12.225668000000042],[76.019497000000058,12.225562999000033],[76.019326999000043,12.225426001000073],[76.019911999000044,12.224687000000074],[76.020325000000071,12.224285000000066],[76.02097800100006,12.223782001000075],[76.021392000000048,12.223075000000051],[76.021669999000039,12.222132000000045],[76.021777000000043,12.221052001000032],[76.021885000000054,12.219870000000071],[76.021682999000063,12.218957000000046],[76.021518000000071,12.217403001000037],[76.021348000000046,12.217098000000021],[76.02093700000006,12.217095001000075],[76.02038900000008,12.217261001000054],[76.019942000000071,12.217494001000034],[76.019359000000065,12.217660000000024],[76.018673001000082,12.217925000000037],[76.017543001000035,12.217986000000053],[76.01685800100006,12.217779000000064],[76.01603700000004,12.217673000000048],[76.015695000000051,12.217434000000026],[76.015183000000036,12.217026000000033],[76.014226000000065,12.216682000000048],[76.013780001000043,12.216679001000045],[76.013369000000068,12.216778000000033],[76.013163001000066,12.216945000000067],[76.013059001000045,12.217181000000039],[76.012782000000072,12.217956000000072],[76.012540000000058,12.218427000000077],[76.012024001000043,12.218863000000056],[76.011681000000067,12.219098000000031],[76.010959000000071,12.219701001000033],[76.011026001000062,12.220107000000041],[76.01116200000007,12.220344000000068],[76.011537000000033,12.220616000000064],[76.011638000000062,12.220988000000034],[76.011569000000065,12.221224000000063],[76.011053999000069,12.22155900000007],[76.010541001000036,12.221319000000051],[76.010200000000054,12.220978999000067],[76.009617001000038,12.221145000000035],[76.009408000000064,12.221853000000067],[76.009304000000043,12.222190000000069],[76.009405000000072,12.222562000000039],[76.009370000000047,12.222932999000022],[76.008308000000056,12.222926001000076],[76.007658000000049,12.222787001000029],[76.007043000000067,12.222208999000031],[76.006292999000038,12.22142800000006],[76.005130000000065,12.220982000000049],[76.004034999000055,12.220806000000039],[76.003213000000073,12.220733000000052],[76.003009001000066,12.220428001000073],[76.001952001000063,12.219307000000072],[76.001577000000054,12.218866000000048],[76.000927000000047,12.218625000000031],[76.00072300100004,12.218320000000062],[76.000690999000085,12.217880999000045],[76.000760999000079,12.217409000000032],[76.000934000000029,12.217038000000059],[76.001002999000036,12.216836000000058],[76.00141700000006,12.216197000000022],[76.001899000000037,12.215524001000063],[76.002246000000071,12.214649000000065],[76.002179001000059,12.214142000000038],[76.001840000000072,12.213363000000072],[76.001673000000039,12.212315000000046],[76.001436000000069,12.211672000000021],[76.001336999000046,12.210692000000051],[76.001613999000028,12.210052000000076],[76.002129000000082,12.209819000000039],[76.002917000000082,12.209824001000072],[76.003293000000042,12.20992700100004],[76.003874000000053,12.210167000000069],[76.004557999000042,12.210442000000057],[76.005858000000046,12.210821000000067],[76.007022000000063,12.211031000000048],[76.008254000000079,12.211275000000057],[76.009213001000035,12.211247000000071],[76.010447000000056,12.211120000000051],[76.012366000000043,12.210929001000068],[76.012710000000084,12.210560000000044],[76.012746001000039,12.210121000000072],[76.012784000000067,12.209142000000043],[76.012548001000084,12.208364000000074],[76.012450001000047,12.207316000000048],[76.012690000000077,12.207082000000071],[76.013547001000063,12.20705300000003],[76.014472001000058,12.206890000000044],[76.014713001000075,12.206723000000068],[76.015297001000079,12.206151999000042],[76.015918000000056,12.20524400000005],[76.016504000000054,12.204436999000052],[76.016918001000079,12.203561999000044],[76.01698900100007,12.202920999000071],[76.016750000000059,12.202750000000037],[76.01603300000005,12.202407999000059],[76.015382000000045,12.20223500000003],[76.014698001000056,12.202062000000069],[76.013158000000033,12.201681000000065],[76.012816000000043,12.201544000000069],[76.012818001000085,12.20117299900005],[76.01288900000003,12.200599000000068],[76.012789000000055,12.199888999000052],[76.012347000000034,12.199177000000077],[76.011801000000048,12.198633000000029],[76.011186001000056,12.198257999000077],[76.010639000000083,12.198152999000058],[76.010192999000083,12.198151000000053],[76.009439000000043,12.198212999000077],[76.009165000000053,12.19824600100003],[76.009235001000036,12.198043000000041],[76.009614001000045,12.197505001000025],[76.009653000000071,12.196289999000044],[76.009246000000076,12.195342000000039],[76.009077000000048,12.194733000000042],[76.009114001000057,12.194158999000024],[76.009355000000085,12.193857000000037],[76.009976000000051,12.192881000000057],[76.010286000000065,12.192309000000023],[76.010770001000083,12.191365999000027],[76.010705001000076,12.190554999000028],[76.010674001000041,12.189677000000074],[76.010643000000073,12.188934000000074],[76.010645000000068,12.188494999000056],[76.010922000000051,12.18785500000007],[76.011507000000051,12.18725100000006],[76.011989001000074,12.186612000000025],[76.012402000000066,12.186210001000063],[76.012746001000039,12.18563800000004],[76.012919001000057,12.185234000000037],[76.013332000000048,12.18493200100005],[76.014154000000076,12.184836000000075],[76.01460000000003,12.184771000000069],[76.014942000000076,12.184875000000034],[76.015214000000071,12.185248001000048],[76.015418001000057,12.185587001000044],[76.01551900000004,12.186195000000055],[76.015586000000042,12.18650000100007],[76.016237000000046,12.186436000000072],[76.016752000000054,12.186068000000034],[76.017232000000035,12.185936000000027],[76.017403000000058,12.186038000000053],[76.017436000000032,12.186342001000071],[76.01757200000003,12.18651200000005],[76.017847001000064,12.186311000000046],[76.018364001000066,12.185605001000056],[76.018638002000046,12.185641001000022],[76.018774001000054,12.185945000000061],[76.019184000000052,12.186151000000052],[76.019356000000073,12.186017001000039],[76.019802000000084,12.185851000000071],[76.020041000000049,12.185987000000068],[76.020383999000046,12.185922000000062],[76.020692999000062,12.18555200000003],[76.020969000000036,12.185216001000072],[76.021277999000063,12.184948000000077],[76.021621999000047,12.184714001000032],[76.021861999000066,12.184614000000067],[76.021999999000059,12.184412001000055],[76.022138000000041,12.184177001000023],[76.022377000000063,12.184212001000049],[76.022478000000035,12.18485400000003],[76.022818999000037,12.184991001000071],[76.022957000000076,12.184857000000022],[76.023096000000066,12.184486000000049],[76.02347099900004,12.183785001000047],[76.023409000000072,12.183273001000032],[76.023718000000031,12.183038000000067],[76.023924000000079,12.183107001000053],[76.024163000000044,12.183244001000048],[76.024572999000043,12.183449000000053],[76.024915000000078,12.183518001000039],[76.025394999000071,12.183420000000069],[76.025841000000071,12.183220001000052],[76.026253000000054,12.182986000000028],[76.026699999000073,12.182516001000067],[76.027937999000073,12.181579000000056],[76.028519000000074,12.181751000000077],[76.028793000000064,12.181888001000061],[76.029098000000033,12.182464001000028],[76.029506999000034,12.18304100000006],[76.02995100000004,12.183313000000055],[76.029922000000056,12.181996001000073],[76.029870001000063,12.180926000000056],[76.030374000000052,12.180614000000048],[76.030991000000029,12.180483000000038],[76.03160900000006,12.180014000000028],[76.031647000000078,12.179170000000056],[76.032575000000065,12.178433000000041],[76.032783001000041,12.177759001000027],[76.033571000000052,12.177663000000052],[76.033949000000064,12.177597000000048],[76.034465000000068,12.176891000000069],[76.035221000000035,12.176491000000055],[76.035631999000032,12.17649300000005],[76.035971999000083,12.176901001000033],[76.036039000000073,12.177374000000043],[76.036308000000076,12.178423001000056],[76.036817000000042,12.179777000000058],[76.03766900100004,12.180626001000064],[76.038486999000042,12.181611000000032],[76.039816999000038,12.18303700000007],[76.04084000000006,12.184192001000042],[76.041658000000041,12.185109000000068],[76.04268200000007,12.185892000000024],[76.043433001000039,12.18660600000004],[76.044251000000031,12.187455000000057],[76.045173999000042,12.187967000000071],[76.04558399900003,12.188205999000047],[76.046066001000042,12.187567999000066],[76.046342999000046,12.186825999000064],[76.047101000000055,12.185852001000057],[76.04676100000006,12.185309000000075],[76.045293000000072,12.18401700000004],[76.044064999000057,12.182929001000048],[76.042835000000082,12.182043000000021],[76.042460000000062,12.181669000000056],[76.042769001000067,12.181468001000042],[76.043146999000044,12.181167001000063],[76.043766001000051,12.180597000000034],[76.044385000000034,12.179993000000024],[76.044936001000053,12.179489000000046],[76.045554000000038,12.178987001000053],[76.046448000000055,12.178283001000068],[76.047184000000073,12.177554000000043],[76.047412000000065,12.177107000000035],[76.046968999000057,12.17659800000007],[76.046527000000083,12.175852000000077],[76.045606000000078,12.174901000000034],[76.04492300000004,12.174424000000045],[76.044341999000039,12.174083000000053],[76.044481001000065,12.173678000000052],[76.044756000000064,12.173410000000047],[76.045271000000071,12.17307500000004],[76.046025001000032,12.172911000000056],[76.046815000000038,12.172544000000073],[76.047604000000035,12.172178000000031],[76.048289000000068,12.172115000000076],[76.048562000000061,12.172521999000026],[76.048902000000055,12.173064000000068],[76.049583999000049,12.173676001000047],[76.050198001000069,12.174355000000048],[76.050810001000059,12.175305000000037],[76.051322000000084,12.175882000000058],[76.051833001000034,12.176593999000033],[76.052444001000083,12.177780001000031],[76.052648000000033,12.178085000000067],[76.053541001000042,12.177517000000023],[76.054091001000074,12.177115000000072],[76.054882000000077,12.17641100000003],[76.055811000000062,12.175336000000073],[76.055812999000068,12.174829001000035],[76.055541001000051,12.174355000000048],[76.055132000000071,12.174048000000028],[76.054790001000072,12.173776000000032],[76.054211000000066,12.173062999000024],[76.053563000000054,12.17228299900006],[76.053359000000057,12.171944000000053],[76.053428000000054,12.171809000000053],[76.053567000000044,12.171506000000022],[76.053842000000031,12.171271000000047],[76.054356000000041,12.171038000000067],[76.05483600000008,12.170939999000041],[76.055729000000042,12.170574000000045],[76.056208001000073,12.170543000000066],[76.056860000000029,12.170243000000028],[76.057614000000058,12.170248000000072],[76.057648000000029,12.170349001000034],[76.057885001000045,12.17095899900005],[76.057987001000072,12.171128000000067],[76.058362000000045,12.171637000000032],[76.058667000000071,12.172314001000075],[76.058940000000064,12.172619999000062],[76.059385000000077,12.172555000000045],[76.060347001000082,12.171886001000075],[76.060931000000039,12.171586000000048],[76.060864001000084,12.171146000000022],[76.060660001000031,12.170773001000043],[76.060492000000067,12.170131000000026],[76.060221001000059,12.169251000000031],[76.05960900000008,12.16833500000007],[76.059304000000054,12.167422000000045],[76.05900100000008,12.166272001000038],[76.058696000000054,12.165392000000054],[76.058565000000044,12.164040000000057],[76.058568000000037,12.163365001000045],[76.058706001000076,12.163061999000035],[76.059049000000073,12.162929000000076],[76.059323000000063,12.162930001000063],[76.059974000000068,12.162934001000053],[76.060522001000038,12.162938000000054],[76.061241000000052,12.162941999000054],[76.061858000000029,12.162878999000043],[76.062786001000063,12.162175000000047],[76.063747000000035,12.161641000000031],[76.064159000000075,12.161508000000026],[76.064535001000081,12.161578000000077],[76.06467200000003,12.161679999000057],[76.064909000000057,12.162324000000069],[76.064872001000083,12.162931000000071],[76.064800000000048,12.163843000000043],[76.065072000000043,12.164148000000068],[76.065654000000052,12.16421900000006],[76.066614001000062,12.164191999000025],[76.068223000000046,12.164202001000035],[76.069525999000064,12.163972999000066],[76.069732999000053,12.163671000000022],[76.069942000000083,12.162760000000048],[76.069978000000049,12.162389001000065],[76.070321998000054,12.162053000000071],[76.070733999000083,12.161786000000063],[76.071316999000032,12.161621000000025],[76.071693999000047,12.161589000000049],[76.071830000000034,12.161793000000046],[76.072034000000031,12.162132000000042],[76.072443000000078,12.162708000000066],[76.072850999000082,12.163454000000058],[76.072916999000029,12.163859000000059],[76.073431000000085,12.163964001000068],[76.073844000000065,12.163561001000062],[76.074838000000057,12.163399000000027],[76.075387000000035,12.162997000000075],[76.076141999000072,12.162799000000064],[76.076756000000046,12.163275000000056],[76.077132000000063,12.16361499900006],[76.077985000000069,12.164229000000034],[76.079179999000075,12.165215000000046],[76.079761000000076,12.165556999000046],[76.081093000000067,12.166443000000072],[76.082048000000043,12.167496000000028],[76.082866999000032,12.168176000000074],[76.083788000000084,12.169128000000057],[76.084266000000071,12.169435000000021],[76.08478000000008,12.169404001000032],[76.085464999000067,12.16930700000006],[76.086219001000075,12.169244000000049],[76.087042000000054,12.169013000000064],[76.087453000000039,12.168948000000057],[76.087865000000079,12.168815000000052],[76.088790000000074,12.168686001000026],[76.090368000000069,12.168189000000041],[76.091362999000069,12.167824000000053],[76.092975000000081,12.167294000000027],[76.093866000000048,12.167299000000071],[76.094448000000057,12.167336999000042],[76.095612000000074,12.167445000000043],[76.096982001000072,12.167488000000048],[76.097770000000082,12.167493001000025],[76.098249000000067,12.167462001000047],[76.098490000000083,12.167193000000054],[76.098835000000065,12.166554000000076],[76.099146000000076,12.165948000000071],[76.099182000000042,12.165543000000071],[76.09935500000006,12.16524000000004],[76.099359000000049,12.164193000000068],[76.099330001000055,12.163045001000057],[76.099059000000068,12.162334000000044],[76.098856000000069,12.161623001000066],[76.098686999000051,12.161183000000051],[76.098483999000052,12.160539999000036],[76.098384000000067,12.159864000000027],[76.098318001000052,12.159357000000057],[76.097808999000051,12.158105000000035],[76.097643000000062,12.156888000000038],[76.09733900100008,12.155974000000072],[76.097100000000069,12.155669000000046],[76.096585999000069,12.155801000000054],[76.096311000000071,12.156035000000031],[76.095761999000047,12.156132999000022],[76.095523001000061,12.156030000000044],[76.095387000000073,12.155758999000057],[76.095150000000046,12.155083000000047],[76.094741001000045,12.154573000000028],[76.094335000000058,12.153557999000043],[76.093962000000033,12.152644001000056],[76.093486000000041,12.151729000000046],[76.093145001000039,12.151288000000022],[76.092771000000084,12.150644000000057],[76.092090000000042,12.149626000000069],[76.091340001000049,12.148980000000051],[76.090691000000049,12.148436000000061],[76.090145001000053,12.147960000000069],[76.089293000000055,12.147042000000056],[76.088747000000069,12.146431000000064],[76.08837199900006,12.14599000000004],[76.088340000000073,12.145584000000042],[76.088342000000068,12.145144999000024],[76.088309000000038,12.144639000000041],[76.088210000000061,12.143826999000055],[76.088213999000061,12.142982999000026],[76.088183001000061,12.142139001000032],[76.087948001000029,12.14095499900003],[76.087406000000044,12.139500000000055],[76.087306000000069,12.138823999000067],[76.086522000000059,12.13811000000004],[76.086110999000084,12.138006000000075],[76.085806000000048,12.137227001000042],[76.085534000000052,12.136753001000045],[76.085467999000059,12.136178000000029],[76.08553899900005,12.135571000000027],[76.08557600000006,12.134896000000026],[76.085476001000075,12.134253000000058],[76.085308000000055,12.133543000000031],[76.085278000000073,12.132395000000031],[76.085179000000039,12.131516001000023],[76.085046000000034,12.130604001000052],[76.084912999000039,12.129657000000066],[76.084881000000053,12.129083000000037],[76.084816000000046,12.128373000000067],[76.084786000000065,12.127360000000067],[76.084619000000032,12.12617700100003],[76.084487000000081,12.125197000000071],[76.084353000000078,12.124318000000073],[76.084322000000043,12.123575000000073],[76.084224000000063,12.122527001000037],[76.083986000000039,12.121952000000022],[76.083920000000035,12.121479001000068],[76.083749999000077,12.121106000000054],[76.083378000000039,12.120057000000031],[76.08286799900003,12.119176000000039],[76.082155000000057,12.117583999000033],[76.081918999000038,12.116772000000026],[76.081514000000084,12.115284000000031],[76.081380000000081,12.114540000000034],[76.081382999000084,12.113898000000063],[76.08155800000003,12.113055000000031],[76.081694999000035,12.112887000000057],[76.08228100000008,12.112181000000021],[76.082317000000046,12.111743000000047],[76.082216001000063,12.111201999000059],[76.082047999000054,12.110559000000023],[76.081810999000083,12.109815000000026],[76.081607000000076,12.109442001000048],[76.08133500100007,12.108900000000062],[76.080926000000034,12.108458000000041],[76.080551000000071,12.108051000000046],[76.080073000000084,12.107811000000027],[76.079627999000081,12.107572000000062],[76.07932100000005,12.107266000000038],[76.078945999000041,12.106892000000073],[76.078399000000047,12.106686000000025],[76.078399999000055,12.106551000000024],[76.078573999000071,12.105876999000031],[76.078850999000053,12.105000999000026],[76.07923100000005,12.104328001000056],[76.079645001000074,12.10352000000006],[76.079923000000065,12.102779000000055],[76.07992500000006,12.102237999000067],[76.079755000000034,12.10200099900004],[76.079038000000082,12.101252999000053],[76.078833000000031,12.101217999000028],[76.078557000000046,12.10172300000005],[76.078055999000071,12.10221400000006],[76.077797000000032,12.103238000000033],[76.077657999000053,12.103709999000046],[76.077382000000057,12.104215000000067],[76.07714100000004,12.104584999000053],[76.077037000000075,12.104787000000044],[76.076487999000051,12.104918000000055],[76.07593999900007,12.105050000000062],[76.075118000000032,12.105078999000057],[76.074570000000051,12.105075000000056],[76.074261999000043,12.104972000000032],[76.074127999000041,12.104228000000035],[76.073789000000033,12.103415999000049],[76.073691000000053,12.102165999000022],[76.073694000000046,12.101523999000051],[76.073629000000039,12.10078100000004],[76.073389999000085,12.100543000000073],[76.073015999000063,12.099865000000023],[76.072437999000044,12.09874700000006],[76.071413999000072,12.097930001000066],[76.070593999000039,12.097418000000062],[76.070290000000057,12.096505001000025],[76.06920000000008,12.095113000000026],[76.068108000000052,12.093992000000071],[76.067153001000065,12.093073999000069],[76.06619900000004,12.091987999000025],[76.065857000000051,12.09185099900003],[76.064896001000079,12.092149000000063],[76.06390100200008,12.092514000000051],[76.063352000000066,12.092916000000059],[76.06287100000003,12.093249999000022],[76.06221800000003,12.093618000000049],[76.061532000000057,12.09401899900007],[76.060776001000079,12.094419000000073],[76.060124001000077,12.094888000000026],[76.05902499900003,12.095590000000072],[76.058407000000045,12.095923999000036],[76.057686001000036,12.096156001000054],[76.056144000000074,12.096450000000061],[76.055252000000053,12.096614000000045],[76.054292000000032,12.096945000000062],[76.05367300000006,12.097583000000043],[76.053089001000046,12.097917000000052],[76.052335000000085,12.098013999000045],[76.051787000000047,12.098009999000055],[76.051136000000042,12.098073999000064],[76.050622000000033,12.098002999000073],[76.050590001000046,12.097463000000062],[76.050593000000049,12.096889000000033],[76.050630000000069,12.096281000000033],[76.050804000000085,12.09560700000003],[76.051253000000031,12.094595999000035],[76.051394000000073,12.093854000000022],[76.051601001000051,12.093483999000057],[76.051776000000075,12.092606999000054],[76.052021000000082,12.091157000000067],[76.052094001000057,12.090279000000066],[76.052440000000047,12.08933600000006],[76.052853001000074,12.088832001000071],[76.053540001000044,12.088397000000043],[76.054503000000068,12.087592000000029],[76.055293000000063,12.086888000000044],[76.055637999000055,12.086384000000066],[76.056017001000043,12.085879000000034],[76.056464001000052,12.085032000000069],[76.057258000000047,12.084097001000032],[76.057501000000059,12.083153000000038],[76.058089000000052,12.081806000000029],[76.058607000000052,12.080864000000076],[76.059125000000051,12.079955000000041],[76.059161000000074,12.079483001000028],[76.059129001000031,12.078841000000068],[76.05906600000003,12.07769200000007],[76.058863001000077,12.076914000000045],[76.058386000000041,12.076336999000034],[76.058251000000041,12.075999001000071],[76.057810001000064,12.07481400000006],[76.057402001000071,12.074102000000039],[76.057166001000041,12.073324000000071],[76.057136000000071,12.072378000000072],[76.056898001000036,12.072004999000058],[76.056214000000068,12.071730999000067],[76.055940001000067,12.071560000000034],[76.05450200000007,12.071383000000026],[76.054057000000057,12.071379999000044],[76.053611000000046,12.071512001000031],[76.053268001000049,12.071814000000074],[76.05261500000006,12.072249000000056],[76.051861001000077,12.072244000000069],[76.051348000000075,12.072207000000049],[76.050561001000062,12.071932000000061],[76.050185999000064,12.071626000000037],[76.049742000000037,12.071218001000034],[76.049058000000059,12.070876000000055],[76.048545000000047,12.070704000000035],[76.048066000000063,12.070633000000043],[76.047724000000073,12.070496001000038],[76.047487000000046,12.069954000000052],[76.047317001000067,12.069548000000054],[76.047286000000042,12.068872000000056],[76.047288000000037,12.068332000000055],[76.04735700100008,12.068130000000053],[76.047429000000079,12.067488999000034],[76.047430000000077,12.067083000000025],[76.047432001000061,12.066577000000052],[76.046922000000052,12.065763000000061],[76.046547000000032,12.065389000000039],[76.046412000000032,12.064983000000041],[76.046139000000039,12.064644000000044],[76.045798000000048,12.06430399900006],[76.045559001000072,12.064032000000054],[76.045354000000032,12.064065000000028],[76.044805000000053,12.064163000000065],[76.044530999000074,12.064229000000068],[76.044154000000049,12.064260000000047],[76.043811000000062,12.064258000000052],[76.043161000000055,12.064220000000034],[76.041243001000055,12.064141001000053],[76.040283999000053,12.064168000000052],[76.039908000000082,12.06399699900004],[76.039978000000076,12.063659999000038],[76.040220000000033,12.063054000000022],[76.04070100000007,12.062583999000026],[76.040943000000084,12.06221400000004],[76.04115100000007,12.061675000000037],[76.041462000000081,12.060934000000032],[76.041910001000076,12.060227000000054],[76.042632000000083,12.05952300000007],[76.04318100100005,12.059391000000062],[76.043729000000042,12.059394000000054],[76.04431100000005,12.059432000000072],[76.044722000000036,12.059467999000049],[76.045064000000082,12.059538000000032],[76.045371999000054,12.059607000000028],[76.045919000000083,12.059881000000075],[76.046672000000058,12.059986999000046],[76.047289000000035,12.059956999000065],[76.047803001000034,12.059859000000074],[76.04896799900007,12.059799000000055],[76.049756000000059,12.059701999000026],[76.050613000000055,12.059606000000031],[76.051641000000075,12.059477000000072],[76.052292001000069,12.059346000000062],[76.052910001000043,12.059215000000052],[76.053185000000042,12.058812000000046],[76.053187001000083,12.058372999000028],[76.053191000000083,12.057495000000074],[76.053193000000078,12.056887000000074],[76.053298000000041,12.056347000000073],[76.053471000000059,12.05594300000007],[76.053746001000036,12.055843000000039],[76.053887000000032,12.054899000000034],[76.053960000000075,12.053886000000034],[76.054099000000065,12.053279000000032],[76.054136000000085,12.052638000000059],[76.054343000000074,12.052403000000027],[76.05479100000008,12.051764000000048],[76.05469000100004,12.05122300000005],[76.054452000000083,12.050816000000054],[76.054146999000068,12.050071000000059],[76.053944000000058,12.049394000000063],[76.053844001000073,12.048718000000065],[76.053813001000037,12.048043000000064],[76.05381600000004,12.047300000000064],[76.05385300100005,12.046759999000074],[76.053856001000042,12.046016999000074],[76.053855000000055,12.046083999000075],[76.05386100000004,12.044868999000073],[76.053796000000034,12.043923000000063],[76.053593001000081,12.043246000000067],[76.053253000000041,12.042703999000025],[76.05267200000003,12.042464000000052],[76.051682000000085,12.041715001000057],[76.050520000000063,12.041133000000059],[76.04973300000006,12.040824001000033],[76.049358000000041,12.040383000000077],[76.049120000000073,12.039942001000043],[76.048715000000072,12.03862300000003],[76.048514001000058,12.037473000000034],[76.048415000000034,12.036527000000035],[76.047834999000031,12.036118000000045],[76.047048000000075,12.035978000000057],[76.04667100000006,12.035807001000023],[76.046093000000042,12.034926001000031],[76.046096000000034,12.03414900000007],[76.04589500000003,12.033168000000046],[76.045761000000084,12.032391001000065],[76.045559000000083,12.031579001000068],[76.045596000000046,12.030836001000068],[76.044883000000084,12.029481000000033],[76.043997000000047,12.028327000000047],[76.043932000000041,12.027516001000038],[76.044207000000029,12.027214000000072],[76.044481000000076,12.027317001000029],[76.044856000000038,12.027590000000032],[76.045403000000078,12.02793100100007],[76.045984000000033,12.028204999000025],[76.046394001000067,12.028477000000066],[76.04690800000003,12.028548000000058],[76.047593000000063,12.028484999000057],[76.04783400000008,12.028284000000042],[76.048111000000063,12.027509000000066],[76.048321000000044,12.026496999000074],[76.049113000000034,12.025421000000051],[76.049869000000058,12.024886000000038],[76.051036000000067,12.024284999000031],[76.051961001000052,12.024122000000034],[76.052991001000066,12.023622000000046],[76.054396001000043,12.023428000000024],[76.055185000000051,12.023298000000068],[76.055426000000068,12.022826000000066],[76.056080999000073,12.021919001000072],[76.056597000000068,12.021382000000074],[76.057250000000067,12.020913000000064],[76.057903001000057,12.020377000000053],[76.058042001000047,12.019938000000025],[76.058354001000055,12.019096000000047],[76.058700000000044,12.018219999000053],[76.059354000000042,12.017346000000032],[76.060146000000032,12.016439000000048],[76.061038001000043,12.015972000000033],[76.062412001000041,12.015238000000068],[76.06351200000006,12.014198000000022],[76.064437001000044,12.014170000000036],[76.065019001000053,12.014207000000056],[76.065875000000062,12.014246000000071],[76.066184001000067,12.014248001000055],[76.066664001000049,12.01408200000003],[76.06810500000006,12.013483000000065],[76.06872099900005,12.013521000000026],[76.069338000000073,12.013559000000043],[76.070023000000049,12.013563000000033],[76.070333000000062,12.013160000000028],[76.070884000000035,12.012353000000076],[76.071263999000053,12.011680001000059],[76.071438999000065,12.010870000000068],[76.071510999000054,12.009891000000039],[76.071548000000064,12.009317001000056],[76.071757000000048,12.008474000000035],[76.071999998000081,12.007699001000049],[76.072482999000044,12.00689200000005],[76.072348000000034,12.006283000000053],[76.072490999000081,12.004899000000023],[76.072498999000061,12.003143000000023],[76.072776000000033,12.002301000000045],[76.073363999000037,12.001089000000036],[76.073639999000079,12.000482999000042],[76.073573000000067,12.000143999000045],[76.073436000000072,12.000110000000063],[76.072921999000073,12.000107000000071],[76.072339999000064,12.000102999000035],[76.071758000000045,12.000098999000045],[76.071279000000061,12.000063000000068],[76.070970999000053,11.999949000000072],[76.07065299900006,11.99971800000003],[76.069820999000058,11.999296999000023],[76.069502000000057,11.998871000000065],[76.069143999000062,11.998367999000038],[76.06886399900003,11.997904000000062],[76.068622000000062,11.997166999000058],[76.068537000000049,11.996155999000052],[76.068611999000041,11.995532999000034],[76.068609000000038,11.995028000000048],[76.068804000000057,11.994753999000068],[76.069196999000042,11.994401000000039],[76.069511000000034,11.994048999000029],[76.069786000000079,11.993813000000046],[76.070690999000078,11.993301001000077],[76.070848000000069,11.993222001000049],[76.070846000000074,11.992833001000065],[76.07068600000008,11.992484001000037],[76.070484000000079,11.991862999000034],[76.070126999000081,11.991594001000067],[76.069220999000038,11.991989000000046],[76.068984000000057,11.992069000000072],[76.068391999000085,11.992034999000055],[76.068191001000059,11.991530000000068],[76.067626000000075,11.989746001000071],[76.067540999000073,11.98881300100004],[76.067379000000074,11.988075000000038],[76.067097001000036,11.987338000000022],[76.066891000000055,11.986018000000058],[76.066336000000035,11.985672000000022],[76.065899001000048,11.985286000000031],[76.065779000000077,11.985092000000066],[76.065658000000042,11.984666001000051],[76.065653001000044,11.983849001000067],[76.065688001000069,11.983226001000048],[76.065766001000043,11.983070001000044],[76.066397001000041,11.982910000000061],[76.066949000000079,11.982672000000036],[76.067617000000041,11.982201001000021],[76.068364000000031,11.981650000000059],[76.068598000000065,11.981260001000066],[76.068716000000052,11.981103001000065],[76.069188999000062,11.981022000000053],[76.070534001000055,11.981284001000063],[76.07187900100007,11.981507000000022],[76.072908000000041,11.98181100000005],[76.073540999000045,11.982117001000063],[76.075830000000053,11.981789001000038],[76.077525000000037,11.98115400000006],[76.07815400000004,11.980760000000032],[76.078861001000064,11.980055001000039],[76.079686000000038,11.979387001000077],[76.080551000000071,11.978759000000025],[76.082005999000046,11.977814000000023],[76.082636000000036,11.977460000000065],[76.08358000000004,11.976908000000037],[76.084877000000063,11.975848001000031],[76.085974000000078,11.974556000000064],[76.087507000000073,11.973300000000052],[76.088370000000054,11.972360000000037],[76.088761000000034,11.971813000000054],[76.089270999000064,11.971304000000032],[76.089701999000056,11.970716999000047],[76.090249000000028,11.969857000000047],[76.090797000000066,11.969035999000027],[76.09094900000008,11.96814100000006],[76.090980999000067,11.966935000000035],[76.090857000000085,11.966119000000049],[76.091848000000084,11.966656000000057],[76.09350900000004,11.966994000000057],[76.094655000000046,11.967063000000053],[76.095883000000072,11.967637000000025],[76.097033000000067,11.968328000000042],[76.098223999000083,11.969174999000074],[76.099417000000074,11.970487999000056],[76.10064600000004,11.971139999000059],[76.103341000000057,11.972520000000031],[76.105404000000078,11.973983000000032],[76.106990001000042,11.974787000000049],[76.108257000000037,11.975284000000045],[76.10960300000005,11.975779000000045],[76.111505000000079,11.976659000000041],[76.112534000000039,11.977002000000027],[76.113247001000047,11.977306999000064],[76.113564001000043,11.977422000000047],[76.113714000000073,11.97625400000004],[76.113583001000052,11.974349000000075],[76.113567001000035,11.971782001000065],[76.113591001000032,11.969410000000039],[76.113538001000052,11.967349001000059],[76.113523001000033,11.965015000000051],[76.113509001000068,11.962954000000025],[76.11352700100008,11.959609000000057],[76.113520000000051,11.958442000000048],[76.113511001000063,11.957120000000032],[76.113540000000057,11.955448000000047],[76.11361000100004,11.954086000000075],[76.113637001000029,11.952180000000055],[76.113747001000036,11.950896000000057],[76.113807000000065,11.947978000000035],[76.113792000000046,11.945606000000055],[76.113857000000053,11.943427001000032],[76.113883000000044,11.941405001000021],[76.113678001000039,11.940201000000059],[76.113712000000078,11.939306000000045],[76.113696000000061,11.93689500000005],[76.113842000000034,11.934988001000022],[76.113833000000056,11.933627000000058],[76.113816000000043,11.931060001000048],[76.113845000000083,11.929348001000051],[76.113946000000055,11.926703000000032],[76.11393600100007,11.925070000000062],[76.114043000000038,11.923357000000067],[76.114151000000049,11.921722999000053],[76.114257000000066,11.91973900000005],[76.114328001000047,11.918533001000071],[76.114361000000031,11.917598999000063],[76.114358000000038,11.917093000000023],[76.114504001000057,11.915303000000051],[76.114498001000072,11.914331000000061],[76.114490000000046,11.913086000000021],[76.114481001000058,11.911686000000032],[76.114513000000045,11.910558000000037],[76.114427000000035,11.909391999000036],[76.11442100000005,11.908537000000024],[76.114416001000052,11.907680999000036],[76.114447000000041,11.906358000000068],[76.114518000000032,11.905230000000074],[76.114512000000047,11.904258000000027],[76.114505001000055,11.903169000000048],[76.114498000000083,11.902118999000038],[76.114490000000046,11.900795999000024],[76.114483001000053,11.899824000000024],[76.114554001000045,11.898618000000056],[76.114665000000059,11.897411001000023],[76.114655001000074,11.895895000000053],[76.11465000000004,11.895078001000059],[76.114643002000037,11.893950000000075],[76.114599000000055,11.893250000000023],[76.114312000000041,11.891619000000048],[76.113832001000048,11.890806000000055],[76.113588001000039,11.88971900100006],[76.113424000000066,11.888670000000047],[76.11326100000008,11.887932000000035],[76.113054000000034,11.88653400000004],[76.112970000000075,11.885679001000028],[76.113081001000069,11.884550001000036],[76.113271001000044,11.883460000000071],[76.113384000000053,11.882642001000022],[76.113688000000082,11.880656000000045],[76.113759000000073,11.879488999000046],[76.114221000000043,11.877657000000056],[76.114448001000085,11.876022000000034],[76.114672001000031,11.874076000000059],[76.115169001000083,11.871465999000065],[76.115588000000059,11.869207000000074],[76.115895999000031,11.867922000000021],[76.116085000000055,11.866519999000047],[76.116160000000036,11.865897000000075],[76.116113999000049,11.865003000000058],[76.115389999000058,11.862947000000077],[76.114908000000071,11.861667000000068],[76.114506001000052,11.860658999000066],[76.114136001000077,11.858367000000044],[76.114093000000082,11.857861999000022],[76.114011000000062,11.857318000000078],[76.114010001000054,11.857240000000047]]]},"properties":{"OBJECTID":5,"Reserve_Name_Std":"Nagarahole National Park","FIRST_SitRecID":18225,"FIRST_Region":"Asia","Country":"India","FIRST_NatName":"Nagarhole National Park","FIRST_IntName":"Nagarhole National Park","FIRST_SitLat":12.0611048513,"FIRST_SitLong":76.155954474599994,"SUM_SitAreaKM2":713.65154291900001,"FIRST_KbaStatus":"confirmed","FIRST_KbaClass":"Global/Regional TBD","FIRST_IbaStatus":"confirmed","FIRST_LegacyKba":" ","FIRST_AzeStatus":" ","FIRST_LastUpdate":"2007","FIRST_Source":"Imported from CEPF Western Ghats Hotspot Profile in September 2015","FIRST_DelTxt":" ","Area_sqkm":713.3609485557439,"Reserve_ID":2,"Reserve_Name":"Nagarahole National Park","State":"Karnataka","Reserve_ID_1":2,"Baseline_Year":2006,"Year_2006":78,"Year_2010":78,"Year_2014":101,"Year_2018":127,"Year_2022":141,"Abs_Change":63,"Pct_Change":80.769230769230802,"AAGR":3.7696332620520199,"Notes":"2006/2010 from Singh & Sen (2015); cross-validated vs NTCA 2014","OBJECTID_1":2,"Reserve_ID_12":null,"Reserve_Name_1":"Nagarahole National Park","State_1":"Karnataka","Landscape":"Western Ghats","NP_Year":1988,"TR_Year":1999,"Area_sqkm_1":1152.74,"Forest_2021_sqkm":970.71000000000004,"Forest_Pct":84.208928292589803,"Pop_2006":78,"Pop_2022":141,"Abs_Change_1":63,"Pct_Change_1":80.769230769230802,"AAGR_1":3.7696332620520199,"Density_2022":12.231726148133999,"Rank_Growth":"3","Growth_Category":"High growth","Notes_1":"2006/2010 pop from Singh & Sen (2015)","OBJECTID_1_1":2,"OBJECTID_1_12":null,"VALUE":2,"COUNT":792637,"AREA":713373300,"Elev_Min":692,"Elev_Max":965,"RANGE":273,"Elev_Mean":810.81027506916803,"Elev_StdDev":48.697802195430064,"SUM":642678224,"VARIETY":272,"MAJORITY":827,"MAJORITY_COUNT":6435,"MAJORITY_PERCENT":0.811800003,"MINORITY":964,"MINORITY_COUNT":1,"MINORITY_PERCENT":9.99999975e-05,"MEDIAN":815,"PCT90":872,"Terrain_Type":"Upland forest (\u003e800m)","Reserve_Name_Std_1":"Nagarahole National Park","State_12":null,"TR_Area_sqkm":1152.74,"VDF_2021":223.88,"MDF_2021":587.52999999999997,"OF_2021":159.30000000000001,"Total_Forest_2021":970.71000000000004,"Pct_of_TR_2021":0.84209999999999996,"Forest_Change_sqkm":-0.69999999999999996,"OBJECTID_1_12_13":null,"Forest_Per_100km":84.208928292589832,"Shape_Length":2.1758510487487017,"Shape_Area":0.059251848404089071}},{"type":"Feature","id":6,"geometry":{"type":"Polygon","coordinates":[[[79.525116539000066,21.867985442000077],[79.528016644000047,21.872985464000067],[79.529316551000079,21.87518553700005],[79.531416645000036,21.880685458000073],[79.532116501000075,21.88258541700003],[79.532616574000031,21.884285418000047],[79.532816533000073,21.886985564000042],[79.53221665600006,21.888185492000048],[79.531716583000048,21.888985503000072],[79.53101655100005,21.889685535000069],[79.524316528000043,21.890285587000051],[79.521816518000037,21.890685504000032],[79.518516496000075,21.892685443000062],[79.516716514000052,21.893185515000027],[79.51141655400005,21.894485423000049],[79.510116646000085,21.894685557000059],[79.508916542000065,21.894785537000075],[79.50781659300003,21.894885516000045],[79.506816624000066,21.89508547500003],[79.505516541000077,21.894485423000049],[79.505016644000079,21.893785567000066],[79.504416591000052,21.892885577000072],[79.503816540000059,21.891785454000058],[79.503216487000032,21.890785483000059],[79.502716590000034,21.890085451000061],[79.502416653000068,21.889385420000053],[79.501616643000034,21.88868556500006],[79.500516517000051,21.888285472000064],[79.499416569000061,21.887985534000052],[79.498716538000053,21.887885554000036],[79.497916527000029,21.887685420000025],[79.49681657800005,21.887485462000029],[79.495716630000061,21.886985564000042],[79.494316566000066,21.886185553000075],[79.49321661700003,21.885285563000025],[79.492116493000083,21.884285417000058],[79.491716575000055,21.883785522000039],[79.491216503000032,21.88248543900005],[79.491216502000043,21.881285509000065],[79.493416577000062,21.879085436000025],[79.493816493000054,21.878285426000048],[79.493616535000058,21.877285457000028],[79.493316596000057,21.87658542500003],[79.492416606000063,21.87518553700005],[79.49191653400004,21.873985434000076],[79.492516586000079,21.873285578000036],[79.49321661700003,21.871885516000077],[79.493216616000041,21.870885547000057],[79.49291650400005,21.870185516000049],[79.492216648000067,21.868985587000054],[79.491516616000069,21.868185578000066],[79.490516648000039,21.867985442000077],[79.488516533000052,21.867385566000053],[79.485816562000082,21.867285587000026],[79.484916572000031,21.867285587000026],[79.482016642000076,21.868085421000046],[79.47961661100004,21.868685473000028],[79.478516487000036,21.86908556700007],[79.477016621000075,21.869585463000078],[79.475216640000042,21.869685443000037],[79.472516494000047,21.869885577000048],[79.471516524000037,21.869885577000048],[79.470616535000033,21.869685443000037],[79.469516585000065,21.869385504000036],[79.468616595000071,21.868285556000046],[79.46871657500003,21.865785545000051],[79.471316566000041,21.863285533000067],[79.473116546000085,21.861185438000064],[79.471816638000064,21.857785437000075],[79.467916564000063,21.852285517000041],[79.46571649100008,21.850285578000069],[79.462216510000076,21.845885432000046],[79.459316581000053,21.84468550400004],[79.453816661000076,21.842985503000023],[79.452316619000044,21.843085483000038],[79.450816576000079,21.843285441000035],[79.450016566000045,21.843485575000045],[79.448616504000086,21.843685534000031],[79.445216502000051,21.839585500000055],[79.441616542000077,21.835485468000059],[79.436116622000043,21.83218544600004],[79.43291657900005,21.831985486000065],[79.431316559000038,21.831985486000065],[79.42901650400006,21.833185592000063],[79.428816546000064,21.833885446000068],[79.428216494000083,21.835985540000024],[79.427716597000085,21.837485582000056],[79.427816575000065,21.838385573000039],[79.428616587000079,21.842385451000041],[79.430016651000074,21.844085450000023],[79.431216578000033,21.844785482000077],[79.432616641000038,21.845585493000044],[79.435216632000049,21.848885516000053],[79.435816508000073,21.849985464000042],[79.434716560000084,21.851285548000078],[79.433716591000064,21.851185568000062],[79.432716621000054,21.851085590000025],[79.428516608000052,21.85068549600004],[79.426016597000057,21.849885485000073],[79.418816499000059,21.851085590000025],[79.417316634000031,21.85198557800004],[79.414716643000077,21.851885424000045],[79.41081656800003,21.85168546500006],[79.408416537000051,21.851185568000062],[79.403516493000041,21.852385496000068],[79.402316565000035,21.85458557000004],[79.397416521000082,21.856485530000043],[79.395116644000041,21.857385519000047],[79.387616610000066,21.857385519000047],[79.386116568000034,21.857885593000049],[79.384416568000063,21.858285509000041],[79.383216639000068,21.858585448000042],[79.383016504000068,21.860585563000029],[79.38151663900004,21.861785491000035],[79.380816606000053,21.861485552000033],[79.380216555000061,21.861085461000073],[79.379416544000037,21.86028544900006],[79.376016543000048,21.857185562000041],[79.37391662400006,21.854685549000067],[79.373016633000077,21.85438543600003],[79.372416582000085,21.854185477000044],[79.36901658000005,21.848485423000056],[79.368716643000084,21.847985526000059],[79.36791663200006,21.846185545000026],[79.36501652700008,21.842185492000056],[79.363716620000048,21.84078542900005],[79.362516515000038,21.839585499000066],[79.361716505000061,21.839085428000033],[79.360116659000084,21.839285563000033],[79.358416659000056,21.838485552000066],[79.357516492000059,21.837385428000061],[79.357016596000051,21.834985572000051],[79.353216501000077,21.831585570000072],[79.351016604000051,21.831585570000072],[79.349616540000056,21.831085497000061],[79.348116499000071,21.830785559000049],[79.345716641000081,21.830385466000052],[79.344616517000077,21.828785444000061],[79.340216545000033,21.824385473000063],[79.338816658000042,21.821885462000068],[79.33691652400006,21.82148554500003],[79.334916586000077,21.822085421000054],[79.331416604000083,21.822185575000049],[79.323816591000082,21.821785483000042],[79.322516507000046,21.822285556000054],[79.321516539000072,21.821885461000022],[79.319816537000065,21.822085420000064],[79.317716619000066,21.824485453000023],[79.31761664000004,21.829185538000047],[79.316516516000036,21.834085581000068],[79.314816514000029,21.836785551000048],[79.310316564000061,21.837785521000058],[79.304216593000035,21.838285417000066],[79.302616570000055,21.83868551200004],[79.29541665000005,21.836285479000026],[79.28931650100003,21.836485438000068],[79.283416489000047,21.836385458000052],[79.279316632000075,21.835585447000028],[79.271716619000074,21.839685480000071],[79.266116543000066,21.839585499000066],[79.262816521000047,21.838385573000039],[79.260216530000037,21.839185584000063],[79.257216621000055,21.838285417000066],[79.254516651000074,21.838885469000047],[79.246016647000033,21.838185438000039],[79.236616655000034,21.838885469000047],[79.230716639000036,21.839685480000071],[79.225816597000062,21.840985563000061],[79.225116565000064,21.840885585000024],[79.224416534000056,21.840885584000034],[79.223516544000063,21.840585470000065],[79.222716533000039,21.840185553000026],[79.222516575000043,21.839285562000043],[79.222316616000057,21.83708549000005],[79.222216637000031,21.835585447000028],[79.221816543000045,21.834885591000045],[79.221116511000048,21.834285540000053],[79.22051663600007,21.833485530000075],[79.220016563000058,21.832885476000058],[79.219716625000046,21.832285425000066],[79.219616646000077,21.831485590000057],[79.219516490000046,21.830885537000029],[79.219616645000031,21.830285486000037],[79.220716595000056,21.828285548000053],[79.224416535000046,21.821185430000071],[79.228316608000057,21.813785551000024],[79.229616516000078,21.812685427000076],[79.230316547000029,21.81158547800004],[79.23021656800006,21.810885446000043],[79.230116589000033,21.809985456000049],[79.229916630000048,21.80898548600004],[79.229916630000048,21.808085496000047],[79.230616660000067,21.806885568000041],[79.231516652000039,21.806285516000059],[79.232716578000066,21.805585485000051],[79.233516589000033,21.805085590000033],[79.234116641000071,21.804685495000058],[79.23511661100008,21.804085443000076],[79.235916622000047,21.803285432000052],[79.235616507000032,21.799485514000025],[79.23511661100008,21.798485545000062],[79.234316601000046,21.795785573000046],[79.233716548000075,21.793685479000033],[79.232016549000036,21.792385572000057],[79.23021656800006,21.792285416000027],[79.225916575000042,21.791985479000061],[79.219116573000065,21.792785490000028],[79.214616622000051,21.793685479000033],[79.212816643000053,21.793885438000075],[79.212116611000056,21.794585469000026],[79.211816497000029,21.79538548000005],[79.211816498000076,21.80028552300007],[79.211316600000032,21.800885577000031],[79.210616569000081,21.801085533000048],[79.205416587000059,21.801285493000023],[79.203716587000031,21.801285493000023],[79.199716533000071,21.801885546000051],[79.196316531000036,21.800985555000068],[79.190516497000033,21.800885577000031],[79.188616538000076,21.800185545000033],[79.187016516000085,21.796685564000029],[79.184716639000044,21.792785490000028],[79.183716495000056,21.787785466000059],[79.181816535000053,21.771585469000058],[79.182216628000049,21.763185445000033],[79.182916659000057,21.761385464000057],[79.185216536000041,21.759585485000059],[79.184916599000076,21.755085534000045],[79.184916598000029,21.753485513000044],[79.185616630000084,21.749785572000064],[79.18451650600008,21.747985417000052],[79.181416618000071,21.746085459000028],[79.174416656000062,21.745785519000037],[79.170516582000062,21.746185437000065],[79.165916651000032,21.745885498000064],[79.164816527000085,21.746085458000039],[79.163516619000063,21.746785490000036],[79.162716609000029,21.74768548000003],[79.163916537000034,21.752985440000032],[79.163416640000037,21.755385473000047],[79.162516650000043,21.756585576000077],[79.157816566000065,21.758485535000034],[79.156116564000058,21.760285514000032],[79.154616523000072,21.761185506000061],[79.153816511000059,21.761485444000073],[79.153116658000044,21.761385464000057],[79.152316646000031,21.760885568000049],[79.152016531000072,21.759985578000055],[79.15171659300006,21.759085588000062],[79.150916583000082,21.755185514000061],[79.15071662400004,21.752085449000049],[79.150216552000074,21.751185460000045],[79.149316561000035,21.750385449000078],[79.148616530000083,21.750285470000051],[79.14781651900006,21.750485429000037],[79.146516612000084,21.753185575000032],[79.14451649800003,21.756085503000065],[79.143416549000051,21.761785558000042],[79.142516558000068,21.763585538000029],[79.141816526000071,21.765585477000059],[79.14081655800004,21.766085550000071],[79.139716608000072,21.766485467000052],[79.138216568000075,21.765385519000063],[79.137216598000066,21.763985456000057],[79.137916628000085,21.760585454000022],[79.137916628000085,21.758785474000035],[79.136916659000065,21.756485422000026],[79.132216575000029,21.754685441000049],[79.13091649100005,21.754985556000065],[79.129816542000071,21.755185514000061],[79.128916552000078,21.754585462000023],[79.128616614000066,21.754085565000025],[79.128516636000029,21.753285554000058],[79.129316646000063,21.752285585000038],[79.130116656000041,21.751885491000053],[79.13091649100005,21.751185460000045],[79.131516542000043,21.750685563000047],[79.132016614000065,21.750085511000066],[79.132016615000055,21.749385479000068],[79.131816656000069,21.748785428000076],[79.131416563000073,21.748185552000052],[79.130716532000065,21.747485521000044],[79.130616553000038,21.746785489000047],[79.131316584000047,21.746285593000039],[79.132416533000082,21.745585560000052],[79.135316638000063,21.744485436000048],[79.136016493000056,21.741485528000055],[79.136016493000056,21.74008546500005],[79.13611664900003,21.736085586000058],[79.135116502000074,21.732185513000047],[79.132616492000068,21.729885461000038],[79.127116571000045,21.729785481000079],[79.125616530000059,21.73038553300006],[79.124716539000076,21.729485542000077],[79.124716539000076,21.727685563000023],[79.124816519000035,21.725685448000036],[79.126316561000067,21.721985508000046],[79.128516636000029,21.719985570000063],[79.132516512000052,21.719585476000077],[79.139116557000079,21.72058544600003],[79.140616599000055,21.722385426000073],[79.139416495000035,21.724685478000026],[79.139616629000045,21.725685449000025],[79.140016547000073,21.726285499000028],[79.140216505000069,21.726885552000056],[79.140516621000074,21.727385450000043],[79.141716547000044,21.727185489000078],[79.144916590000037,21.726185520000058],[79.147716539000044,21.725285531000054],[79.149716654000031,21.723485552000056],[79.150816605000045,21.719685455000047],[79.149816635000036,21.716385434000074],[79.145916560000046,21.712585514000068],[79.145316507000075,21.711985463000076],[79.14451649800003,21.711585544000059],[79.143916620000084,21.711185451000063],[79.143416549000051,21.710785534000024],[79.142916651000064,21.710385441000028],[79.142316599000083,21.709985524000047],[79.141716547000044,21.708985555000027],[79.141716546000055,21.70818554300007],[79.142016661000071,21.707685470000058],[79.14281649600008,21.707585491000032],[79.14781651900006,21.707085418000077],[79.150316532000033,21.706585522000069],[79.151616614000034,21.706085450000046],[79.153516573000047,21.705485573000033],[79.154216605000045,21.704785542000025],[79.15441656400003,21.70328550000005],[79.154616523000072,21.701685479000048],[79.155216575000054,21.700885468000024],[79.156516658000044,21.699985478000031],[79.15761660700008,21.699885498000071],[79.16531659900005,21.699085488000037],[79.166716487000031,21.698485435000066],[79.168716601000085,21.698185497000054],[79.17031662200003,21.698985508000078],[79.171316592000039,21.699685539000029],[79.172216582000033,21.700085457000057],[79.173216552000042,21.700585530000069],[79.174016562000077,21.700585530000069],[79.174716594000074,21.700585530000069],[79.176316615000076,21.69968553800004],[79.180816565000043,21.697385487000076],[79.181316638000055,21.696285538000041],[79.180716587000063,21.693985485000042],[79.17861649200006,21.692585422000036],[79.174716594000074,21.691185535000045],[79.170516581000072,21.690285546000041],[79.168016570000077,21.690585483000064],[79.166916621000041,21.692185505000054],[79.162016578000078,21.693785527000045],[79.160516537000035,21.694185445000073],[79.156416501000081,21.695285568000031],[79.155216575000054,21.694985455000051],[79.154216605000045,21.69338543300006],[79.154116625000029,21.692285484000024],[79.155916605000073,21.689985430000036],[79.158516597000073,21.687085503000048],[79.159316606000061,21.684885429000076],[79.160916628000052,21.679585468000028],[79.162016578000078,21.675285476000056],[79.16161666000005,21.673585476000028],[79.161016608000068,21.672985423000057],[79.158016523000072,21.672285568000063],[79.157116534000068,21.671985453000048],[79.156816596000056,21.671085465000033],[79.157416648000037,21.669285484000056],[79.159616545000063,21.667285545000027],[79.160016639000048,21.665685523000036],[79.158216659000061,21.663385471000026],[79.157316493000053,21.660185429000023],[79.157124056000043,21.658934420000037],[79.156897047000029,21.659168925000074],[79.154123920000075,21.65743572100007],[79.153541921000055,21.657513511000047],[79.146773921000033,21.636548512000047],[79.133408171000042,21.625087011000062],[79.11689017100008,21.622583260000056],[79.104820670000038,21.615921761000038],[79.105124920000037,21.609299511000074],[79.109763921000081,21.606396761000042],[79.103767919000063,21.599886011000024],[79.09767142100003,21.600470761000054],[79.093727670000078,21.596233760000075],[79.087173171000074,21.604180511000038],[79.056335672000046,21.600950512000054],[79.048523171000056,21.601720511000053],[79.02336844000007,21.600076738000041],[79.015105671000072,21.598486761000061],[79.005531420000068,21.606766011000047],[78.99999192100006,21.615702761000023],[78.987007171000073,21.614104011000052],[78.98027017000004,21.614491761000068],[78.956820803000085,21.596271724000076],[78.94582317000004,21.590718510000045],[78.934494419000032,21.591574761000061],[78.918678670000077,21.589293511000051],[78.917075920000059,21.567873761000044],[78.925346421000029,21.565934761000051],[78.933837671000049,21.561422262000065],[78.929420170000071,21.557143761000077],[78.918151920000071,21.560110262000023],[78.914535671000067,21.558726762000049],[78.909850921000043,21.551823262000028],[78.927216170000065,21.540202263000026],[78.928871421000053,21.520835760000068],[78.928858935000051,21.524659973000041],[78.945190703000037,21.522017960000028],[78.950780024000039,21.516516230000036],[78.958949756000038,21.512146279000035],[78.974143262000041,21.508205295000039],[78.985578383000075,21.506739186000061],[78.989777353000079,21.49709363900007],[78.990921143000037,21.492293717000052],[78.994661740000083,21.489221349000047],[78.996507525000084,21.486790876000043],[79.001456529000052,21.481303185000058],[79.004788312000073,21.486592331000054],[79.007368919000044,21.487723496000058],[79.007777069000042,21.479361835000077],[79.007662695000079,21.475188652000043],[79.003726881000034,21.471107153000048],[79.006731837000075,21.464472878000038],[79.014847706000069,21.458312373000069],[79.023599684000033,21.452136240000073],[79.032515044000036,21.45192129000003],[79.038312060000067,21.454167450000057],[79.04228108600006,21.459440347000054],[79.04298379200003,21.461809512000059],[79.048863806000043,21.467035918000022],[79.051510302000054,21.470550951000064],[79.057209071000045,21.469219486000043],[79.057010707000074,21.462065885000072],[79.067067423000083,21.457049033000033],[79.079853203000084,21.458526792000043],[79.084510439000042,21.465571207000039],[79.091565497000033,21.467188028000066],[79.095756307000045,21.457541052000067],[79.108525292000081,21.458420459000024],[79.115563309000038,21.459440187000041],[79.110720295000078,21.468507049000038],[79.11222857000007,21.476820972000041],[79.10979844700006,21.481056369000044],[79.116351798000039,21.487456369000029],[79.127077940000049,21.483612399000037],[79.143501198000081,21.478433478000056],[79.150472496000077,21.477067281000075],[79.163964470000053,21.480906537000067],[79.173144808000075,21.492189084000074],[79.174092991000066,21.498607231000051],[79.171281065000073,21.507266774000072],[79.166053256000055,21.511692114000027],[79.172413461000076,21.520122188000073],[79.179170019000082,21.515658304000056],[79.181299159000048,21.509878833000073],[79.18976831100008,21.51181342700005],[79.190388909000035,21.506787561000067],[79.187208612000063,21.502572947000033],[79.188655117000053,21.499673598000072],[79.19235326200004,21.495286155000031],[79.199128183000084,21.484905561000062],[79.207387517000029,21.483992493000073],[79.213686819000031,21.48144773000007],[79.230087947000072,21.475664797000036],[79.236386359000051,21.47311929600005],[79.245144894000077,21.467528886000025],[79.256709528000044,21.470812951000028],[79.262630981000029,21.477222464000079],[79.269329013000061,21.488383147000036],[79.274911582000072,21.504939724000053],[79.274484167000082,21.512107634000074],[79.268787153000062,21.513446485000031],[79.26903128500004,21.521790046000035],[79.269188290000045,21.527153757000065],[79.259738543000083,21.530974214000025],[79.251649121000071,21.537741595000057],[79.251788225000041,21.542509438000025],[79.256988877000083,21.545955058000061],[79.261535279000043,21.548820815000056],[79.254047377000063,21.554380181000056],[79.250381496000045,21.559841683000059],[79.261281912000072,21.561948510000036],[79.26314085100006,21.560111629000062],[79.275105494000059,21.555033312000035],[79.285228224000036,21.552387302000056],[79.291207440000051,21.560582841000041],[79.29203781700005,21.567121827000051],[79.30067540400006,21.557356362000064],[79.310497695000038,21.544577970000034],[79.319822723000073,21.536583213000029],[79.330084531000068,21.538702175000026],[79.338506667000047,21.543253909000043],[79.327979354000036,21.553666428000042],[79.324387386000069,21.561512788000073],[79.328882142000055,21.562588638000022],[79.340879309000059,21.558697748000043],[79.345779805000063,21.55200973500007],[79.357894609000084,21.554747891000034],[79.357727083000043,21.567799083000068],[79.349409814000069,21.566824086000054],[79.345128418000058,21.57289970000005],[79.344704941000032,21.580067206000024],[79.342758015000072,21.578925340000069],[79.340828904000034,21.578379353000059],[79.335112687000048,21.579124893000028],[79.33019321200004,21.585216894000041],[79.33051279600005,21.595943366000029],[79.333185965000041,21.600048294000032],[79.337151541000082,21.604715787000032],[79.348162696000031,21.610391532000051],[79.341349040000068,21.617129903000034],[79.341491649000034,21.621897137000076],[79.337917302000051,21.630339810000066],[79.347495138000056,21.63068548900003],[79.357638629000064,21.628630305000058],[79.365798106000057,21.624241322000046],[79.361705728000061,21.615403552000032],[79.365385872000047,21.610535963000075],[79.37760086000003,21.613792457000045],[79.388523754000062,21.616485791000059],[79.394457296000041,21.622888553000053],[79.392780084000037,21.63068538300007],[79.387898093000047,21.637970690000031],[79.38228821000007,21.642293426000037],[79.379389550000042,21.65191156000003],[79.377747485000043,21.660900156000025],[79.376249716000075,21.674989766000067],[79.354919671000061,21.676005512000074],[79.352292572000067,21.678305429000034],[79.35416130200008,21.683466696000039],[79.354416606000029,21.68368550100007],[79.355116636000048,21.684285553000052],[79.355116637000037,21.686385471000051],[79.355716513000061,21.687785534000056],[79.357016595000061,21.688385585000049],[79.359716566000031,21.688285432000043],[79.361616526000034,21.689185420000058],[79.362516515000038,21.690585483000064],[79.361416567000049,21.695085433000031],[79.361516546000075,21.696685455000022],[79.361416567000049,21.698185497000054],[79.361316587000033,21.699085488000037],[79.361216608000063,21.700085457000057],[79.359716566000031,21.701885437000044],[79.358616617000052,21.702885583000068],[79.357416513000032,21.703985530000068],[79.356616502000065,21.705085480000037],[79.354616563000036,21.707685470000058],[79.354016511000054,21.707885429000044],[79.353316656000061,21.707985585000074],[79.352616625000053,21.708385502000056],[79.352516646000083,21.709185513000023],[79.352616625000053,21.709885544000031],[79.353916532000085,21.710185483000032],[79.354816523000068,21.71078553500007],[79.35541657400006,21.711185452000052],[79.355716514000051,21.711785504000034],[79.355016656000032,21.712285576000056],[79.35441660500004,21.712885452000023],[79.353516614000057,21.713085587000023],[79.352016573000071,21.713385525000035],[79.351316542000063,21.713285547000055],[79.350516531000039,21.713185567000039],[79.347616601000084,21.713485505000051],[79.346816592000039,21.713785442000074],[79.34571664200007,21.714585453000041],[79.345416529000033,21.715085525000063],[79.345316549000074,21.715685579000024],[79.344416559000081,21.717485558000078],[79.344316580000054,21.718585507000057],[79.345816622000029,21.727685563000023],[79.345916601000056,21.728985471000044],[79.345016611000062,21.729785482000068],[79.344416559000081,21.730185574000075],[79.338416567000081,21.729885460000048],[79.337516577000031,21.731085565000058],[79.33711665900006,21.735885452000048],[79.337616556000057,21.736985578000031],[79.338216609000085,21.738285485000063],[79.338516546000051,21.738985516000071],[79.339116598000032,21.739385434000042],[79.339716650000071,21.739585568000052],[79.344616517000077,21.738585423000075],[79.353016541000045,21.737285515000053],[79.35441660500004,21.737785589000055],[79.355716514000051,21.739185476000046],[79.357116575000077,21.740585538000062],[79.358916555000064,21.74108543400007],[79.360216638000054,21.740685518000078],[79.360916494000037,21.740385579000076],[79.361616526000034,21.739785527000038],[79.362616495000054,21.73908549500004],[79.363516661000062,21.739385434000042],[79.364216516000056,21.739985486000023],[79.364416651000056,21.740585538000062],[79.364516632000061,21.741185590000043],[79.364616609000052,21.742185559000063],[79.364616609000052,21.743285508000042],[79.364616608000063,21.744285477000062],[79.364716588000078,21.745085488000029],[79.364716588000078,21.746185438000055],[79.364616609000052,21.747585500000071],[79.364816568000037,21.749085542000046],[79.365716559000077,21.751185460000045],[79.366816507000067,21.752385565000054],[79.367816652000045,21.754485481000074],[79.368516507000038,21.756685555000047],[79.369616633000078,21.760485475000053],[79.370916540000053,21.764585507000049],[79.370816561000083,21.769985446000078],[79.369916570000044,21.771385510000073],[79.369516653000062,21.77208554200007],[79.368216569000083,21.774385420000044],[79.366516569000055,21.77588546100003],[79.36521666200008,21.776485514000058],[79.363916578000044,21.777485482000031],[79.36301658800005,21.777985555000043],[79.362316557000042,21.778285493000055],[79.36031661800007,21.779185483000049],[79.359816545000058,21.779685556000061],[79.35931664900005,21.780985463000036],[79.358916555000064,21.781685495000033],[79.358516639000072,21.782885423000039],[79.358216523000067,21.783685434000063],[79.35811654400004,21.78448544400004],[79.357616647000043,21.787085435000051],[79.357516492000059,21.787785466000059],[79.357316533000073,21.788885591000053],[79.357216554000047,21.789485468000066],[79.357216554000047,21.79038545800006],[79.357316533000073,21.791385427000023],[79.357416513000032,21.791985479000061],[79.357916586000044,21.79308542800004],[79.358516638000083,21.793685479000033],[79.359216493000076,21.794185553000034],[79.359716566000031,21.794585469000026],[79.360416597000039,21.795185522000054],[79.361216608000063,21.795785574000035],[79.362816628000076,21.796185491000074],[79.364716588000078,21.795785573000046],[79.36531664000006,21.795685420000041],[79.366516569000055,21.792785490000028],[79.366916487000083,21.791885500000035],[79.369916570000044,21.788285540000061],[79.370116529000029,21.787485529000037],[79.370316487000082,21.786585537000065],[79.370416643000056,21.785585569000034],[79.37161657200005,21.783285515000046],[79.372816500000056,21.78078550400005],[79.373416552000037,21.779885515000046],[79.374216564000051,21.77948542300004],[79.375116552000065,21.77948542200005],[79.378616534000059,21.782485505000068],[79.380116576000034,21.782785444000069],[79.380816607000042,21.782785444000069],[79.381416659000081,21.782685464000053],[79.381616618000066,21.781585516000064],[79.379416544000037,21.776385534000042],[79.379216586000041,21.775185429000032],[79.377316625000049,21.772985532000064],[79.376916532000052,21.771885584000074],[79.376516615000071,21.770285562000026],[79.377316625000049,21.768385426000066],[79.383616557000039,21.765085580000061],[79.388516600000059,21.764785465000045],[79.389216631000068,21.764485529000069],[79.38991648700005,21.764185590000068],[79.390416559000073,21.763685518000045],[79.390516539000032,21.762085496000054],[79.389616549000039,21.760385495000037],[79.389716528000065,21.759385526000074],[79.390416560000062,21.758285577000038],[79.390816652000069,21.75748556700006],[79.399416636000069,21.75758554500004],[79.40211660600005,21.758885453000062],[79.404116545000079,21.759085587000072],[79.407216609000045,21.760185537000041],[79.412316611000051,21.760685433000049],[79.414416528000061,21.760885568000049],[79.415616635000049,21.760285514000032],[79.417416614000047,21.758785474000035],[79.420116584000084,21.757985464000058],[79.428516608000052,21.759785443000055],[79.429116659000044,21.760585454000022],[79.42931661800003,21.761685579000073],[79.430816661000051,21.764285570000027],[79.432616641000038,21.765485498000032],[79.435116652000033,21.765785435000055],[79.43781662300006,21.767885529000068],[79.438216540000042,21.768785519000062],[79.43761648800006,21.770285562000026],[79.437216571000079,21.771185553000066],[79.434816538000064,21.772485460000041],[79.433416652000062,21.772885552000048],[79.432116569000073,21.773685563000072],[79.43021660900007,21.77708556500005],[79.427916556000071,21.778685586000051],[79.427816576000055,21.780585546000054],[79.428416629000083,21.781685495000033],[79.429316619000076,21.783385494000072],[79.430816661000051,21.786185445000058],[79.431316559000038,21.786885477000055],[79.431916611000077,21.787685487000033],[79.433416653000052,21.787685487000033],[79.434416621000082,21.787485529000037],[79.435416591000035,21.786785497000039],[79.435516570000061,21.78448544500003],[79.437216571000079,21.782885422000049],[79.439316488000031,21.782685463000064],[79.445216502000051,21.784085527000059],[79.446316628000034,21.784785558000067],[79.452316620000033,21.784585424000056],[79.455816599000059,21.784285484000065],[79.458716529000071,21.784685578000051],[79.460316550000073,21.784985517000052],[79.461816592000048,21.786185446000047],[79.462516625000035,21.788285540000061],[79.464116645000047,21.792285417000073],[79.464016491000052,21.793985417000044],[79.464016491000052,21.795085542000038],[79.462216510000076,21.798685503000058],[79.461816592000048,21.799885430000074],[79.461816592000048,21.802485423000064],[79.463816533000056,21.804385557000046],[79.46501663500004,21.805585485000051],[79.46591662600008,21.805785444000037],[79.466916595000043,21.806385495000029],[79.468316658000049,21.807385465000038],[79.470116638000036,21.808185476000062],[79.472016598000039,21.808185476000062],[79.474516609000034,21.806885568000041],[79.475416599000084,21.805985578000048],[79.476216610000051,21.805485505000036],[79.477516517000083,21.80528554700004],[79.47951663200007,21.806185536000044],[79.482016642000076,21.807285486000069],[79.483116592000044,21.807985518000066],[79.484616635000066,21.808785529000033],[79.486816532000034,21.810085435000076],[79.487816500000065,21.810885446000043],[79.488416552000047,21.812285508000059],[79.492116494000072,21.818385481000064],[79.494816640000067,21.819585585000027],[79.497516609000058,21.820085482000025],[79.498816516000034,21.819885523000039],[79.499916641000084,21.820585554000047],[79.500816632000067,21.82148554500003],[79.501216549000048,21.822985586000073],[79.503416622000032,21.831785528000069],[79.505016644000079,21.836085519000051],[79.506416530000081,21.839185584000063],[79.509516595000036,21.841585439000028],[79.51141655400005,21.845385535000048],[79.516016659000059,21.850185423000028],[79.519716599000049,21.855885478000062],[79.525116539000066,21.867985442000077]]]},"properties":{"OBJECTID":6,"Reserve_Name_Std":"Pench Tiger Reserve (Combined)","FIRST_SitRecID":18312,"FIRST_Region":"Asia","Country":"India","FIRST_NatName":"Pench Tiger Reserve","FIRST_IntName":"Pench Tiger Reserve","FIRST_SitLat":21.771352641299998,"FIRST_SitLong":79.309492520399999,"SUM_SitAreaKM2":1171.065453957,"FIRST_KbaStatus":"confirmed","FIRST_KbaClass":"Global/Regional TBD","FIRST_IbaStatus":"confirmed","FIRST_LegacyKba":" ","FIRST_AzeStatus":" ","FIRST_LastUpdate":"2004","FIRST_Source":"Recieved from Partner in April 2011","FIRST_DelTxt":" ","Area_sqkm":1175.6578018363311,"Reserve_ID":4,"Reserve_Name":"Pench Tiger Reserve (Combined)","State":"MP / Maharashtra","Reserve_ID_1":4,"Baseline_Year":2006,"Year_2006":33,"Year_2010":65,"Year_2014":43,"Year_2018":61,"Year_2022":77,"Abs_Change":44,"Pct_Change":133.333333333333,"AAGR":5.4383373833219997,"Notes":"MP+MH combined landscape; NTCA does not report state split consistently","OBJECTID_1":4,"Reserve_ID_12":null,"Reserve_Name_1":"Pench Tiger Reserve (Combined)","State_1":"MP / Maharashtra","Landscape":"Central India","NP_Year":1975,"TR_Year":1992,"Area_sqkm_1":1906.9400000000001,"Forest_2021_sqkm":1695.6600000000001,"Forest_Pct":88.920469443191706,"Pop_2006":33,"Pop_2022":77,"Abs_Change_1":44,"Pct_Change_1":133.333333333333,"AAGR_1":5.4383373833219997,"Density_2022":4.0378826811541,"Rank_Growth":"1","Growth_Category":"High growth","Notes_1":"MP (1168.66 km²) + MH (738.28 km²); forest area = MP+MH combined; TR year = MP designation","OBJECTID_1_1":4,"OBJECTID_1_12":null,"VALUE":4,"COUNT":1306303,"AREA":1175672700,"Elev_Min":310,"Elev_Max":627,"RANGE":317,"Elev_Mean":453.61147987871169,"Elev_StdDev":66.592793653066209,"SUM":592554037,"VARIETY":318,"MAJORITY":483,"MAJORITY_COUNT":64274,"MAJORITY_PERCENT":4.92030001,"MINORITY":310,"MINORITY_COUNT":1,"MINORITY_PERCENT":9.99999975e-05,"MEDIAN":461,"PCT90":537,"Terrain_Type":"Mid-elevation forest (400–800m)","Reserve_Name_Std_1":"Pench Tiger Reserve (Combined)","State_12":null,"TR_Area_sqkm":1906.9400000000001,"VDF_2021":134.66999999999999,"MDF_2021":1030.3099999999999,"OF_2021":530.67999999999995,"Total_Forest_2021":1695.6600000000001,"Pct_of_TR_2021":0.88929999999999998,"Forest_Change_sqkm":-11.35,"OBJECTID_1_12_13":null,"Forest_Per_100km":88.920469443191706,"Shape_Length":2.9019716943534406,"Shape_Area":0.10217123941202264}},{"type":"Feature","id":7,"geometry":{"type":"Polygon","coordinates":[[[76.561712585000066,26.112268527000026],[76.56131249200007,26.112768423000034],[76.561312491000081,26.114668558000062],[76.560912574000042,26.116068446000043],[76.566112555000075,26.124168532000056],[76.566812588000062,26.127768494000065],[76.56661262800003,26.128568503000054],[76.565512504000083,26.129568472000074],[76.564512535000063,26.129368514000078],[76.559512512000083,26.125368461000051],[76.558312582000042,26.124668430000042],[76.555512633000035,26.121968458000026],[76.548612651000042,26.116668498000024],[76.541612514000064,26.111268558000063],[76.53071265400007,26.10446855400005],[76.524112609000042,26.101668429000028],[76.523312598000075,26.101068553000061],[76.522212649000039,26.100868594000076],[76.519012606000047,26.099168593000059],[76.517512564000072,26.09686854000006],[76.51361249100006,26.088568494000071],[76.510612582000078,26.086268442000062],[76.499212649000071,26.084468462000075],[76.497512647000065,26.084468463000064],[76.494312605000061,26.083968566000067],[76.490612489000057,26.081068461000029],[76.488512570000069,26.078268510000044],[76.482312620000073,26.068968497000071],[76.481412631000069,26.068168486000047],[76.471612542000059,26.059468523000078],[76.466912633000049,26.057068491000052],[76.464212487000054,26.054968573000053],[76.460012651000056,26.051668550000045],[76.457312505000061,26.049268518000076],[76.45691258800008,26.048468507000052],[76.452412637000066,26.044368474000066],[76.449212594000073,26.042868432000034],[76.446712584000068,26.042068422000057],[76.440312498000083,26.040568556000039],[76.433912588000055,26.036468523000053],[76.432612504000076,26.034968480000032],[76.431312597000044,26.03186859300007],[76.430412607000051,26.026568456000064],[76.430012513000065,26.024468538000065],[76.42781261500005,26.022968496000033],[76.426512532000061,26.021468453000068],[76.426312573000075,26.020668443000034],[76.426912626000046,26.015468461000069],[76.426612512000077,26.013068428000054],[76.424012520000076,26.007668489000025],[76.421912603000067,26.007168591000038],[76.418112507000046,26.004868538000039],[76.416212548000033,26.003368497000054],[76.412512608000043,25.997268525000038],[76.412512609000032,25.995768483000063],[76.413112485000056,25.994068482000046],[76.412912526000071,25.993068513000026],[76.411412484000039,25.98996844900006],[76.407512586000053,25.984868446000064],[76.407512585000063,25.982968487000051],[76.408112638000034,25.981468445000075],[76.409812639000052,25.980668434000052],[76.411912557000051,25.981068528000037],[76.417812570000081,25.983268426000052],[76.420812654000031,25.983868478000034],[76.422112561000063,25.983668519000048],[76.423712583000054,25.982868508000024],[76.424812531000043,25.981168507000064],[76.424712552000074,25.978468537000026],[76.423612604000084,25.974668442000052],[76.423612604000084,25.971768513000029],[76.425812501000053,25.966668512000069],[76.427912596000056,25.965168469000048],[76.430012513000065,25.965068490000078],[76.43371262900007,25.966568531000064],[76.436112485000081,25.966168438000068],[76.437212610000074,25.963368488000071],[76.437612527000056,25.960468560000038],[76.443612520000045,25.952768567000078],[76.446412645000066,25.951868577000027],[76.448912657000051,25.949368564000054],[76.449912626000071,25.947468429000025],[76.449912625000081,25.943268593000028],[76.449012636000077,25.938468530000023],[76.450212564000083,25.934968549000075],[76.453512587000034,25.93156854700004],[76.45371254500003,25.929868545000033],[76.455812639000044,25.928168545000062],[76.456812608000064,25.926568523000071],[76.458812547000036,25.918568593000032],[76.45971253700003,25.917568447000065],[76.460512548000054,25.917368488000022],[76.461612497000033,25.917968540000061],[76.466912634000039,25.92006845800006],[76.471812501000045,25.92006845800006],[76.476412608000032,25.917368488000022],[76.479312536000066,25.915768467000078],[76.481012538000073,25.91536854900005],[76.484612497000057,25.915968425000074],[76.488012498000046,25.916868591000025],[76.490512511000077,25.917068550000067],[76.493012521000082,25.914968456000054],[76.493012521000082,25.912468445000059],[76.493612574000053,25.911168537000037],[76.494912658000032,25.910168567000028],[76.497012575000042,25.910568485000056],[76.500612535000073,25.913568569000063],[76.503612620000069,25.914568538000026],[76.507012621000058,25.914468559000056],[76.50991255100007,25.915668488000051],[76.513012613000058,25.919768520000048],[76.51361249100006,25.920568531000072],[76.516612573000032,25.924368450000031],[76.517712523000057,25.924768542000038],[76.521012545000076,25.923568439000064],[76.525512496000033,25.92296856300004],[76.526112548000071,25.92296856300004],[76.527412631000061,25.923768574000064],[76.528012507000085,25.924668563000068],[76.530212580000068,25.926368565000075],[76.533612582000046,25.932468536000044],[76.533812541000032,25.93366846400005],[76.532812572000068,25.937668518000066],[76.533912519000069,25.939868592000039],[76.535012645000052,25.940268510000067],[76.537112563000051,25.940068550000035],[76.540212626000084,25.939468498000053],[76.541712493000034,25.939868592000039],[76.54301257700007,25.940868561000059],[76.543712608000078,25.941768551000052],[76.548412516000042,25.946868553000058],[76.548812610000084,25.949368565000043],[76.551212642000053,25.954468567000049],[76.55271250800007,25.956368527000052],[76.55401259100006,25.957768590000057],[76.555112540000039,25.958268486000065],[76.559312552000051,25.959068497000032],[76.567412640000043,25.963368488000071],[76.570612506000032,25.966368573000068],[76.57231250600006,25.969068543000049],[76.575112632000071,25.972268586000041],[76.57621258100005,25.974168546000044],[76.576912612000058,25.976468422000039],[76.576712653000072,25.977568547000033],[76.574212642000077,25.985768437000047],[76.573612591000085,25.988468583000042],[76.568512587000043,25.998068537000051],[76.566612629000076,26.000568547000057],[76.566612629000076,26.002568487000076],[76.56751261900007,26.003168538000068],[76.569612536000079,26.004268487000047],[76.575112632000071,26.005468591000067],[76.581312584000045,26.008068582000078],[76.585512597000047,26.009368489000053],[76.586412586000051,26.009968540000045],[76.587912628000083,26.01236857300006],[76.588812618000077,26.019768452000051],[76.587212596000029,26.021968526000023],[76.581812656000068,26.028068497000049],[76.580912491000049,26.031468499000027],[76.581712501000084,26.041168432000063],[76.581312583000056,26.043068567000034],[76.58011265600004,26.050768559000062],[76.579712562000054,26.05186850900003],[76.580012500000066,26.056268480000028],[76.581312584000045,26.058968450000066],[76.584112533000052,26.062168494000048],[76.589012577000062,26.065568495000036],[76.591612567000084,26.066868579000072],[76.595212528000047,26.069668528000022],[76.597112487000061,26.069868487000065],[76.603512573000046,26.073068529000068],[76.603712532000031,26.07366858000006],[76.606312523000042,26.075868479000064],[76.607312492000062,26.077768438000078],[76.606312523000042,26.079868532000035],[76.609312607000049,26.083668451000051],[76.610612515000071,26.084068544000047],[76.613812557000074,26.086068483000076],[76.617812611000033,26.087768485000026],[76.618912560000069,26.088568494000071],[76.624012563000065,26.094468509000023],[76.624112541000045,26.095368498000028],[76.624912551000079,26.097668550000037],[76.628612492000059,26.104268595000065],[76.629512658000067,26.106368513000064],[76.629512658000067,26.107368483000073],[76.627212604000078,26.112268527000026],[76.626012501000048,26.112268526000037],[76.62281263300008,26.113468455000032],[76.621112633000052,26.114268466000055],[76.619712570000047,26.115568549000045],[76.614912505000063,26.122268573000042],[76.613612599000078,26.122068438000042],[76.612612629000068,26.123468500000058],[76.609412586000076,26.125768553000057],[76.604812656000036,26.127368575000048],[76.602512604000083,26.126968482000052],[76.592212619000065,26.118468477000079],[76.581612521000068,26.110568526000066],[76.58011265500005,26.110768485000051],[76.579012531000046,26.112268527000026],[76.580412593000062,26.116068446000043],[76.580412593000062,26.117068591000077],[76.579812541000081,26.118368498000052],[76.573012538000057,26.120568571000035],[76.573012538000057,26.119768561000058],[76.572112549000053,26.119368468000062],[76.563012492000041,26.112068568000041],[76.561712585000066,26.112268527000026]]]},"properties":{"OBJECTID":7,"Reserve_Name_Std":"Ranthambore National Park","FIRST_SitRecID":18358,"FIRST_Region":"Asia","Country":"India","FIRST_NatName":"Ranthambore National Park and Tiger Reserve","FIRST_IntName":"Ranthambore National Park and Tiger Reserve","FIRST_SitLat":26.018317590300001,"FIRST_SitLong":76.516425876100001,"SUM_SitAreaKM2":274.09702743499997,"FIRST_KbaStatus":"confirmed","FIRST_KbaClass":"Global/Regional TBD","FIRST_IbaStatus":"confirmed","FIRST_LegacyKba":" ","FIRST_AzeStatus":" ","FIRST_LastUpdate":"2004","FIRST_Source":"Recieved from Partner in April 2011","FIRST_DelTxt":" ","Area_sqkm":274.03387178702093,"Reserve_ID":6,"Reserve_Name":"Ranthambore Tiger Reserve","State":"Rajasthan","Reserve_ID_1":6,"Baseline_Year":2006,"Year_2006":32,"Year_2010":31,"Year_2014":37,"Year_2018":53,"Year_2022":57,"Abs_Change":25,"Pct_Change":78.125,"AAGR":3.6741073797508901,"Notes":"Reserve_ID 5 intentionally unused (was Pench MH before consolidation)","OBJECTID_1":5,"Reserve_ID_12":null,"Reserve_Name_1":"Ranthambore Tiger Reserve","State_1":"Rajasthan","Landscape":"Semi-Arid","NP_Year":1980,"TR_Year":1973,"Area_sqkm_1":1765.5699999999999,"Forest_2021_sqkm":1360.3,"Forest_Pct":77.045939838125904,"Pop_2006":32,"Pop_2022":57,"Abs_Change_1":25,"Pct_Change_1":78.125,"AAGR_1":3.6741073797508901,"Density_2022":3.2284191507558502,"Rank_Growth":"4","Growth_Category":"High growth","Notes_1":"Project Tiger 1973 (pre-NP); NP status 1980","OBJECTID_1_1":5,"OBJECTID_1_12":null,"VALUE":6,"COUNT":304456,"AREA":274010400,"Elev_Min":214,"Elev_Max":509,"RANGE":295,"Elev_Mean":352.39799511259389,"Elev_StdDev":78.027792550515372,"SUM":107289684,"VARIETY":296,"MAJORITY":453,"MAJORITY_COUNT":2285,"MAJORITY_PERCENT":0.750500023,"MINORITY":509,"MINORITY_COUNT":1,"MINORITY_PERCENT":0.000300000014,"MEDIAN":351,"PCT90":458,"Terrain_Type":"Lowland floodplain (\u003c400m, flat)","Reserve_Name_Std_1":"Ranthambore National Park","State_12":null,"TR_Area_sqkm":1765.5699999999999,"VDF_2021":161.22999999999999,"MDF_2021":658.09000000000003,"OF_2021":540.98000000000002,"Total_Forest_2021":1360.3,"Pct_of_TR_2021":0.77049999999999996,"Forest_Change_sqkm":177.19999999999999,"OBJECTID_1_12_13":null,"Forest_Per_100km":77.045939838125932,"Shape_Length":0.78508150231154616,"Shape_Area":0.02471537279939125}}]}